lon,lat,elevation_m,slope_deg,aspect_deg,distance_to_stream_m,landcover_class,soil_erodibility_k,rusle_ls_factor,rusle_c_factor,rainfall_erosivity_r,soil_loss_tha_yr,label
93.284,25.410611,277.184,19.714,78.626,85.865,10,0.126,10.814,0.001,797.174,1.091,1
93.161583,24.993,186.161,29.547,118.565,572.437,10,0.126,10.175,0.001,1432.089,1.845,1
91.76589,26.17756,94.794,18.801,243.037,555.735,10,0.143,7.723,0.001,1573.357,0.631,1
91.939,26.109222,79.442,21.076,322.867,287.646,10,0.126,10.474,0.001,1648.719,2.181,1
93.312597,25.428597,363.943,7.964,164.621,435.955,10,0.123,4.254,0.001,786.279,0.412,1
93.10886,25.81756,200.124,15.411,147.679,527.76,50,0.126,9.327,0.01,814.405,9.579,1
93.025,25.139,605.797,11.509,56.051,409.802,10,0.126,3.138,0.001,1318.734,0.523,1
93.031917,25.148722,435.902,13.585,121.765,90.51,30,0.124,7.944,0.05,1286.762,63.707,1
92.73,24.95,61.733,1.719,300.468,444.33,10,0.123,0.684,0.001,1973.704,0.166,1
93.070778,25.179861,485.576,7.316,130.926,286.218,50,0.127,2.716,0.01,1162.542,4.02,1
92.055531,26.043267,251.879,20.728,1.199,372.084,10,0.126,8.723,0.001,1733.18,1.9,1
92.440222,26.108417,229.292,22.972,192.642,202.387,10,0.129,19.215,0.001,1619.061,4.01,1
92.452222,26.043583,336.605,23.522,241.947,28.622,10,0.124,11.993,0.001,1660.576,2.469,1
93.375972,25.454083,411.569,15.477,311.182,259.182,10,0.122,11.722,0.001,802.751,1.151,1
93.021611,25.214944,617.465,24.197,323.108,670.631,10,0.126,15.231,0.001,1137.418,2.177,1
92.440472,26.102167,325.329,12.645,287.709,263.88,10,0.126,3.54,0.001,1623.907,0.728,1
92.762778,26.172917,102.339,19.08,295.885,28.622,10,0.126,14.358,0.001,1368.656,2.48,1
93.011361,25.216944,476.519,27.616,321.126,487.412,10,0.124,24.031,0.001,1136.983,3.382,1
92.55506,24.79489,45.953,9.411,21.528,161.91,10,0.122,3.76,0.001,1611.761,0.739,1
93.2982,26.347417,303.867,9.925,36.143,121.432,10,0.124,3.423,0.001,1245.991,0.529,1
93.28,25.1,911.032,15.288,150.949,57.244,10,0.122,4.509,0.001,1235.706,0.684,1
92.69072,25.84992,459.386,20.053,304.529,546.819,10,0.127,6.344,0.001,1350.295,1.087,1
92.986944,25.10275,618.565,29.448,326.05,384.002,10,0.126,19.293,0.001,1454.25,3.527,1
92.63,24.54,46.603,3.611,332.237,485.728,10,0.128,0.701,0.001,1209.502,0.108,1
92.0355,26.0405,224.567,6.072,208.304,114.487,40,0.124,3.52,0.15,1724.068,112.436,1
91.734028,26.071556,309.007,20.394,312.122,145.943,10,0.122,8.549,0.001,1642.154,1.721,1
92.784825,25.513567,315.301,3.476,119.09,200.353,60,0.121,1.606,0.45,939.011,82.22,1
91.14528,26.20261,37.837,2.8,57.789,847.612,60,0.0,0.504,0.45,1861.987,0.0,1
90.605,26.061,58.059,17.232,165.063,667.57,10,0.121,10.742,0.001,1721.458,2.229,1
92.64,24.51,58.672,8.794,157.223,326.339,10,0.125,3.445,0.001,1178.698,0.507,1
90.5943,26.3848,80.878,34.011,109.419,903.743,30,0.12,30.68,0.05,2285.348,421.271,1
93.78861,26.34075,247.872,23.038,160.813,422.596,10,0.126,7.534,0.001,1241.785,1.167,1
93.018,25.156,592.852,12.339,204.676,489.927,10,0.129,5.324,0.01,1287.187,8.806,1
93.687,25.8465,175.678,19.096,158.658,587.271,10,0.125,5.969,0.001,772.34,0.58,1
92.892033,25.441734,619.71,5.489,327.505,515.987,10,0.127,1.207,0.001,948.01,0.145,1
93.256408,26.314964,364.951,9.295,103.815,263.88,10,0.123,3.7,0.001,1269.632,0.576,1
93.11522,25.67153,312.54,11.133,144.017,706.907,50,0.125,3.968,0.01,798.243,3.956,1
92.70402,26.93819,136.714,13.499,247.065,28.622,10,0.125,6.701,0.001,1766.67,1.48,1
94.34,26.6,139.575,2.165,144.398,28.622,10,0.125,0.476,0.001,1190.724,0.071,1
93.156,25.169,952.233,8.204,44.918,344.652,40,0.122,2.678,0.15,1152.439,56.635,1
92.76,24.97,20.452,4.335,206.767,64.0,10,0.124,2.232,0.001,1925.063,0.532,1
93.372194,25.405,421.948,11.038,307.458,320.002,10,0.124,7.613,0.001,827.464,0.783,1
92.3575,25.968083,639.803,26.367,129.256,595.582,10,0.125,11.718,0.05,1626.75,119.15,1
94.35,26.58,224.25,24.871,124.945,118.011,10,0.124,8.273,0.001,1159.279,1.19,1
93.423944,25.444306,401.877,21.564,352.856,320.002,10,0.124,10.775,0.001,865.042,1.155,1
93.267639,26.32685,313.37,14.505,64.339,291.887,10,0.122,8.636,0.001,1268.856,1.339,1
91.908944,26.110056,92.804,27.898,94.841,550.552,10,0.127,12.54,0.001,1633.142,2.608,1
93.25,25.21,1206.744,19.437,217.884,309.592,10,0.122,6.102,0.001,1053.595,0.787,1
92.978048,25.108759,445.536,15.084,341.551,385.067,10,0.125,4.433,0.001,1451.609,0.806,1
93.31,25.21,862.431,22.887,13.174,85.865,10,0.124,15.302,0.001,1027.558,1.948,1
93.390444,25.402472,461.435,30.369,10.099,230.757,10,0.125,18.299,0.001,850.567,1.94,1
92.634,26.9693,133.499,18.069,102.837,28.622,60,0.126,7.348,0.45,1748.313,730.59,1
93.138889,25.204556,598.645,15.566,157.086,648.902,30,0.125,11.808,0.05,1067.058,78.662,1
91.806472,26.19025,89.433,21.378,350.167,85.865,50,0.194,13.077,0.01,1570.185,37.28,1
94.36,26.55,173.432,12.151,130.574,128.001,10,0.124,3.364,0.001,1123.534,0.47,1
92.63363,26.97013,136.832,13.949,327.069,40.477,10,0.127,4.013,0.45,1747.954,399.298,1
93.404583,25.436861,379.537,17.559,12.316,28.622,10,0.123,5.372,0.001,846.9,0.555,1
92.985022,25.423438,258.838,22.235,218.833,283.342,10,0.125,12.556,0.001,905.018,1.422,1
92.356917,25.96667,661.521,13.126,89.868,729.716,10,0.126,4.9,0.001,1623.039,0.997,1
91.765639,26.195306,87.057,14.409,126.323,445.251,50,0.139,4.182,0.01,1566.593,7.521,1
92.86881,25.11219,221.645,19.512,297.784,485.728,30,0.123,9.515,0.01,1543.3,18.124,1
94.35,26.6,181.344,7.559,40.111,128.001,10,0.124,4.673,0.001,1182.015,0.687,1
93.11244,26.57455,120.477,30.646,2.322,373.183,10,0.13,18.495,0.001,1572.282,3.779,1
93.405944,25.435639,400.201,18.782,34.467,154.133,10,0.12,7.714,0.001,849.014,0.789,1
93.403639,25.437111,368.621,7.9,349.624,28.622,10,0.123,4.441,0.001,845.552,0.46,1
92.90381,24.72192,35.657,15.286,159.376,103.197,10,0.126,5.949,0.001,1436.885,1.076,1
92.45,24.99,14.277,0.364,186.151,435.955,40,0.122,0.091,0.15,2167.219,3.609,1
93.369417,25.423861,392.657,20.556,177.404,121.432,10,0.124,8.634,0.001,812.915,0.867,1
93.3,25.19,749.109,39.009,336.346,28.622,10,0.121,13.974,0.001,1068.798,1.806,1
92.64714,25.90692,316.63,16.041,303.795,28.622,10,0.123,8.343,0.001,1426.043,1.463,1
92.801722,25.056611,109.708,25.304,326.323,183.269,10,0.126,21.626,0.001,1830.094,4.999,1
93.040194,25.164,441.041,7.129,137.269,242.864,10,0.126,1.693,0.001,1239.718,0.264,1
92.56,24.44,28.802,0.36,252.908,171.731,40,0.125,0.076,0.15,1078.266,1.54,1
93.28,25.24,951.959,11.292,200.835,28.622,10,0.123,7.839,0.05,981.884,47.184,1
93.29,25.23,955.645,23.411,268.488,118.011,10,0.122,10.139,0.001,1005.401,1.242,1
91.79028,26.19167,90.952,14.952,218.514,259.182,50,0.0,4.384,0.01,1568.995,0.0,1
93.7417,26.3478,216.456,31.185,154.423,85.865,10,0.127,10.842,0.001,1326.698,1.832,1
92.66,24.96,35.052,12.046,130.442,590.054,10,0.124,4.39,0.001,2143.434,1.164,1
93.122,25.201,603.915,16.67,244.391,244.545,30,0.125,5.031,0.05,1075.696,33.908,1
92.795536,25.063378,253.536,21.256,132.822,309.592,10,0.126,17.458,0.001,1819.087,3.983,1
92.98,24.96,60.418,35.453,345.946,64.0,10,0.126,16.58,0.001,1508.525,3.164,1
93.132,25.404,267.233,15.775,294.183,171.731,10,0.128,7.281,0.001,831.698,0.775,1
92.305361,25.946611,567.553,19.748,311.927,401.726,10,0.125,13.556,0.001,1563.407,2.649,1
91.837833,26.115139,150.711,20.537,324.552,457.949,10,0.127,8.624,0.001,1600.271,1.975,1
93.34,25.22,1289.996,19.011,9.474,518.363,10,0.124,15.192,0.001,989.588,1.863,1
93.026222,25.1775,473.942,13.367,163.301,326.339,10,0.126,8.277,0.001,1224.663,1.278,1
92.70757,26.93362,142.234,9.771,242.003,465.93,10,0.126,2.543,0.001,1769.424,0.568,1
93.16261,24.99561,201.582,21.059,83.664,515.987,10,0.127,6.742,0.001,1431.189,1.225,1
93.275722,26.307972,423.298,5.216,160.911,0.0,30,0.124,2.891,0.001,1219.422,0.436,1
93.121,25.208,667.247,17.147,180.955,668.183,30,0.128,10.675,0.05,1058.994,72.158,1
92.49736,24.65939,29.924,4.173,259.167,208.37,10,0.123,0.846,0.001,1370.546,0.143,1
93.56682,25.84512,251.959,10.43,294.015,680.333,10,0.123,7.079,0.001,781.873,0.681,1
92.032667,26.080139,189.272,16.474,20.008,28.622,10,0.124,6.54,0.001,1707.29,1.386,1
93.547361,26.59416,152.846,14.696,124.431,271.53,10,0.129,10.976,0.001,1702.898,2.401,1
92.88075,25.109417,273.789,13.409,357.861,546.819,10,0.125,9.767,0.05,1545.137,94.118,1
92.441222,26.113639,197.313,19.319,265.89,181.02,10,0.13,7.99,0.001,1613.87,1.673,1
92.48225,26.016389,247.428,33.115,249.604,80.955,10,0.128,11.624,0.001,1634.064,2.43,1
93.284222,25.416056,264.744,18.334,250.553,161.91,10,0.129,10.796,0.05,793.932,55.312,1
92.84,24.62,30.496,13.57,111.621,555.735,10,0.126,6.746,0.001,1429.285,1.216,1
93.067,25.155,503.974,20.576,277.978,154.133,10,0.124,11.406,0.001,1226.696,1.738,1
93.020417,25.175056,579.205,33.191,92.794,568.127,10,0.129,18.087,0.001,1238.467,3.006,1
92.69042,25.84967,462.658,16.11,11.7,546.819,10,0.127,9.172,0.001,1350.75,1.571,1
92.7678,26.92216,135.258,7.449,124.202,0.0,10,0.127,4.586,0.001,1753.689,1.026,1
93.45331,25.84444,192.67,11.405,33.928,469.433,10,0.124,4.814,0.001,847.488,0.508,1
93.390611,25.263528,839.654,35.986,244.114,145.943,10,0.123,19.83,0.001,887.418,2.172,1
92.59267,25.965731,111.083,16.79,298.769,202.387,10,0.127,7.879,0.001,1515.484,1.512,1
92.78931,25.04783,101.634,27.066,145.012,80.955,10,0.126,17.446,0.001,1898.756,4.172,1
93.04,25.137,635.414,13.644,210.217,445.251,10,0.125,3.901,0.001,1304.475,0.635,1
93.225389,26.302944,242.513,14.84,249.804,28.622,10,0.126,11.113,0.001,1308.836,1.827,1
92.778753,25.034948,80.341,34.072,289.242,64.0,10,0.125,15.848,0.001,1973.303,3.898,1
93.03325,25.232972,551.684,20.7,259.862,358.63,10,0.124,12.565,0.001,1074.757,1.679,1
91.684167,26.211111,56.165,9.952,256.514,28.622,50,0.127,5.331,0.01,1557.223,10.544,1
92.50083,25.98736,107.914,25.831,86.326,114.487,10,0.13,11.431,0.001,1613.053,2.387,1
92.84,24.53,29.19,0.191,123.34,28.622,40,0.128,0.024,0.15,1409.725,0.646,1
93.34,25.23,1299.404,18.855,181.975,563.785,10,0.123,12.029,0.001,973.036,1.445,1
93.003,25.108,538.352,10.624,72.936,0.0,10,0.127,7.248,0.001,1420.948,1.3,1
92.77163,26.9174,109.137,8.064,184.813,28.622,10,0.127,3.081,0.001,1756.688,0.686,1
91.963222,26.205583,74.837,27.348,115.435,206.395,10,0.126,16.157,0.001,1612.811,3.27,1
93.410417,25.394111,494.604,18.275,95.379,28.622,30,0.124,8.765,0.05,879.398,47.803,1
92.818091,25.320232,1010.388,7.828,152.391,344.652,10,0.126,4.89,0.001,1003.343,0.619,1
92.76755,26.9231,145.831,12.369,134.798,64.0,10,0.128,8.809,0.001,1753.083,1.976,1
93.424694,25.444194,419.757,31.59,349.85,316.138,10,0.124,19.163,0.001,866.206,2.055,1
92.800333,25.054917,113.647,39.442,265.738,206.395,10,0.126,21.948,0.001,1841.203,5.097,1
92.998778,25.110111,551.711,27.349,329.649,308.267,10,0.126,17.666,0.001,1421.432,3.154,1
93.116139,25.176389,561.462,16.376,24.109,40.477,10,0.127,4.919,0.001,1134.45,0.712,1
93.47616,26.59041,125.283,11.921,155.695,515.987,10,0.13,5.094,0.001,1602.054,1.062,1
91.4,25.91,56.5,0.0,270.0,0.0,80,0.0,0.0,0.0,1800.71,0.0,1
93.371194,25.453528,437.333,29.735,2.925,549.807,10,0.123,15.909,0.001,797.327,1.569,1
93.25,25.2,1189.272,24.708,354.95,166.892,10,0.124,8.207,0.001,1077.719,1.103,1
92.75482,25.010379,98.859,10.618,301.054,192.001,10,0.123,2.83,0.001,1998.974,0.697,1
92.990267,25.395431,393.972,26.098,46.343,635.508,10,0.122,22.45,0.001,908.977,2.491,1
92.72558,25.85992,138.752,20.168,211.721,103.197,10,0.129,16.355,0.001,1293.452,2.737,1
92.920333,25.108778,264.978,17.24,282.175,381.863,10,0.126,6.926,0.001,1524.384,1.327,1
92.794514,25.072636,449.292,38.752,100.259,715.546,30,0.126,24.155,0.001,1783.367,5.419,1
92.70308,26.93641,134.664,13.307,120.855,28.622,10,0.125,4.986,0.001,1768.762,1.102,1
93.04,25.135,619.578,14.387,265.668,281.892,10,0.124,10.684,0.001,1309.429,1.732,1
92.091028,26.112083,64.797,13.013,273.271,57.244,10,0.125,4.846,0.001,1702.456,1.033,1
92.266083,26.013528,373.166,23.459,315.941,409.802,10,0.125,10.164,0.001,1716.515,2.189,1
92.038694,26.153556,76.694,16.796,299.916,462.4,10,0.127,5.079,0.001,1663.428,1.073,1
92.929125,25.108877,253.257,19.287,351.13,425.494,50,0.125,11.504,0.01,1513.339,21.726,1
91.938306,26.129583,91.822,21.001,264.694,543.061,10,0.127,10.427,0.001,1640.49,2.177,1
92.472778,26.031528,249.843,26.895,212.817,286.218,10,0.127,12.001,0.001,1644.894,2.513,1
93.253194,25.278917,878.218,31.033,139.605,486.571,30,0.124,14.224,0.001,888.449,1.576,1
94.35,26.57,184.321,16.066,59.857,161.91,10,0.123,4.802,0.001,1147.785,0.679,1
92.002611,26.171972,76.648,1.626,335.607,244.545,10,0.128,0.249,0.001,1643.857,0.052,1
93.120556,25.18725,650.001,10.317,275.557,658.924,10,0.125,2.727,0.001,1108.477,0.378,1
91.74056,26.13611,87.807,28.962,23.098,344.652,10,0.128,17.301,0.001,1591.398,3.713,1
93.421444,25.443417,411.168,24.966,347.947,114.487,10,0.124,8.312,0.001,862.958,0.888,1
91.78917,26.10711,74.797,17.959,91.42,291.887,10,0.159,8.576,0.001,1601.445,2.698,1
94.36,26.56,194.544,14.021,178.692,320.002,10,0.125,6.268,0.001,1135.072,0.887,1
91.79264,26.15428,73.139,11.684,263.292,404.774,50,0.0,5.571,0.01,1583.392,0.0,1
92.904278,25.124306,262.387,13.591,133.672,118.011,10,0.123,9.936,0.001,1485.91,1.819,1
92.57369,25.85544,453.097,23.487,317.848,298.821,10,0.122,10.179,0.001,1528.654,1.894,1
93.409528,25.264056,842.766,37.142,173.871,217.977,10,0.125,17.468,0.001,876.615,1.906,1
93.033,24.97692,171.172,19.195,338.745,433.127,10,0.125,15.376,0.001,1466.543,2.818,1
92.75,24.98,28.811,5.032,25.979,200.353,10,0.124,1.423,0.001,1966.599,0.347,1
92.79725,25.049444,104.286,32.629,350.83,145.943,10,0.126,29.25,0.001,1871.549,6.9,1
93.034,25.137,644.036,23.03,263.876,416.74,10,0.124,13.112,0.001,1312.088,2.123,1
93.362583,25.438694,367.23,19.761,91.188,57.244,10,0.124,8.22,0.001,796.097,0.806,1
93.371306,25.420278,407.596,19.633,247.64,103.197,10,0.124,8.153,0.001,817.418,0.826,1
93.002,25.107,589.066,34.82,60.039,57.244,10,0.127,19.106,0.001,1424.512,3.455,1
92.987917,25.110778,477.797,16.844,271.477,326.339,10,0.125,6.726,0.001,1433.968,1.203,1
91.71444,26.1625,69.226,13.345,315.697,246.214,10,0.0,9.707,0.001,1580.156,1.36,1
93.025833,25.150694,666.168,19.013,54.444,717.832,50,0.127,7.833,0.01,1289.783,12.84,1
92.75933,26.92088,145.22,15.472,77.602,57.244,10,0.127,4.578,0.001,1758.715,1.022,1
91.714806,26.166583,124.631,23.328,180.437,246.214,10,0.127,14.564,0.001,1576.87,2.919,1
92.55003,25.81175,502.222,29.244,147.137,103.197,10,0.124,13.263,0.001,1497.739,2.458,1
92.354778,25.977194,564.312,20.752,266.566,28.622,10,0.123,11.528,0.001,1644.892,2.324,1
92.96,24.98,167.99,30.802,295.315,445.251,10,0.125,14.1,0.001,1564.188,2.75,1
92.441028,26.117111,184.823,23.338,335.39,202.387,10,0.129,10.1,0.001,1610.867,2.097,1
93.016722,25.199722,423.09,27.058,354.03,314.84,10,0.124,19.953,0.001,1184.357,2.955,1
93.10008,26.57719,79.742,4.009,233.753,660.786,10,0.126,0.803,0.001,1576.807,0.159,1
92.55422,25.81428,482.976,18.337,40.801,230.757,10,0.122,7.485,0.001,1508.674,1.375,1
92.795906,25.061375,259.513,24.942,73.018,507.18,10,0.126,8.302,0.001,1826.776,1.91,1
93.48408,26.60275,106.35,4.012,211.493,348.2,10,0.131,2.057,0.001,1597.416,0.43,1
93.222861,25.224278,608.77,17.049,270.772,28.622,10,0.125,13.248,0.001,1019.54,1.686,1
92.789667,25.046444,96.696,31.171,319.803,64.0,10,0.125,26.096,0.001,1904.337,6.221,1
93.404444,25.4375,373.521,7.642,142.812,28.622,10,0.123,3.224,0.001,846.257,0.334,1
92.75,24.99,151.205,28.136,253.895,309.592,30,0.123,9.6,0.05,1981.727,116.667,1
93.58616,25.81044,197.033,2.415,2.604,270.018,10,0.126,0.416,0.001,746.413,0.039,1
92.809603,25.257696,1176.089,3.464,134.569,866.254,10,0.123,0.664,0.001,1170.424,0.096,1
93.045,25.134,664.123,10.42,333.466,145.943,10,0.124,2.762,0.001,1305.381,0.449,1
94.37,26.54,186.367,9.627,332.479,181.02,10,0.127,2.495,0.001,1134.021,0.358,1
93.252972,25.278472,853.83,27.388,138.248,429.327,10,0.126,16.185,0.001,889.686,1.802,1
92.273056,26.036583,199.051,8.552,184.392,161.91,10,0.128,3.323,0.001,1769.354,0.755,1
93.12,25.387,309.532,26.013,47.783,617.86,50,0.126,11.528,0.01,840.089,12.175,1
91.62275,26.105806,69.714,30.328,319.258,271.53,10,0.124,13.846,0.001,1652.876,2.85,1
93.28166,26.5235,90.571,28.593,152.717,166.892,10,0.128,15.188,0.001,1504.41,2.919,1
92.27525,26.042139,146.943,27.407,100.911,384.002,30,0.127,14.437,0.05,1765.618,162.972,1
93.257722,25.362583,385.048,16.953,118.401,90.51,10,0.125,5.139,0.001,825.969,0.531,1
93.003944,25.171889,737.892,14.841,128.982,527.76,10,0.127,5.729,0.001,1266.922,0.925,1
92.907383,25.441757,574.039,13.558,51.395,489.09,10,0.127,5.106,0.001,939.912,0.606,1
91.803611,26.191667,82.161,19.833,145.45,85.865,10,0.271,9.711,0.01,1569.493,32.799,1
93.04925,26.56111,106.633,26.363,28.736,90.51,10,0.129,22.727,0.001,1604.077,4.719,1
92.440944,26.118167,167.868,17.924,119.155,206.395,10,0.129,11.288,0.001,1610.009,2.343,1
93.363944,25.4255,382.224,9.325,212.374,114.487,10,0.124,2.394,0.001,805.592,0.238,1
93.226,25.189,1467.747,24.42,30.966,619.185,10,0.122,8.091,0.001,1104.285,1.092,1
93.104,25.186,513.98,5.454,256.391,40.477,40,0.125,3.063,0.05,1111.548,21.286,1
92.63,24.53,24.284,8.231,298.423,263.88,40,0.128,5.217,0.15,1194.687,119.114,1
93.211833,26.297306,134.403,17.589,216.121,28.622,10,0.126,5.383,0.001,1325.749,0.9,1
93.125639,25.184528,630.73,19.814,25.763,479.789,10,0.125,15.998,0.001,1115.287,2.229,1
92.74,24.55,45.183,5.257,353.657,487.412,10,0.126,1.141,0.001,1338.937,0.193,1
93.022778,25.155722,620.2,19.564,26.458,612.534,10,0.127,6.152,0.001,1281.644,0.999,1
91.80111,26.18917,72.816,14.557,235.453,57.244,50,0.375,6.575,0.01,1570.392,25.618,1
93.059,25.204,563.362,22.282,136.113,121.432,10,0.127,9.54,0.001,1119.82,1.36,1
93.062,25.157,502.13,21.809,85.913,154.133,30,0.125,9.291,0.05,1228.524,71.465,1
93.001,25.106,681.198,32.787,344.371,145.943,10,0.128,15.164,0.001,1428.439,2.756,1
92.54775,25.82528,460.641,10.168,17.936,28.622,10,0.123,2.676,0.001,1526.811,0.505,1
92.45372222,24.78002778,39.616,16.551,165.95,572.437,10,0.124,8.681,0.001,1570.507,1.689,1
92.60367,25.95386,307.914,17.519,55.803,670.631,10,0.131,5.356,0.001,1500.203,1.047,1
92.778653,25.41616,955.697,12.252,355.333,376.461,10,0.126,3.4,0.001,968.039,0.415,1
92.95379,25.078935,1086.815,30.704,277.238,692.27,10,0.126,16.521,0.001,1553.627,3.237,1
92.82826,25.40837,888.18,33.047,134.507,544.567,10,0.123,17.997,0.001,977.719,2.173,1
92.958944,25.088389,973.174,29.005,176.786,489.09,10,0.124,25.479,0.001,1524.192,4.799,1
93.04,25.136,618.351,11.58,251.945,389.299,10,0.124,8.096,0.001,1306.952,1.314,1
93.78208,26.34838,226.309,9.641,5.966,28.622,10,0.124,3.298,0.001,1269.999,0.52,1
93.7399,26.3477,184.928,26.426,202.726,40.477,10,0.128,13.818,0.001,1328.55,2.338,1
93.78091,26.34938,226.195,7.527,29.031,0.0,10,0.124,4.648,0.001,1274.234,0.738,1
92.43875,26.096722,336.106,30.288,154.992,270.018,10,0.125,16.259,0.001,1630.214,3.313,1
92.544,25.82108,456.966,8.856,63.074,28.622,10,0.122,2.24,0.001,1512.016,0.414,1
93.29,25.22,878.946,5.075,149.626,0.0,40,0.123,2.79,0.15,1024.533,52.942,1
91.77411,26.15478,102.974,15.116,55.275,507.18,10,0.156,7.738,0.01,1582.505,17.16,1
92.55,24.43,34.101,3.41,356.471,228.975,10,0.125,1.01,0.001,1070.204,0.135,1
91.72798139,26.1505375,75.72,23.684,121.659,401.726,10,0.208,19.948,0.01,1584.764,51.066,1
92.440944,26.043611,452.833,29.951,165.962,309.592,10,0.123,13.643,0.001,1672.077,2.81,1
92.440889,26.103028,312.607,12.518,323.916,174.1,10,0.127,3.495,0.001,1622.964,0.721,1
92.341333,25.961444,540.299,10.532,78.214,28.622,60,0.124,7.167,0.05,1600.574,71.409,1
93.364417,25.447528,389.678,27.585,339.073,143.109,10,0.122,17.848,0.001,792.913,1.732,1
93.031472,25.106389,1387.343,53.141,27.316,670.631,10,0.121,29.623,0.001,1389.033,4.964,1
92.893167,25.109889,274.93,15.527,323.582,465.93,30,0.124,7.136,0.001,1536.265,1.361,1
93.47147,26.51925,148.756,18.469,322.746,57.244,10,0.129,7.553,0.001,1636.58,1.595,1
92.51753,25.95931,96.234,31.181,95.947,118.011,10,0.129,27.746,0.001,1593.922,5.682,1
92.463967,25.029708,96.595,33.623,338.693,192.001,10,0.126,11.83,0.001,2313.937,3.429,1
92.274028,26.022833,286.794,18.656,321.998,257.596,10,0.128,7.649,0.001,1738.84,1.687,1
93.431444,25.443639,445.296,13.014,278.247,562.33,10,0.123,9.401,0.001,874.602,1.014,1
93.018583,25.196694,436.41,27.715,55.455,64.0,10,0.125,21.662,0.001,1188.631,3.219,1
92.780417,25.0365,73.116,22.902,263.951,0.0,10,0.126,19.143,0.001,1968.267,4.725,1
91.76083,26.17806,59.464,10.49,347.363,309.592,10,0.0,4.323,0.001,1572.978,0.0,1
92.56,24.31,45.194,3.009,247.425,145.943,10,0.128,0.553,0.001,936.356,0.066,1
93.392194,25.4025,454.021,17.395,19.507,103.197,10,0.124,13.588,0.001,852.926,1.444,1
91.787167,26.1895,71.014,16.423,353.667,90.51,50,0.0,6.515,0.01,1569.675,0.0,1
92.474833,25.809417,722.123,32.09,113.862,230.757,10,0.124,19.517,0.001,1400.159,3.384,1
93.016083,25.157361,649.497,27.391,191.205,625.11,10,0.129,12.268,0.001,1286.009,1.235,1
92.474139,26.030972,239.058,13.172,211.822,174.1,10,0.127,4.922,0.001,1643.363,1.031,1
93.425528,25.444167,413.538,28.15,22.769,335.01,10,0.124,16.725,0.001,867.217,1.795,1
93.296111,25.282861,744.233,26.371,347.513,429.327,10,0.124,16.908,0.001,879.227,1.837,1
91.780556,26.195528,169.539,20.726,150.586,708.643,10,0.131,6.611,0.001,1567.044,1.413,1
92.70455,26.93597,150.717,19.781,281.22,90.51,10,0.125,6.237,0.001,1768.617,1.381,1
92.61514,25.84494,324.756,17.068,301.448,40.477,10,0.124,6.839,0.001,1474.851,1.254,1
92.52,25.02,78.668,3.96,224.94,404.774,10,0.125,2.022,0.001,2326.841,0.589,1
93.29,25.17,688.533,36.724,286.177,28.622,10,0.124,24.885,0.001,1109.597,3.413,1
93.4065,25.436528,389.3,15.076,81.207,85.865,10,0.121,4.43,0.001,849.229,0.455,1
91.7501,26.13442,90.066,17.059,143.912,202.387,50,0.0,6.835,0.01,1589.603,0.0,1
92.806833,25.061417,149.767,29.323,294.401,154.133,60,0.126,10.084,0.45,1797.692,1030.641,1
91.86497,26.20536,70.447,26.68,317.899,174.1,10,0.126,13.978,0.001,1574.133,2.786,1
92.135144,26.094578,83.708,24.873,237.274,366.538,30,0.126,10.918,0.001,1718.89,2.374,1
92.47375,26.031583,261.738,28.392,150.313,271.53,10,0.127,12.805,0.001,1644.011,2.682,1
92.69303,24.51131,36.757,7.561,4.508,114.487,10,0.125,1.826,0.001,1234.205,0.281,1
92.462214,25.032989,67.359,36.02,236.448,121.432,10,0.125,19.851,0.001,2324.017,5.755,1
90.298,26.198,35.845,16.053,182.394,263.88,30,0.125,9.131,0.05,2020.843,115.151,1
93.192,25.189,792.794,15.059,52.717,202.387,10,0.127,7.702,0.001,1104.24,1.077,1
92.75,25.01,38.068,6.857,324.489,80.955,80,0.123,2.124,0.001,2010.852,0.526,1
93.349889,25.437722,391.113,13.844,91.247,448.002,10,0.123,5.244,0.001,781.542,0.502,1
92.73966,26.92666,160.375,20.122,215.821,128.001,10,0.125,8.407,0.001,1761.955,1.846,1
90.5499,26.3733,56.504,4.755,346.005,612.534,10,0.121,2.564,0.001,2265.154,0.701,1
92.885543,25.107546,266.421,10.667,62.696,286.218,10,0.124,7.286,0.001,1547.914,1.4,1
92.52,24.46,104.195,8.203,221.928,287.646,10,0.125,2.029,0.001,1109.013,0.282,1
92.64739,24.73117,29.631,14.004,317.705,412.79,10,0.124,8.784,0.001,1548.611,1.681,1
92.450778,26.045806,422.109,33.633,125.713,242.864,10,0.124,20.604,0.001,1660.148,4.246,1
93.030972,25.146778,460.978,31.413,97.915,128.001,30,0.124,22.39,0.05,1292.546,179.623,1
92.6,24.99,82.666,2.809,194.582,630.33,10,0.124,0.506,0.001,2288.838,0.143,1
93.72997,25.95514,174.213,7.013,8.624,675.499,30,0.128,2.187,0.001,795.812,0.223,1
93.013111,25.2185,490.869,30.255,302.887,281.892,10,0.123,16.238,0.001,1131.202,2.261,1
93.11297,26.57463,95.955,28.93,20.894,354.032,10,0.13,9.924,0.001,1572.181,2.028,1
92.92,24.96,33.231,0.526,89.58,28.622,10,0.125,0.076,0.001,1585.553,0.015,1
93.126,25.206,778.069,20.452,223.416,762.115,10,0.126,10.09,0.001,1063.949,1.359,1
93.03289,24.97228,159.547,3.766,137.509,710.951,10,0.125,0.74,0.001,1459.562,0.136,1
93.369722,25.423806,388.23,8.421,171.066,143.109,10,0.124,5.374,0.001,813.252,0.54,1
92.781889,25.039722,85.575,31.548,351.099,103.197,10,0.126,23.934,0.001,1951.886,5.891,1
93.354197,25.439372,398.01,11.719,283.185,696.399,10,0.122,3.212,0.001,785.526,0.308,1
93.192,25.191,774.93,16.454,14.673,145.943,10,0.127,6.53,0.001,1099.292,0.911,1
93.155,25.169,954.386,14.383,14.495,458.843,10,0.122,10.481,0.001,1152.438,1.479,1
91.917611,26.159333,109.138,21.04,286.861,40.477,10,0.128,6.735,0.001,1618.57,1.395,1
93.225694,26.303333,241.058,3.353,81.296,85.865,10,0.125,1.629,0.001,1309.195,0.268,1
93.020167,25.175972,580.182,20.44,57.068,601.058,30,0.129,16.631,0.05,1236.353,134.413,1
93.364444,25.425611,384.159,17.015,173.611,118.011,10,0.124,8.012,0.001,806.266,0.799,1
93.68312,25.84541,170.022,14.411,263.619,217.977,10,0.126,5.519,0.001,769.061,0.538,1
93.033444,25.232306,559.49,27.587,244.388,326.339,10,0.124,9.377,0.001,1076.188,1.256,1
92.28997,24.70619,37.934,15.384,140.455,103.197,10,0.127,7.913,0.001,1489.447,1.493,1
92.75,24.51,140.557,9.69,354.805,281.892,10,0.127,2.516,0.001,1290.967,0.412,1
92.82053,25.336054,1013.268,13.362,77.654,562.33,30,0.124,3.799,0.05,998.786,23.531,1
92.69203,25.8515,460.22,26.383,312.093,444.33,10,0.127,13.791,0.001,1348.509,2.357,1
91.853889,26.112667,201.118,28.587,287.439,335.01,10,0.127,9.784,0.001,1604.187,1.997,1
92.70369,26.9358,126.544,8.854,299.461,28.622,10,0.125,5.626,0.001,1768.998,1.245,1
93.33,25.18,860.847,32.597,84.41,85.865,10,0.124,27.49,0.001,1064.766,3.635,1
93.017194,25.157139,641.013,32.962,186.11,640.003,10,0.129,25.182,0.001,1285.178,4.21,1
92.915028,25.121,301.823,8.673,164.594,166.892,10,0.125,2.181,0.001,1489.207,0.405,1
93.334056,25.328139,552.405,16.879,143.191,28.622,10,0.124,5.111,0.001,846.106,0.536,1
93.020389,25.140417,712.038,23.452,140.582,701.673,10,0.129,11.95,0.001,1321.438,2.028,1
92.70336,26.93855,134.962,8.484,100.743,0.0,10,0.125,5.426,0.001,1766.679,1.201,1
93.66297,26.57447,197.865,12.132,51.889,515.987,10,0.127,5.21,0.001,1823.428,1.204,1
93.402944,25.436694,371.256,8.718,320.344,28.622,10,0.123,3.407,0.001,845.031,0.352,1
92.52258,25.75933,711.503,15.346,27.104,145.943,10,0.125,5.978,0.001,1341.032,1.003,1
92.928861,25.108972,249.291,20.6,348.913,398.656,50,0.125,12.489,0.01,1513.701,23.592,1
91.24,25.79,780.395,2.729,141.974,452.551,30,0.121,0.487,0.05,1538.168,4.533,1
92.497361,24.659389,29.924,4.173,259.167,208.37,10,0.123,0.846,0.001,1370.546,0.143,1
93.133,25.405,299.458,22.676,272.147,246.214,30,0.126,7.388,0.001,831.038,0.781,1
92.693028,24.511306,36.757,7.561,4.508,114.487,10,0.125,1.826,0.001,1234.205,0.281,1
92.475,26.024167,215.695,25.117,229.433,103.197,10,0.129,11.048,0.001,1642.343,2.334,1
90.48,26.394,61.199,12.558,125.113,90.51,10,0.119,7.185,0.001,2335.868,1.997,1
92.4595,26.039194,310.444,28.642,168.766,183.269,10,0.125,12.94,0.001,1656.712,2.687,1
93.406528,26.056083,207.398,25.471,166.454,114.487,10,0.122,14.828,0.001,1069.084,1.946,1
93.29,25.07,338.716,22.621,198.177,333.785,10,0.126,18.854,0.001,1279.775,3.031,1
91.764222,26.192444,91.165,11.573,114.326,778.598,10,0.0,5.503,0.001,1567.635,0.0,1
93.014,25.118,625.077,14.922,318.291,0.0,10,0.125,11.191,0.001,1383.282,1.949,1
93.066,25.157,485.055,23.717,261.011,121.432,10,0.124,12.115,0.001,1223.449,1.842,1
93.158,25.145,1289.7,24.83,38.982,507.18,10,0.125,12.813,0.001,1209.348,1.936,1
91.921889,26.158639,111.38,7.778,150.643,435.955,10,0.128,2.5,0.001,1621.04,0.52,1
92.271861,26.03275,153.052,26.366,336.566,28.622,10,0.129,22.306,0.001,1762.173,5.076,1
92.991363,25.106956,592.973,31.668,53.712,270.018,10,0.128,14.564,0.05,1438.906,133.39,1
91.78672,26.17672,76.928,25.294,322.33,398.656,10,0.0,13.105,0.001,1574.527,0.0,1
92.632833,26.972889,137.126,17.877,247.217,40.477,60,0.126,9.566,0.001,1746.906,2.108,1
92.457417,26.045472,359.768,11.554,200.086,57.244,10,0.123,8.072,0.001,1653.453,1.645,1
92.439333,26.110139,227.072,25.473,314.015,143.109,10,0.129,13.217,0.001,1618.46,2.759,1
92.51892,25.98219,92.645,21.649,193.821,80.955,10,0.129,6.978,0.001,1593.548,1.432,1
92.7,24.96,47.659,6.972,84.648,57.244,10,0.123,1.645,0.001,2067.73,0.419,1
93.143194,25.241944,610.435,19.939,72.772,506.372,30,0.126,9.776,0.05,977.376,60.222,1
93.017,25.119,723.266,25.084,328.963,308.267,10,0.129,15.914,0.001,1377.18,2.832,1
93.374472,25.455333,415.143,24.107,335.145,183.269,10,0.123,10.509,0.001,799.963,1.032,1
93.066,25.188,709.351,17.947,226.331,384.002,30,0.128,8.569,0.001,1149.147,1.265,1
92.54089,24.51594,56.458,17.33,333.789,344.652,10,0.126,5.283,0.001,1163.364,0.776,1
92.63436,26.97041,132.946,5.745,67.73,28.622,10,0.126,1.28,0.001,1748.019,0.282,1
92.9,24.51,75.741,23.475,96.566,114.487,10,0.131,10.173,0.001,1399.72,1.864,1
91.809944,26.190389,91.701,24.797,359.23,57.244,50,0.126,12.792,0.01,1570.223,25.984,1
93.1556,25.229556,451.201,13.253,149.485,354.032,10,0.126,3.759,0.001,1007.082,0.478,1
92.441,26.105667,276.138,25.794,261.998,118.011,10,0.129,11.411,0.001,1620.304,2.378,1
93.426222,25.443861,418.461,30.175,8.07,333.785,10,0.124,16.187,0.001,868.045,1.738,1
93.334639,25.332083,554.692,25.876,117.716,64.0,10,0.123,8.681,0.001,843.789,0.904,1
92.44003,26.107667,250.92,26.214,322.226,171.731,10,0.129,11.636,0.001,1620.004,2.429,1
93.12083,25.65167,341.739,8.755,330.154,506.372,50,0.124,5.65,0.001,803.043,0.564,1
93.45792,25.88494,174.838,15.466,31.201,550.552,10,0.125,6.038,0.001,872.978,0.658,1
92.75,24.55,43.308,6.889,211.616,118.011,10,0.125,1.619,0.001,1349.073,0.275,1
92.61347,25.88692,445.123,8.482,320.003,230.757,10,0.121,3.689,0.001,1479.901,0.663,1
93.328944,25.433903,421.404,16.607,203.159,259.182,10,0.124,5.007,0.001,782.986,0.485,1
92.95,24.96,137.57,21.595,140.798,348.2,10,0.127,9.178,0.001,1547.039,1.807,1
93.025444,25.165639,511.332,17.859,47.044,448.002,10,0.128,5.487,0.001,1254.233,0.878,1
93.68408,25.84516,171.599,10.62,127.512,263.88,10,0.126,4.392,0.05,770.412,21.379,1
92.807089,25.060088,154.582,35.98,343.941,263.88,10,0.126,22.245,0.001,1802.218,5.053,1
93.022222,25.155611,617.456,21.782,335.344,590.054,10,0.127,9.277,0.001,1282.369,1.51,1
93.028278,25.245972,594.55,16.437,251.118,951.434,10,0.128,12.65,0.001,1037.818,1.674,1
93.407583,25.402333,482.336,22.33,49.387,28.622,10,0.124,9.566,0.001,871.127,1.037,1
92.682861,24.478972,43.485,18.15,212.927,28.622,10,0.126,12.865,0.001,1180.909,1.922,1
93.27,25.24,1093.131,20.534,314.405,400.706,10,0.122,8.622,0.001,981.871,1.041,1
93.29,25.13,1000.767,29.015,355.371,206.395,10,0.122,13.14,0.001,1177.717,1.893,1
93.059,25.205,559.808,11.263,42.035,206.395,10,0.127,7.813,0.001,1117.343,1.109,1
93.32,25.22,966.927,11.66,272.555,40.477,10,0.123,3.191,0.001,1003.948,0.394,1
93.026556,25.176917,449.577,23.497,148.775,242.864,10,0.126,10.185,0.001,1226.158,1.572,1
93.032194,25.238806,556.591,20.427,256.114,755.638,10,0.123,16.617,0.001,1057.057,2.169,1
93.129083,25.417333,373.607,7.635,16.864,830.526,50,0.126,3.521,0.01,829.408,3.678,1
93.11811,25.65792,355.246,10.028,68.508,808.028,10,0.124,2.629,0.001,801.142,0.261,1
92.71653,25.569,600.342,29.772,101.829,257.596,10,0.126,13.547,0.001,1000.193,1.71,1
93.029167,25.14525,527.572,30.557,108.021,181.02,10,0.124,16.429,0.001,1298.436,2.634,1
92.440556,26.101333,330.615,12.968,256.59,348.2,10,0.126,3.656,0.001,1624.551,0.749,1
93.008,25.205,389.061,13.465,72.41,281.892,10,0.126,3.836,0.001,1175.69,0.568,1
92.72,24.97,53.851,6.685,298.897,287.646,10,0.123,1.558,0.001,2030.012,0.39,1
91.915583,26.159139,92.187,8.146,168.971,0.0,10,0.128,5.148,0.001,1617.659,1.065,1
92.468056,26.033556,270.761,26.506,196.968,143.109,10,0.127,8.937,0.001,1650.119,1.871,1
92.65008,24.70656,47.56,14.381,135.296,287.646,10,0.124,4.172,0.001,1510.259,0.779,1
93.020889,25.177028,566.839,13.187,114.31,494.089,50,0.13,3.735,0.001,1232.789,0.596,1
93.56633,25.85189,242.951,7.319,13.252,0.0,10,0.124,4.483,0.001,786.845,0.437,1
91.787944,26.189306,80.141,20.088,26.54,40.477,50,0.0,8.39,0.01,1569.806,0.0,1
92.77011,25.01856,77.675,22.117,305.613,223.544,50,0.124,12.474,0.001,1971.551,3.049,1
92.975139,25.108806,366.329,22.216,350.4,171.731,10,0.125,9.506,0.001,1454.615,1.732,1
93.394333,25.452278,411.495,15.375,335.225,202.387,10,0.126,4.541,0.001,825.394,0.472,1
92.462636,25.032119,84.766,39.651,243.789,118.011,10,0.125,14.225,0.001,2321.836,4.139,1
93.35,25.22,1159.159,26.733,94.504,590.054,10,0.125,15.721,0.001,982.904,1.934,1
91.889136,26.0641,76.253,22.037,30.589,309.592,10,0.129,9.411,0.001,1640.669,1.981,1
91.976694,26.250333,60.563,18.39,5.985,80.955,10,0.129,8.835,0.001,1583.355,1.804,1
93.27,25.13,556.915,31.777,178.843,85.865,10,0.127,14.623,0.001,1191.637,2.202,1
92.765435,25.51402,487.899,13.825,73.963,143.109,10,0.128,9.115,0.001,936.032,1.094,1
92.80751,25.323731,1058.637,6.53,313.125,537.755,10,0.125,1.994,0.001,1007.399,0.252,1
92.729,26.93438,151.976,16.925,127.336,28.622,10,0.127,6.767,0.001,1759.31,1.509,1
93.3,25.18,883.632,35.699,240.398,145.943,10,0.124,12.664,0.001,1085.987,1.701,1
92.972784,25.105414,381.349,22.33,324.833,90.51,10,0.125,12.622,0.001,1466.183,2.318,1
93.031528,25.23925,546.988,20.535,232.271,749.105,10,0.123,16.726,0.001,1056.59,2.185,1
92.65819,25.90653,280.27,25.705,3.365,549.807,10,0.125,13.364,0.001,1407.632,2.36,1
93.3,25.14,1188.787,29.326,210.606,366.538,10,0.122,13.307,0.001,1153.667,1.865,1
92.80675,25.060944,135.656,30.82,211.703,183.269,60,0.126,14.11,0.001,1799.8,3.209,1
91.76694,26.18867,101.266,11.319,193.374,601.058,50,0.0,4.767,0.01,1569.222,0.0,1
92.60122,25.96094,137.324,17.025,270.557,256.001,10,0.129,6.817,0.001,1504.89,1.316,1
91.76525,26.17672,82.221,22.325,281.275,660.786,50,0.0,9.563,0.01,1573.733,9.729,1
92.885056,25.434031,633.054,8.903,92.622,425.494,40,0.126,2.255,0.001,954.028,0.27,1
92.783111,25.041083,84.959,27.771,296.645,90.51,10,0.126,12.472,0.001,1943.631,3.053,1
93.257521,26.94755,119.591,16.888,241.297,40.477,60,0.128,5.114,0.45,1597.777,470.899,1
93.019611,25.156583,617.798,27.625,182.561,578.841,50,0.129,16.353,0.001,1283.517,2.798,1
93.04,25.139,641.729,21.14,114.122,326.339,10,0.126,15.564,0.001,1299.522,2.547,1
93.371389,25.453611,437.228,30.874,357.618,527.76,10,0.123,16.628,0.001,797.664,1.641,1
92.60444,25.95381,311.641,19.379,317.003,665.727,10,0.131,8.022,0.001,1499.261,1.565,1
92.912025,25.438723,559.663,26.998,331.457,294.68,10,0.125,9.137,0.001,938.49,1.073,1
93.023167,25.163444,545.894,17.938,115.036,452.551,30,0.129,14.123,0.001,1262.706,2.294,1
93.018972,25.134472,749.794,15.2,88.046,793.708,10,0.126,4.476,0.001,1337.492,0.758,1
92.796722,25.049417,103.735,32.384,359.919,143.109,10,0.127,21.566,0.001,1873.04,5.096,1
92.540889,24.515944,56.458,17.33,333.789,344.652,10,0.126,5.283,0.001,1163.364,0.776,1
92.438667,26.117417,162.933,9.192,246.878,28.622,10,0.129,2.35,0.001,1613.056,0.489,1
92.43,25.0,16.524,6.932,113.017,433.127,40,0.124,2.533,0.15,2185.016,102.602,1
93.10647,26.57436,115.099,25.802,352.007,648.902,10,0.127,15.062,0.001,1574.103,3.033,1
92.440528,26.043583,437.711,30.852,184.062,345.839,10,0.123,21.923,0.001,1672.893,4.518,1
91.881278,26.098167,79.21,1.553,232.809,28.622,10,0.131,0.6,0.001,1623.645,0.126,1
93.14,25.242,649.642,8.736,108.046,333.785,10,0.126,2.201,0.001,977.371,0.271,1
93.07306,24.92097,51.022,20.791,67.327,223.544,10,0.123,11.554,0.001,1475.406,2.101,1
93.13075,25.72561,152.214,22.204,256.793,103.197,10,0.124,7.199,0.001,796.419,0.713,1
93.405917,25.436639,389.618,17.693,333.644,57.244,10,0.121,5.423,0.001,848.401,0.558,1
92.8,24.95,39.349,12.131,277.295,326.339,10,0.124,3.357,0.001,1789.857,0.746,1
92.441472,26.043722,448.195,28.693,158.31,286.218,10,0.123,9.828,0.001,1671.777,2.025,1
92.58089,25.85167,465.487,24.616,115.614,670.631,30,0.123,8.17,0.001,1520.934,1.524,1
93.56583,25.85487,233.384,25.668,348.007,28.622,10,0.124,13.34,0.001,789.321,1.305,1
92.986883,25.10292,597.787,21.887,330.554,345.839,10,0.126,18.103,0.001,1453.994,3.304,1
93.020139,25.205528,342.036,22.239,207.012,28.622,10,0.127,18.463,0.001,1165.766,2.732,1
91.748,26.149444,133.441,20.774,222.339,436.893,10,0.204,8.747,0.001,1583.531,2.488,1
93.005361,24.645417,346.35,27.513,229.024,507.18,10,0.127,23.924,0.001,1465.681,4.446,1
92.470861,26.035278,268.406,21.291,174.705,485.728,10,0.127,13.011,0.001,1647.235,2.719,1
92.481167,24.710833,45.208,18.533,284.647,281.892,10,0.126,10.009,0.001,1456.212,1.833,1
93.57466,26.59011,127.995,13.217,144.599,566.683,10,0.128,3.746,0.001,1748.661,0.837,1
92.66358,25.945,161.064,15.073,111.377,217.977,10,0.125,6.872,0.001,1401.142,1.206,1
93.371056,25.420806,401.764,16.383,262.898,90.51,10,0.124,4.922,0.001,816.775,0.498,1
93.04,25.008,175.278,24.037,88.042,28.622,10,0.126,13.818,0.001,1504.005,2.613,1
92.70441,26.93586,150.717,19.781,281.22,90.51,10,0.125,6.237,0.001,1768.617,1.381,1
92.035022,26.077844,206.35,15.051,324.154,281.892,10,0.123,11.314,0.001,1709.495,2.392,1
93.402333,25.4365,368.478,9.054,14.564,28.622,40,0.123,5.9,0.15,844.51,91.639,1
93.019556,25.139611,727.323,32.588,114.744,643.196,30,0.129,17.708,0.001,1324.383,2.983,1
92.94,24.56,47.465,6.896,3.988,629.68,10,0.127,1.622,0.001,1443.532,0.297,1
93.31,25.14,1059.19,20.291,128.241,143.109,30,0.122,6.438,0.05,1146.805,45.204,1
93.019667,25.188444,508.993,23.865,36.741,171.731,50,0.126,12.208,0.001,1207.357,1.867,1
90.595,26.006,51.666,1.963,36.671,28.622,40,0.121,0.419,0.15,1621.249,12.305,1
92.814734,25.073228,258.886,29.836,321.288,103.197,10,0.126,15.973,0.001,1731.253,3.479,1
93.0,25.424,241.584,24.583,251.73,373.183,10,0.125,14.202,0.001,896.331,1.596,1
93.46922,25.96256,153.513,8.785,343.924,145.943,10,0.127,2.926,0.001,927.034,0.343,1
93.11808,25.65839,351.681,8.306,54.06,755.638,50,0.124,2.721,0.01,801.07,2.697,1
92.770549,25.019029,88.621,31.952,285.356,223.544,60,0.124,28.016,0.45,1970.838,3079.141,1
93.073009,24.813648,38.876,19.679,307.938,28.622,50,0.128,9.617,0.01,1487.985,18.245,1
91.982292,26.077653,190.068,22.92,83.794,372.084,10,0.126,9.878,0.001,1682.759,2.098,1
92.799667,25.049917,108.405,30.821,4.056,103.197,10,0.125,18.619,0.001,1862.728,4.344,1
93.04,25.142,665.902,4.246,0.374,335.01,10,0.126,0.865,0.001,1292.711,0.14,1
92.97418,25.12906,709.178,35.46,185.579,384.002,10,0.128,16.584,0.001,1407.768,2.98,1
93.4243,25.82522,188.945,13.133,292.861,308.267,10,0.125,4.903,0.001,851.198,0.52,1
93.073,25.155,589.086,10.154,237.126,263.88,10,0.124,6.138,0.001,1219.083,0.931,1
91.76336,26.19622,86.607,10.376,118.018,425.494,50,0.21,4.263,0.01,1566.111,9.619,1
93.372528,25.417528,403.393,9.779,245.077,228.975,10,0.125,2.545,0.001,820.451,0.26,1
93.017,25.159333,681.927,7.853,29.067,492.428,10,0.0,2.531,0.01,1280.587,3.011,1
92.5,24.44,187.486,26.613,266.197,437.83,10,0.126,20.631,0.001,1092.548,2.839,1
92.45563889,24.78380556,30.388,18.359,305.387,263.88,10,0.123,7.496,0.001,1576.751,1.458,1
93.09811,26.57411,93.539,16.226,298.31,358.63,10,0.129,6.416,0.001,1576.823,1.294,1
92.55658,25.82769,462.774,15.285,322.04,465.93,10,0.123,5.948,0.001,1543.118,1.133,1
93.018389,25.156389,604.525,15.585,216.665,544.567,10,0.129,11.606,0.001,1285.586,1.929,1
93.145556,25.274806,476.369,20.574,102.16,668.183,10,0.124,13.413,0.05,898.824,74.927,1
92.44,26.10725,258.257,20.366,280.782,161.91,10,0.129,6.468,0.001,1620.219,1.35,1
92.79345,25.061847,346.485,40.646,62.222,401.726,10,0.126,25.439,0.001,1830.634,5.864,1
92.4415,26.102333,315.694,25.331,97.482,228.975,10,0.126,8.46,0.001,1622.792,1.742,1
93.370361,25.421333,387.757,14.594,264.75,57.244,10,0.124,4.25,0.001,815.794,0.429,1
93.164,25.003,207.332,27.004,257.681,472.043,10,0.127,12.059,0.001,1429.34,2.186,1
91.80086,26.15461,76.821,9.683,287.826,128.001,50,0.263,3.9,0.01,1583.599,7.16,1
92.807796,25.063472,163.486,36.372,283.829,202.387,10,0.126,33.102,0.001,1787.019,7.469,1
92.273806,26.039361,163.295,22.075,98.846,349.374,10,0.128,7.147,0.001,1767.55,1.621,1
92.989111,25.124583,517.599,19.803,192.28,527.76,30,0.125,15.986,0.05,1399.082,139.358,1
93.394667,25.453167,400.457,19.452,239.974,283.342,10,0.126,11.627,0.001,825.272,1.204,1
92.441639,26.102667,298.148,24.12,80.277,202.387,10,0.127,10.516,0.001,1622.277,2.168,1
91.85125,26.18842,97.094,27.188,159.508,230.757,10,0.126,9.215,0.001,1573.728,1.826,1
92.95433,25.11297,344.769,19.736,308.55,465.93,50,0.123,8.207,0.01,1471.17,14.89,1
93.017667,25.156694,605.981,23.949,187.189,578.841,10,0.129,16.178,0.001,1285.692,2.779,1
91.28,25.95,68.047,1.019,214.708,526.206,10,0.126,0.135,0.001,1713.7,0.029,1
91.83972,26.13222,78.921,10.491,356.442,422.596,10,0.0,3.677,0.001,1593.78,0.18,1
92.52653,25.79939,617.073,19.581,292.809,85.865,10,0.122,13.413,0.001,1440.3,2.345,1
92.53,24.52,71.627,7.327,102.126,486.571,10,0.126,1.754,0.001,1170.32,0.259,1
93.408583,25.446056,410.357,17.214,25.638,242.864,10,0.126,5.239,0.001,845.922,0.558,1
92.793389,25.047417,126.696,39.846,324.393,103.197,10,0.126,18.87,0.001,1889.679,4.479,1
93.45257,25.83128,206.604,28.307,56.981,121.432,10,0.123,12.76,0.001,838.894,1.317,1
93.093167,26.323083,102.95,27.005,354.297,80.955,10,0.126,14.184,0.001,1531.276,2.736,1
91.798167,26.155,89.29,18.102,29.214,242.864,50,0.0,8.662,0.01,1583.394,6.536,1
92.71,24.51,30.324,1.346,268.774,202.387,40,0.126,0.256,0.15,1249.859,6.081,1
92.439389,26.098222,340.231,26.214,80.412,344.652,10,0.126,11.636,0.001,1628.326,2.378,1
92.49,24.48,49.716,12.402,283.299,200.353,10,0.126,8.84,0.001,1137.391,1.265,1
93.56638,25.85498,235.78,30.408,354.493,28.622,10,0.124,13.889,0.001,788.986,1.358,1
92.64681,24.70364,48.788,19.044,239.746,271.53,10,0.123,5.948,0.001,1502.007,1.102,1
92.439972,26.119417,151.686,15.902,308.847,40.477,10,0.127,4.74,0.001,1610.139,0.979,1
93.297528,25.398083,356.042,19.536,276.62,461.513,10,0.125,9.53,0.001,804.541,0.96,1
92.68286,24.47897,43.485,18.15,212.927,28.622,10,0.126,12.865,0.001,1180.909,1.922,1
91.887917,26.110944,126.314,7.466,137.919,0.0,50,0.128,4.6,0.01,1622.189,9.58,1
93.191,25.19,805.181,12.363,51.496,230.757,10,0.127,8.804,0.001,1101.765,1.23,1
92.74872,25.81806,238.545,19.387,330.819,257.596,10,0.129,8.026,0.001,1252.607,1.294,1
92.463231,25.031431,85.369,37.435,248.361,128.001,10,0.125,17.621,0.001,2319.654,5.125,1
93.45138,25.84152,192.825,22.318,7.029,174.1,10,0.125,9.559,0.001,846.699,1.012,1
92.71878,25.81678,200.864,15.408,220.259,128.001,10,0.128,6.009,0.001,1302.001,1.003,1
93.45244,25.84267,184.676,12.923,140.331,298.821,50,0.125,4.803,0.01,846.742,5.084,1
92.264167,26.012,366.052,36.716,340.718,404.774,10,0.124,24.879,0.001,1713.344,5.331,1
93.384306,25.462361,424.576,27.169,90.231,316.138,10,0.126,16.03,0.001,807.625,1.631,1
93.10536,25.50669,200.065,1.695,112.787,412.79,10,0.125,0.672,0.001,815.941,0.069,1
93.05658,26.56252,85.311,4.246,300.024,0.0,10,0.129,2.214,0.001,1599.96,0.458,1
93.56682,25.85072,243.146,16.238,251.992,118.011,10,0.124,6.422,0.001,785.619,0.625,1
91.84561,26.37456,63.011,1.869,64.705,515.987,10,0.127,0.298,0.001,1571.998,0.059,1
92.685,24.57025,34.385,12.265,268.763,121.432,10,0.126,8.715,0.001,1316.336,1.441,1
92.450339,25.037203,189.389,26.838,278.439,242.864,10,0.121,17.27,0.01,2326.471,48.618,1
93.045425,24.795892,111.518,21.023,303.217,579.548,50,0.128,16.203,0.001,1480.767,3.06,1
92.55156,25.81236,505.976,28.479,165.448,114.487,10,0.123,12.852,0.001,1501.301,2.37,1
93.024194,25.145861,688.578,20.285,119.329,660.786,10,0.127,8.492,0.001,1303.36,1.398,1
92.14525,26.083972,73.799,23.718,250.775,40.477,30,0.125,10.302,0.001,1727.081,2.24,1
93.099972,26.339833,359.862,26.509,143.902,206.395,10,0.125,15.562,0.001,1534.889,2.978,1
93.122778,25.207389,676.376,16.313,237.711,665.727,30,0.128,11.789,0.05,1060.233,79.659,1
93.7356,26.3466,178.747,20.422,123.427,28.622,10,0.128,6.49,0.001,1332.215,1.104,1
91.880072,26.050286,67.679,17.824,336.66,57.244,10,0.127,7.223,0.001,1641.371,1.504,1
93.422778,25.443972,407.931,28.525,315.089,217.977,10,0.124,12.877,0.001,864.0,1.378,1
92.546381,25.822458,473.791,15.56,223.815,223.544,10,0.122,6.084,0.001,1518.437,1.132,1
92.5,24.27,41.824,9.595,275.936,90.51,10,0.127,2.484,0.001,896.149,0.281,1
93.09178,25.61092,229.085,1.969,22.025,28.622,10,0.125,0.319,0.001,804.513,0.032,1
92.51,24.32,78.921,12.783,15.42,506.372,10,0.128,4.736,0.001,948.313,0.577,1
92.989873,25.443082,297.606,25.188,38.891,291.887,10,0.124,13.038,0.001,896.451,1.453,1
93.120417,25.193083,647.489,18.249,254.302,627.726,10,0.124,5.638,0.001,1094.869,0.768,1
93.260306,25.369972,368.866,25.986,131.271,118.011,30,0.127,8.726,0.05,821.484,45.486,1
92.71744,25.81689,202.547,21.795,186.845,85.865,10,0.129,10.918,0.001,1304.357,1.824,1
91.84528,26.19081,67.343,23.08,305.452,181.02,10,0.126,9.963,0.001,1571.425,1.969,1
93.370861,25.449056,430.648,25.678,251.687,607.161,10,0.125,22.014,0.001,799.746,2.187,1
93.269194,26.3287,333.181,25.635,112.448,320.002,10,0.121,8.583,0.001,1269.726,1.327,1
93.131083,25.72486,152.267,26.655,264.496,85.865,10,0.124,13.963,0.001,796.631,1.383,1
93.256125,26.314847,374.887,18.273,126.481,281.892,10,0.123,7.452,0.001,1270.195,1.16,1
93.77941,26.35622,188.432,20.188,208.613,90.51,10,0.125,6.398,0.001,1293.45,1.036,1
92.59411,25.86958,445.309,24.344,131.813,40.477,30,0.123,10.635,0.001,1507.965,1.965,1
92.84,24.93,43.786,5.768,73.71,344.652,10,0.124,3.294,0.001,1655.039,0.676,1
92.799175,25.290089,1081.853,15.099,249.611,795.769,30,0.126,8.449,0.05,1091.148,57.809,1
92.5535,25.81542,471.407,12.487,336.259,228.975,10,0.123,3.484,0.001,1510.378,0.642,1
91.716389,26.121056,62.336,12.311,81.772,587.271,50,0.0,5.957,0.01,1610.734,0.923,1
92.982245,25.216881,662.068,8.507,116.537,384.002,40,0.125,2.127,0.05,1153.848,15.304,1
93.181306,26.483278,167.469,14.683,63.411,461.513,10,0.127,6.647,0.001,1530.735,1.294,1
92.72,24.98,32.273,5.659,294.328,90.51,10,0.122,1.255,0.15,2044.752,47.142,1
93.12083,25.64897,333.812,9.554,187.244,348.2,30,0.124,6.323,0.05,803.434,31.529,1
93.4265,25.444028,412.108,21.83,315.32,372.084,10,0.124,10.94,0.001,868.228,1.176,1
92.87756,25.11286,212.168,16.429,12.218,320.002,10,0.125,8.599,0.001,1536.578,1.654,1
92.040222,26.10175,73.078,21.418,178.824,57.244,10,0.126,11.988,0.001,1700.665,2.573,1
93.211111,26.297778,134.976,28.009,227.98,28.622,10,0.126,18.177,0.001,1327.798,3.055,1
93.406972,26.058972,320.674,14.186,152.594,429.327,10,0.122,10.494,0.001,1074.636,1.384,1
93.034,25.123,727.323,41.492,235.148,121.432,10,0.129,19.708,0.001,1345.524,3.408,1
93.096417,25.189556,532.607,25.946,181.927,145.943,30,0.125,13.516,0.05,1106.026,93.274,1
93.02,25.12,748.075,23.84,18.719,509.597,10,0.13,10.367,0.001,1370.716,1.847,1
93.03344,24.97714,182.508,18.04,339.013,489.927,10,0.126,5.557,0.001,1465.817,1.02,1
93.026,25.122,726.733,20.015,291.646,333.785,10,0.13,6.329,0.001,1358.15,1.113,1
91.711583,26.256139,67.232,15.369,240.218,143.109,10,0.126,11.618,0.001,1541.042,2.255,1
92.75994,26.92013,129.462,3.129,193.145,0.0,10,0.127,1.49,0.15,1759.195,49.933,1
92.432194,26.048611,435.58,23.542,90.984,40.477,10,0.125,10.209,0.001,1677.315,2.139,1
93.002,25.42,268.745,1.612,102.074,397.627,10,0.123,0.246,0.001,896.124,0.027,1
93.46964,25.96272,155.897,10.958,10.295,166.892,10,0.127,3.888,0.001,926.63,0.456,1
92.790111,25.046778,91.75,37.556,323.557,57.244,10,0.126,17.685,0.001,1900.737,4.218,1
92.801279,25.238045,1270.825,11.115,147.201,612.534,30,0.125,3.001,0.001,1244.545,0.466,1
93.481,26.60358,108.773,28.549,335.929,404.774,10,0.13,15.16,0.001,1592.119,3.142,1
92.571047,25.864186,502.677,24.027,177.677,590.054,10,0.122,18.224,0.001,1531.902,3.396,1
93.033,25.123,671.279,38.052,242.116,64.0,10,0.129,13.598,0.001,1346.611,2.35,1
92.72822,25.57994,453.479,24.718,358.042,555.735,10,0.128,14.297,0.001,1027.664,1.875,1
93.025,25.122,696.997,22.122,288.41,263.88,10,0.13,18.343,0.001,1359.238,3.236,1
93.283436,25.408497,288.92,22.625,101.209,64.0,10,0.126,11.434,0.001,798.411,1.157,1
92.989119,25.422535,204.275,15.312,95.826,314.84,10,0.125,7.011,0.001,903.02,0.794,1
93.65836,26.57708,195.294,17.026,39.768,57.244,10,0.127,6.818,0.001,1828.808,1.579,1
92.83,24.62,31.123,5.977,273.046,128.001,40,0.125,1.778,0.15,1436.467,48.173,1
92.55069,25.812,501.144,29.341,149.748,90.51,10,0.124,17.57,0.001,1499.044,3.25,1
92.68328,25.84875,465.01,31.501,355.106,436.893,10,0.127,19.1,0.001,1362.48,3.3,1
93.018,25.119,745.644,19.057,323.159,416.74,10,0.13,10.365,0.001,1375.73,1.849,1
92.440083,26.116972,171.106,18.782,313.326,114.487,10,0.129,11.128,0.001,1611.983,2.312,1
92.74,24.63,66.948,20.045,50.739,873.786,10,0.125,9.84,0.001,1473.102,1.819,1
91.980589,26.097986,82.623,28.549,319.693,364.296,30,0.126,15.16,0.05,1674.096,159.994,1
91.76175,26.1755,64.092,13.427,136.083,566.683,10,0.0,5.043,0.001,1574.004,0.0,1
92.98,24.64,28.288,0.335,166.368,80.955,10,0.126,0.082,0.15,1461.247,2.262,1
93.21625,26.298389,187.089,24.79,158.518,57.244,10,0.126,8.24,0.001,1319.036,1.364,1
93.018,25.137,735.61,14.705,286.321,597.641,10,0.127,4.291,0.001,1332.387,0.725,1
92.73,25.01,100.971,30.546,358.02,80.955,10,0.121,16.421,0.001,2063.698,4.119,1
92.296966,26.370728,52.043,1.187,167.935,103.197,40,0.129,0.218,0.15,1565.417,6.617,0
91.398059,26.327242,45.185,0.827,28.25,436.893,10,0.127,0.18,0.15,1665.575,5.72,0
94.632748,27.419564,93.413,1.288,118.086,348.2,10,0.158,0.47,0.001,1531.097,0.109,0
92.057916,26.126859,65.246,13.14,343.874,118.011,10,0.126,3.718,0.001,1685.969,0.789,0
95.111335,27.366178,108.306,0.198,199.405,114.487,40,0.124,0.041,0.15,1665.784,1.253,0
94.640313,26.973975,99.86,2.59,18.569,242.864,10,0.121,0.601,0.001,1515.353,0.112,0
92.71031,26.342852,63.978,0.565,257.545,358.63,50,0.124,0.161,0.01,1487.226,0.298,0
93.912121,26.686496,76.105,2.297,179.663,28.622,40,0.124,0.997,0.15,1665.022,30.954,0
91.713211,26.121903,125.177,10.055,61.09,578.841,50,0.127,4.094,0.01,1611.01,4.629,0
94.792209,26.921541,94.673,0.094,42.562,40.477,40,0.125,0.016,0.15,1468.168,0.431,0
93.554727,25.865647,236.161,2.239,299.387,291.887,10,0.127,0.584,0.001,803.167,0.06,0
95.122362,27.527381,111.884,0.233,238.152,494.089,40,0.122,0.02,0.15,1688.76,0.612,0
93.390581,26.001873,130.406,0.105,198.315,121.432,40,0.125,0.018,0.15,1013.902,0.346,0
94.110455,27.222215,93.266,0.577,187.044,448.002,50,0.208,0.165,0.001,1444.704,0.028,0
95.21305,27.504545,116.795,1.266,295.094,244.545,40,0.125,0.237,0.001,1627.153,0.048,0
91.983771,26.202964,51.436,2.993,205.901,228.975,10,0.129,0.725,0.001,1618.468,0.15,0
95.174771,27.292412,113.36,2.324,307.998,64.0,40,0.124,0.395,0.15,1578.633,11.581,0
93.60902,26.890513,85.769,2.03,238.497,236.022,10,0.125,0.332,0.001,1495.701,0.062,0
90.316278,26.642647,92.045,0.684,226.265,291.887,40,0.125,0.106,0.15,2814.694,5.592,0
92.635415,26.346586,62.916,7.637,21.367,397.627,10,0.125,1.85,0.001,1474.703,0.342,0
90.107677,26.569775,62.015,0.729,344.385,228.975,40,0.125,0.153,0.15,2781.177,7.91,0
95.333468,27.220099,116.824,0.287,243.913,28.622,40,0.123,0.067,0.15,1378.547,1.696,0
94.916539,27.244995,104.37,1.423,262.626,28.622,10,0.126,0.209,0.001,1579.972,0.042,0
92.548166,24.689965,26.378,0.938,353.119,103.197,10,0.126,0.161,0.001,1425.93,0.029,0
95.002375,27.502811,111.718,0.882,200.357,400.706,50,0.125,0.112,0.001,1687.472,0.024,0
93.855229,26.627427,92.852,4.587,246.008,465.93,10,0.125,0.956,0.001,1689.047,0.201,0
93.769068,26.445039,112.337,1.036,263.535,80.955,40,0.126,0.183,0.001,1530.484,0.035,0
94.15916,26.472064,95.546,2.301,11.364,230.757,40,0.122,0.515,0.15,1177.167,11.044,0
94.727436,26.911088,95.726,1.089,190.232,217.977,10,0.124,0.229,0.001,1428.335,0.041,0
90.235092,26.370817,39.353,0.697,332.904,0.0,60,0.121,0.212,0.45,2391.07,27.553,0
92.52208,24.185271,117.692,7.451,334.051,373.183,10,0.127,1.792,0.001,858.466,0.195,0
95.307973,27.473946,124.317,5.375,132.421,590.054,10,0.125,1.174,0.001,1551.287,0.227,0
95.227245,27.059829,119.812,4.974,293.34,80.955,10,0.125,2.718,0.001,1272.969,0.432,0
95.362608,27.192698,126.56,0.386,47.234,263.88,10,0.12,0.038,0.01,1408.899,0.065,0
92.619206,26.100942,58.076,4.3,278.405,366.538,10,0.124,2.251,0.001,1470.098,0.411,0
93.74945,25.976724,147.397,1.387,358.388,174.1,40,0.129,0.202,0.15,804.277,3.15,0
92.496783,26.231395,55.857,1.616,184.134,166.892,40,0.126,0.383,0.15,1499.706,10.797,0
95.325729,27.501269,122.522,4.758,48.851,242.864,50,0.123,1.908,0.01,1549.855,3.626,0
89.855701,26.16951,33.851,3.939,143.176,416.74,10,0.121,0.785,0.001,2025.393,0.192,0
93.402146,26.588717,80.127,8.478,57.286,64.0,10,0.128,2.794,0.001,1494.225,0.535,0
92.839614,24.73046,23.359,4.836,28.271,121.432,10,0.125,1.024,0.15,1424.602,27.408,0
95.324546,27.347415,120.369,1.724,12.972,448.002,50,0.123,0.646,0.01,1448.752,1.172,0
92.798782,26.840091,82.525,0.585,104.066,128.001,10,0.127,0.169,0.001,1817.885,0.039,0
90.41364,26.693023,112.571,2.143,105.648,145.943,10,0.125,0.356,0.001,2862.095,0.127,0
94.910567,27.15032,98.621,0.149,69.6,40.477,40,0.124,0.028,0.15,1549.079,0.819,0
92.508329,24.617825,69.276,8.627,99.712,614.537,10,0.124,2.166,0.001,1304.623,0.351,0
92.914701,24.839824,41.921,11.638,106.081,304.254,10,0.126,3.183,0.001,1431.272,0.573,0
90.54231,25.970106,54.883,1.799,102.35,645.738,10,0.125,0.726,0.001,1540.857,0.139,0
93.634705,26.892729,78.536,0.344,298.277,40.477,40,0.123,0.063,0.15,1503.264,1.752,0
94.021153,26.231238,114.531,1.497,190.361,349.374,10,0.124,0.425,0.001,900.547,0.047,0
91.344706,26.418647,51.98,6.312,284.324,200.353,10,0.128,2.518,0.001,1832.785,0.589,0
94.214059,27.038969,94.916,4.068,94.795,256.001,10,0.122,0.818,0.001,1490.686,0.148,0
92.406397,26.259967,62.498,1.078,222.591,473.776,10,0.126,0.277,0.01,1542.292,0.537,0
90.632292,26.507224,54.202,0.244,352.891,154.133,80,0.126,0.028,0.0,2576.236,0.0,0
93.13222,24.906525,46.182,3.427,37.01,572.437,10,0.127,1.676,0.001,1462.722,0.312,0
90.808833,26.321129,40.437,2.061,89.111,433.127,50,0.123,0.338,0.01,2046.685,0.854,0
93.566123,25.757595,171.23,0.201,173.529,0.0,40,0.125,0.042,0.15,724.65,0.572,0
93.419788,25.278424,861.645,20.974,163.933,166.892,30,0.124,8.853,0.001,846.76,0.921,0
92.287239,26.603441,71.925,5.657,282.257,230.757,10,0.129,1.656,0.001,1611.589,0.343,0
94.057487,26.422708,97.115,3.216,267.662,263.88,50,0.127,1.543,0.001,1165.803,0.229,0
92.475657,24.815088,14.823,0.091,22.75,143.109,40,0.123,0.006,0.15,1659.872,0.179,0
92.777193,24.815076,17.347,0.223,282.789,0.0,40,0.126,0.048,0.15,1565.154,1.426,0
94.015278,26.589566,89.508,0.289,243.86,0.0,40,0.124,0.067,0.15,1484.449,1.849,0
92.401118,26.34848,56.844,1.766,206.739,433.127,40,0.128,0.365,0.15,1533.297,10.759,0
93.727857,26.143578,153.579,5.296,53.837,286.218,10,0.125,1.152,0.001,941.066,0.136,0
95.248763,27.550802,119.697,4.088,193.663,578.841,10,0.124,2.108,0.001,1625.333,0.425,0
93.233403,26.714633,66.5,0.0,270.0,103.197,40,0.0,0.0,0.15,1575.357,0.0,0
93.630677,26.844233,74.205,0.368,131.029,263.88,40,0.126,0.063,0.15,1518.031,1.8,0
92.631382,26.387101,61.594,2.515,116.275,114.487,50,0.13,0.438,0.001,1506.254,0.085,0
94.544629,26.944514,91.914,1.409,354.443,40.477,40,0.123,0.206,0.15,1511.798,5.739,0
90.320488,26.48504,57.916,4.208,300.291,425.494,10,0.122,1.327,0.001,2612.716,0.423,0
92.578528,26.239564,57.699,0.187,52.291,143.109,40,0.123,0.038,0.15,1448.535,1.023,0
95.16953,27.191269,111.198,1.264,222.402,286.218,40,0.125,0.459,0.15,1365.684,11.747,0
94.613405,26.769407,119.556,5.976,6.5,28.622,10,0.124,3.448,0.001,1373.188,0.585,0
93.865872,26.471934,102.606,4.155,146.685,500.677,10,0.127,0.841,0.001,1462.809,0.156,0
91.040063,26.403905,44.771,2.838,183.781,364.296,10,0.127,0.513,0.001,2123.503,0.138,0
94.985696,27.486412,111.272,1.609,191.369,578.841,10,0.123,0.245,0.001,1678.394,0.05,0
94.94081,27.487932,107.851,4.044,24.735,587.271,50,0.123,2.078,0.01,1679.572,6.212,0
94.997953,27.399003,106.468,2.703,162.514,40.477,10,0.124,0.635,0.001,1642.993,0.13,0
92.932129,24.841227,26.872,3.069,192.221,398.656,10,0.126,0.749,0.001,1437.071,0.136,0
92.826872,25.708292,150.87,7.135,349.949,486.571,30,0.13,2.951,0.05,1077.223,20.712,0
92.487011,24.815672,15.975,6.244,190.557,200.353,10,0.124,1.881,0.001,1662.194,0.387,0
93.662515,25.913206,168.28,2.312,91.382,0.0,40,0.126,1.005,0.15,789.138,14.975,0
92.768015,26.652649,76.77,1.121,24.594,114.487,10,0.127,0.202,0.001,1767.123,0.054,0
93.119337,25.560256,198.37,15.55,0.245,103.197,10,0.126,4.607,0.001,815.123,0.475,0
92.494653,26.310435,62.677,2.358,142.064,270.018,10,0.127,0.403,0.001,1479.63,0.076,0
93.843935,27.173822,194.807,5.149,244.772,489.927,10,0.125,1.724,0.001,1554.379,0.335,0
90.302456,26.675069,118.779,4.268,232.077,64.0,10,0.125,1.351,0.001,2844.748,0.479,0
95.338847,27.425824,123.407,2.876,141.048,114.487,10,0.127,0.688,0.001,1485.128,0.13,0
93.428456,26.907738,101.241,0.393,41.139,283.342,10,0.13,0.039,0.001,1526.006,0.008,0
94.316809,27.405497,96.233,0.136,120.393,174.1,40,0.122,0.025,0.15,1468.372,0.679,0
92.686332,24.63201,37.835,4.953,227.482,283.342,10,0.126,1.056,0.001,1421.555,0.189,0
90.995042,26.320086,44.35,1.635,131.315,171.731,10,0.126,0.25,0.001,1996.363,0.063,0
95.008159,27.338166,112.218,2.467,337.108,287.646,10,0.125,0.564,0.001,1635.33,0.115,0
94.241998,27.010098,84.869,0.158,115.549,28.622,40,0.123,0.031,0.15,1491.426,0.847,0
93.595449,25.979001,173.785,4.028,219.796,90.51,10,0.126,2.068,0.001,858.015,0.224,0
89.984642,26.51207,56.696,0.705,324.341,90.51,10,0.128,0.084,0.001,2738.948,0.029,0
89.915053,26.126881,33.343,6.177,267.451,80.955,10,0.119,1.855,0.001,1938.756,0.428,0
93.962896,26.518225,96.994,0.695,100.659,166.892,10,0.129,0.082,0.001,1462.137,0.015,0
91.580303,26.085096,49.874,3.094,8.079,384.002,10,0.124,0.89,0.001,1683.143,0.186,0
92.06635,26.221919,51.053,1.487,226.37,283.342,40,0.13,0.292,0.15,1619.726,9.159,0
92.593794,24.619582,24.535,15.055,294.048,742.514,10,0.125,5.834,0.001,1311.352,0.958,0
91.584253,26.107189,47.617,0.423,304.433,80.955,40,0.125,0.057,0.05,1665.168,0.591,0
93.169298,25.011353,246.008,20.182,288.354,430.28,10,0.127,8.439,0.001,1424.577,1.525,0
92.746718,25.95569,68.338,0.924,188.322,397.627,40,0.128,0.119,0.15,1313.973,3.023,0
94.535421,26.786808,106.476,0.981,3.319,595.582,10,0.124,0.129,0.001,1369.815,0.022,0
91.678067,26.142639,53.713,2.16,113.725,28.622,50,0.127,0.36,0.01,1607.078,0.87,0
92.278489,24.448415,58.841,18.37,145.536,286.218,10,0.126,7.502,0.001,1131.612,1.068,0
89.729867,26.17805,33.32,1.912,136.825,314.84,40,0.123,0.307,0.15,1977.383,11.159,0
94.353996,27.151036,87.808,1.169,148.065,183.269,50,0.122,0.251,0.15,1534.336,7.034,0
93.788875,26.395311,147.261,0.972,44.78,80.955,10,0.126,0.127,0.001,1377.898,0.022,0
92.462726,24.738828,21.034,6.255,150.842,532.397,10,0.125,1.886,0.001,1501.682,0.353,0
93.551937,25.739772,178.556,0.603,34.112,183.269,10,0.126,0.069,0.001,722.47,0.006,0
94.159968,26.455601,106.647,2.935,226.571,128.001,10,0.125,0.535,0.001,1148.015,0.077,0
91.063759,26.377708,39.708,0.163,208.069,28.622,40,0.127,0.017,0.15,2070.544,0.651,0
91.772772,26.640135,78.266,0.457,151.102,489.927,40,0.124,0.122,0.15,1767.039,4.044,0
93.730123,26.090496,153.692,0.521,356.117,436.893,10,0.127,0.088,0.001,896.664,0.01,0
94.092479,26.716494,82.655,1.527,355.236,485.728,40,0.123,0.229,0.15,1488.254,6.288,0
95.73064,27.937638,149.151,4.32,169.698,401.726,10,0.118,0.885,0.001,1620.636,0.17,0
92.768338,26.941505,260.033,13.211,320.288,171.731,10,0.127,4.94,0.001,1735.223,1.085,0
93.001761,24.773263,20.62,0.213,144.393,57.244,40,0.126,0.045,0.15,1467.72,1.258,0
92.305464,24.571766,18.617,0.139,17.979,256.001,40,0.126,0.022,0.15,1296.844,0.542,0
92.811652,26.772003,73.93,0.232,178.547,145.943,40,0.127,0.02,0.15,1833.548,0.69,0
93.808003,27.01296,94.014,1.235,29.347,384.002,10,0.125,0.174,0.001,1519.554,0.033,0
89.902279,26.06125,27.718,0.499,2.165,692.27,40,0.12,0.054,0.15,1822.424,1.763,0
93.116669,25.871902,130.156,6.566,268.607,217.977,10,0.127,3.895,0.001,880.557,0.433,0
90.786134,25.976444,53.396,3.941,146.359,166.892,50,0.123,1.219,0.01,1586.266,2.374,0
91.522397,26.460078,52.665,1.763,356.219,80.955,40,0.129,0.364,0.15,1801.262,12.721,0
94.683598,27.023951,90.965,0.286,126.687,263.88,40,0.121,0.067,0.15,1544.085,1.87,0
91.521396,26.388456,52.593,0.436,219.576,236.022,50,0.128,0.115,0.001,1709.131,0.025,0
93.854755,25.941459,145.173,1.692,15.013,323.819,40,0.128,0.346,0.15,876.374,5.824,0
94.751973,27.23394,104.603,3.736,55.343,80.955,10,0.122,0.733,0.001,1565.544,0.14,0
90.574365,26.470502,53.074,1.231,103.051,259.182,10,0.122,0.443,0.001,2504.224,0.136,0
92.838769,26.797241,77.49,1.949,350.91,326.339,10,0.125,0.79,0.15,1840.856,27.201,0
95.637944,27.628449,140.769,2.156,174.345,358.63,10,0.123,0.625,0.001,1416.64,0.108,0
91.681874,26.338544,50.053,2.468,214.564,80.955,40,0.124,0.428,0.15,1596.326,12.676,0
94.78564,27.652856,117.904,0.3,222.489,206.395,40,0.124,0.028,0.15,1756.023,0.909,0
93.567935,25.823142,215.277,5.576,188.245,270.018,10,0.124,1.232,0.001,766.042,0.116,0
90.742138,26.05233,42.019,1.098,324.794,103.197,10,0.123,0.149,0.001,1689.085,0.031,0
91.876627,26.107483,210.606,29.939,18.899,774.907,10,0.127,10.335,0.001,1617.715,2.118,0
92.079948,26.437793,55.143,1.912,236.003,223.544,40,0.128,0.307,0.15,1577.336,9.303,0
89.88945,25.596664,25.714,3.027,148.666,608.508,10,0.126,0.735,0.001,1248.86,0.116,0
92.681947,26.018475,63.097,1.125,52.858,409.802,40,0.128,0.154,0.15,1423.077,4.196,0
95.638033,27.776087,128.287,0.541,309.82,200.353,10,0.125,0.06,0.15,1495.71,1.678,0
94.840459,26.930124,98.702,1.966,82.727,28.622,40,0.124,0.318,0.001,1497.454,0.059,0
91.391285,26.306453,49.454,4.699,46.036,832.005,10,0.128,1.531,0.01,1635.426,3.217,0
94.088468,26.998263,83.424,1.024,237.809,283.342,40,0.122,0.349,0.15,1512.311,9.663,0
91.769547,26.140921,57.669,1.253,140.056,343.462,50,0.0,0.275,0.01,1587.607,0.0,0
94.719416,27.003194,91.32,0.113,123.957,294.68,40,0.121,0.013,0.15,1511.691,0.369,0
93.352809,25.444489,369.189,12.282,80.613,143.109,10,0.128,3.411,0.001,781.268,0.339,0
92.518451,26.226544,62.736,0.514,166.405,114.487,50,0.124,0.086,0.001,1488.846,0.016,0
93.436835,25.853342,182.32,8.316,149.936,181.02,10,0.124,2.725,0.01,863.269,2.909,0
93.7928,25.958778,150.184,2.494,66.609,590.054,10,0.128,0.434,0.001,806.09,0.045,0
91.084022,26.315266,39.581,0.338,133.217,57.244,40,0.128,0.078,0.15,1969.517,2.946,0
90.624319,26.063485,44.093,1.312,248.521,384.002,50,0.12,0.292,0.01,1721.909,0.604,0
95.033314,27.445177,109.455,3.572,154.688,389.299,10,0.124,0.912,0.01,1664.411,1.883,0
94.08824,26.9497,86.226,4.066,93.976,429.327,10,0.124,1.674,0.001,1519.652,0.316,0
94.488143,27.318953,99.128,0.443,330.628,645.738,10,0.121,0.117,0.001,1553.867,0.022,0
91.452037,26.48556,55.861,1.103,141.921,364.296,10,0.129,0.15,0.001,1880.652,0.036,0
95.062152,27.420008,110.172,2.053,206.365,633.571,10,0.125,0.641,0.01,1670.187,1.333,0
92.771188,26.756399,80.097,3.016,173.287,121.432,10,0.128,0.555,0.001,1818.709,0.129,0
92.699184,24.819317,23.122,7.8,308.628,476.362,10,0.124,2.951,0.001,1634.811,0.596,0
95.163446,27.514196,112.776,0.858,0.853,28.622,40,0.125,0.108,0.15,1660.331,3.384,0
92.223929,26.336734,60.211,1.501,335.816,118.011,10,0.131,0.224,0.001,1570.671,0.046,0
92.85054,24.957324,35.709,4.953,229.454,28.622,30,0.124,1.056,0.05,1670.305,10.933,0
90.867052,26.372256,42.431,2.97,77.931,166.892,50,0.124,0.844,0.001,2112.396,0.221,0
94.871111,27.258806,102.615,3.314,41.87,323.819,10,0.126,0.627,0.15,1567.691,18.654,0
94.412863,27.067706,86.5,0.135,169.608,85.865,10,0.118,0.025,0.15,1501.344,0.756,0
95.13083,27.17077,110.258,2.111,169.276,320.002,10,0.124,0.542,0.15,1362.412,13.776,0
92.68163,24.587311,61.811,12.151,3.501,444.33,10,0.126,3.364,0.001,1341.517,0.57,0
92.953591,24.940559,31.075,0.272,185.157,0.0,40,0.123,0.062,0.15,1513.588,1.74,0
91.721917,26.452041,58.715,1.124,101.773,223.544,10,0.128,0.154,0.001,1709.68,0.034,0
92.216218,26.178692,62.515,4.537,25.97,230.757,10,0.127,0.943,0.001,1663.314,0.199,0
92.851922,25.999864,75.506,1.688,204.444,564.511,50,0.125,0.535,0.01,1253.325,0.836,0
94.306149,27.333394,100.57,1.214,65.783,566.683,10,0.122,0.17,0.001,1525.603,0.032,0
92.885283,26.449701,61.727,1.58,131.073,320.002,50,0.126,0.49,0.001,1613.467,0.1,0
91.185002,26.268082,49.07,0.338,292.947,404.774,50,0.126,0.032,0.01,1830.691,0.074,0
89.967452,26.324838,48.335,1.276,141.101,192.001,10,0.12,0.464,0.001,2329.801,0.129,0
92.380975,26.256316,61.914,1.929,90.086,385.067,10,0.126,0.795,0.01,1558.721,1.557,0
92.707566,26.123051,69.139,2.345,35.448,314.84,10,0.127,0.919,0.001,1381.037,0.161,0
93.107061,25.32617,253.858,14.642,338.947,40.477,10,0.124,5.632,0.001,859.651,0.599,0
91.48635,26.452403,61.482,3.971,5.735,653.932,10,0.128,0.793,0.001,1814.753,0.184,0
92.766126,26.705357,71.488,2.973,143.064,406.793,50,0.128,0.845,0.01,1792.729,1.934,0
93.509474,25.95824,152.655,7.097,200.68,143.109,40,0.127,4.308,0.15,895.021,73.245,0
91.031156,25.968116,54.094,3.889,32.619,166.892,10,0.125,0.772,0.001,1581.769,0.153,0
92.917028,26.715668,69.95,2.185,66.005,263.88,40,0.129,0.365,0.15,1754.739,12.424,0
94.360114,26.634055,121.522,4.431,141.109,242.864,10,0.126,1.206,0.001,1219.49,0.185,0
94.511356,27.557822,115.07,2.192,164.618,28.622,10,0.119,0.367,0.001,1471.923,0.065,0
93.895706,27.06068,96.704,4.159,294.334,200.353,10,0.125,0.842,0.001,1511.807,0.159,0
91.727817,26.223086,56.718,3.311,99.038,286.218,10,0.128,1.364,0.001,1554.366,0.271,0
91.948298,26.109544,61.684,3.332,306.081,28.622,10,0.126,0.631,0.001,1653.243,0.132,0
95.403692,27.325026,119.519,3.205,159.377,57.244,40,0.122,1.143,0.15,1375.262,28.761,0
92.628701,24.79339,16.98,2.773,11.766,80.955,40,0.124,0.947,0.15,1595.808,28.12,0
92.742838,26.612276,59.0,0.0,270.0,202.387,80,0.0,0.0,0.0,1735.431,0.0,0
94.18786,26.762914,84.72,0.374,289.787,103.197,40,0.123,0.094,0.15,1466.291,2.546,0
90.097696,26.209245,45.573,6.298,32.444,143.109,10,0.117,2.953,0.001,2090.209,0.724,0
90.282955,26.416907,46.168,1.431,146.394,40.477,50,0.123,0.211,0.01,2477.481,0.642,0
95.382746,27.600053,123.648,4.165,130.035,64.0,10,0.125,2.159,0.001,1569.258,0.425,0
93.262728,26.010148,108.346,2.086,63.188,154.133,40,0.128,0.454,0.01,1043.034,0.606,0
91.518674,26.092385,52.651,3.345,233.626,485.728,10,0.126,0.635,0.001,1703.159,0.137,0
93.070379,24.816957,51.858,10.857,285.707,314.84,10,0.126,4.519,0.001,1486.728,0.85,0
90.85195,26.462129,51.095,5.266,40.643,526.206,10,0.12,1.144,0.001,2292.188,0.316,0
95.143774,27.148965,112.578,5.121,43.898,316.138,10,0.123,1.103,0.001,1298.161,0.176,0
91.669396,26.316842,48.726,0.046,69.782,143.109,40,0.126,0.002,0.15,1567.566,0.071,0
90.195141,25.981291,31.362,2.854,184.087,373.183,10,0.125,0.681,0.001,1618.974,0.138,0
94.753434,27.102215,107.816,2.603,61.99,128.001,10,0.125,0.458,0.001,1548.5,0.089,0
95.542425,27.62013,128.603,6.105,325.633,90.51,40,0.125,1.828,0.15,1442.254,49.409,0
91.785752,26.374286,54.092,5.54,106.703,452.551,10,0.127,1.611,0.001,1624.111,0.333,0
94.015609,26.242598,119.022,3.214,342.073,118.011,10,0.123,0.603,0.001,912.304,0.067,0
91.171606,26.50644,46.614,2.492,312.97,270.018,10,0.127,0.433,0.001,2147.448,0.118,0
92.996338,25.15737,475.558,4.757,88.498,0.0,10,0.124,2.566,0.001,1311.384,0.418,0
94.144207,27.218669,97.574,2.871,110.511,206.395,10,0.121,0.52,0.001,1470.697,0.093,0
92.9518,26.801226,76.586,1.14,201.227,28.622,40,0.126,0.298,0.001,1767.876,0.066,0
95.206795,27.284819,110.629,1.244,273.201,563.785,40,0.125,0.449,0.15,1535.872,12.911,0
92.372627,26.436812,58.029,4.007,338.603,154.133,40,0.13,1.643,0.15,1546.918,49.239,0
92.803744,25.419454,963.079,12.419,66.487,720.679,10,0.122,4.565,0.001,970.734,0.538,0
95.163886,27.203707,115.033,2.404,334.73,447.087,10,0.124,0.413,0.001,1400.452,0.072,0
91.879885,26.100051,83.649,5.78,152.646,85.865,50,0.129,1.29,0.01,1622.219,2.696,0
93.055051,25.789686,100.591,1.377,45.766,192.001,40,0.125,0.512,0.15,834.978,7.979,0
93.744616,26.442679,119.292,3.988,25.424,316.138,40,0.126,1.052,0.15,1553.07,30.9,0
95.043725,27.327798,110.357,1.045,104.26,200.353,40,0.125,0.14,0.05,1646.344,1.448,0
92.395935,24.842785,15.727,1.096,269.627,590.054,50,0.123,0.231,0.01,1728.031,0.493,0
90.081412,26.528169,53.243,0.671,218.952,103.197,40,0.124,0.079,0.15,2751.094,4.019,0
91.474917,26.170617,54.059,2.903,194.811,161.91,50,0.128,0.528,0.01,1658.747,1.156,0
91.181421,26.477885,44.869,0.722,198.361,614.537,30,0.126,0.177,0.05,2092.336,2.337,0
91.068232,26.615775,60.057,1.768,89.332,616.533,10,0.124,0.277,0.001,2382.977,0.082,0
91.67256,26.150463,51.66,1.22,80.302,462.4,50,0.139,0.226,0.01,1602.799,0.492,0
95.368767,27.511901,121.962,1.594,187.136,635.508,10,0.125,0.557,0.001,1515.709,0.106,0
94.314729,27.038429,86.826,0.435,164.404,320.002,40,0.12,0.115,0.15,1484.463,3.056,0
95.341643,27.413864,124.677,5.417,193.933,429.327,10,0.125,1.186,0.001,1473.942,0.218,0
93.779934,26.696364,77.522,0.645,76.092,537.755,40,0.126,0.153,0.15,1793.26,5.191,0
95.130059,27.440449,107.393,0.494,37.985,128.001,40,0.125,0.135,0.15,1667.675,4.237,0
93.120764,25.665788,217.858,8.07,57.9,28.622,10,0.125,5.086,0.001,801.12,0.508,0
93.855411,27.070067,100.641,3.5,137.562,263.88,10,0.126,0.673,0.001,1528.496,0.129,0
92.942464,24.667796,23.986,0.121,75.201,389.299,40,0.127,0.008,0.15,1452.531,0.234,0
95.603109,27.509631,132.796,0.772,44.868,263.88,10,0.122,0.094,0.001,1354.047,0.016,0
90.677688,26.112779,42.393,0.477,141.892,118.011,10,0.122,0.051,0.001,1783.046,0.011,0
95.531658,27.572402,126.281,6.484,349.263,114.487,10,0.124,1.497,0.001,1425.073,0.265,0
91.669694,26.355139,50.702,0.884,108.719,28.622,50,0.124,0.288,0.01,1617.475,0.581,0
90.336967,26.015456,33.101,5.715,128.498,537.755,10,0.122,2.42,0.001,1642.676,0.486,0
94.680423,27.025567,99.053,3.832,247.386,381.863,10,0.121,0.757,0.001,1546.734,0.142,0
91.841186,26.790189,165.6,2.166,148.663,118.011,10,0.124,0.361,0.001,1769.869,0.079,0
92.15207,26.581058,73.252,2.467,167.102,320.002,10,0.128,0.427,0.001,1598.936,0.087,0
95.656958,27.580838,141.315,4.771,35.839,564.511,10,0.123,1.006,0.001,1392.732,0.172,0
92.648471,26.392451,61.063,3.653,246.241,114.487,10,0.127,1.821,0.001,1514.107,0.349,0
92.867081,24.972777,50.385,7.882,26.112,166.892,10,0.124,2.543,0.001,1672.504,0.528,0
90.307266,26.449123,48.539,0.195,31.806,161.91,40,0.121,0.016,0.15,2539.892,0.732,0
91.901637,26.398678,58.432,0.86,69.559,689.305,50,0.128,0.278,0.001,1587.795,0.057,0
92.755456,26.912,108.735,5.671,161.773,128.001,10,0.125,1.259,0.001,1768.677,0.279,0
90.344121,26.541753,62.961,0.851,21.078,564.511,10,0.125,0.141,0.15,2718.03,7.194,0
95.109369,27.447172,113.114,1.612,164.49,181.02,10,0.125,0.324,0.001,1682.026,0.068,0
94.491156,27.199474,91.939,0.042,307.664,389.299,30,0.12,0.004,0.05,1520.224,0.034,0
92.771327,26.475316,63.165,0.918,303.41,223.544,40,0.128,0.303,0.15,1629.704,9.477,0
95.160125,27.144828,114.064,2.073,279.902,465.93,10,0.124,0.45,0.001,1270.534,0.071,0
94.130454,27.089423,83.97,0.314,238.099,206.395,40,0.129,0.051,0.15,1502.167,1.458,0
92.248195,26.352907,57.587,3.601,56.235,568.127,10,0.13,0.921,0.001,1568.528,0.188,0
92.79407,24.515726,40.928,12.943,106.573,257.596,10,0.127,4.813,0.001,1343.673,0.823,0
94.648741,27.629562,130.266,2.593,324.025,323.819,40,0.12,0.456,0.15,1634.0,13.377,0
93.010185,25.199674,441.855,13.643,82.486,244.545,10,0.126,7.988,0.001,1191.131,1.189,0
94.949248,27.523005,103.0,0.435,314.184,80.955,40,0.0,0.045,0.15,1699.146,1.146,0
91.469941,26.271228,45.48,1.172,320.548,40.477,30,0.128,0.162,0.15,1584.777,4.949,0
92.753562,24.676903,31.007,11.183,255.594,436.893,10,0.125,3.991,0.001,1487.71,0.741,0
90.851548,26.043108,51.256,1.738,122.64,202.387,40,0.122,0.271,0.15,1658.936,8.21,0
92.707811,26.458161,66.456,4.184,352.501,200.353,10,0.128,0.849,0.001,1585.431,0.172,0
90.1266,26.378198,42.019,1.895,212.919,192.001,40,0.124,0.471,0.15,2429.293,21.363,0
95.238376,27.230027,113.488,0.128,260.867,174.1,40,0.124,0.009,0.15,1376.741,0.233,0
93.970609,26.810016,81.274,0.424,338.766,256.001,80,0.127,0.057,0.0,1659.09,0.0,0
95.119029,27.64903,112.0,0.268,315.956,192.001,80,0.123,0.049,0.0,1735.154,0.0,0
91.237745,26.563354,49.567,1.184,121.264,287.646,10,0.125,0.421,0.001,2153.829,0.114,0
90.853116,26.616342,57.572,6.503,136.662,28.622,10,0.127,1.983,0.001,2555.988,0.642,0
95.457328,27.521714,126.405,0.726,148.223,103.197,10,0.124,0.087,0.001,1453.595,0.016,0
93.217706,24.994826,183.095,12.0,152.808,217.977,10,0.127,3.311,0.001,1392.838,0.587,0
92.801149,24.819733,24.004,0.882,54.022,425.494,50,0.0,0.214,0.01,1564.194,0.0,0
91.219689,26.748628,66.294,0.857,191.574,171.731,40,0.127,0.108,0.15,2402.902,4.959,0
92.454664,26.041538,332.887,20.006,236.127,263.88,10,0.125,6.326,0.001,1659.588,1.312,0
92.512688,26.297152,60.945,6.562,311.512,512.003,10,0.127,2.648,0.001,1469.418,0.493,0
92.62302,24.597354,21.551,0.528,45.516,57.244,40,0.127,0.11,0.15,1298.942,2.721,0
92.575289,24.973481,19.972,5.079,240.755,358.63,10,0.122,1.091,0.001,2213.313,0.295,0
90.207911,26.58165,71.549,0.532,171.006,171.731,40,0.125,0.127,0.15,2767.945,6.555,0
93.081841,25.194962,716.315,11.056,151.515,648.902,10,0.129,2.981,0.001,1112.492,0.428,0
91.996376,26.390656,53.49,0.269,358.543,230.757,40,0.129,0.024,0.15,1600.97,0.741,0
92.513121,24.289063,41.859,0.787,35.733,256.001,50,0.128,0.128,0.01,907.774,0.148,0
93.681451,25.901842,163.592,7.774,280.853,80.955,40,0.129,2.498,0.15,774.995,37.498,0
95.151548,27.301008,109.353,4.117,7.428,28.622,10,0.126,1.096,0.001,1610.051,0.222,0
91.410742,25.868098,67.935,5.193,187.449,154.133,10,0.129,1.123,0.001,1782.789,0.257,0
93.399156,26.835564,84.455,0.341,239.674,90.51,40,0.124,0.043,0.15,1537.559,1.227,0
92.791872,24.507867,34.731,1.518,26.45,28.622,40,0.126,0.582,0.15,1331.067,14.668,0
90.582303,26.704987,109.405,0.274,134.887,263.88,30,0.12,0.063,0.05,2916.546,1.099,0
93.07364,24.771291,73.105,14.793,280.093,294.68,10,0.129,5.706,0.001,1492.19,1.096,0
94.284522,27.078069,91.775,2.324,330.408,416.74,50,0.12,0.614,0.01,1505.015,1.104,0
92.976765,26.846846,97.864,0.409,50.277,372.084,10,0.125,0.041,0.001,1769.731,0.009,0
93.988976,26.394001,108.501,1.259,248.328,525.427,40,0.129,0.456,0.15,1145.156,10.074,0
92.14675,26.155259,51.55,0.776,200.675,743.066,40,0.126,0.095,0.15,1676.407,3.021,0
92.923388,25.440334,546.827,5.049,55.418,549.807,10,0.125,1.083,0.001,932.073,0.126,0
89.790876,26.104269,30.138,0.682,151.645,174.1,10,0.122,0.14,0.05,1876.958,1.6,0
95.424371,27.627381,124.186,5.498,319.847,118.011,10,0.124,3.095,0.001,1545.182,0.509,0
92.879832,26.819517,77.743,0.448,82.578,57.244,30,0.125,0.047,0.05,1834.189,0.62,0
95.643526,27.446606,143.874,1.79,150.798,230.757,10,0.122,0.282,0.001,1355.018,0.046,0
93.993674,26.789886,86.017,2.099,61.244,121.432,10,0.126,0.346,0.001,1638.669,0.071,0
93.798022,26.175934,124.491,1.288,126.603,171.731,40,0.129,0.285,0.15,944.412,5.179,0
94.873926,26.962968,100.819,2.05,187.025,291.887,10,0.126,0.809,0.001,1459.477,0.149,0
91.434601,26.12244,52.521,2.212,180.267,202.387,10,0.129,0.371,0.001,1717.262,0.082,0
91.516145,25.949794,452.745,19.083,259.341,448.002,10,0.123,5.963,0.001,1840.424,1.347,0
93.809021,26.013932,138.32,3.558,332.439,404.774,10,0.128,0.688,0.001,810.253,0.071,0
94.813196,27.102823,100.041,5.096,195.958,308.267,10,0.125,1.096,0.001,1525.823,0.209,0
91.025979,25.927735,56.071,3.302,250.859,372.084,10,0.126,0.823,0.001,1541.701,0.159,0
90.631122,26.183581,44.263,6.484,319.418,404.774,10,0.126,3.066,0.001,1888.844,0.72,0
92.060382,26.161235,62.417,2.131,135.582,673.678,10,0.128,0.673,0.001,1661.917,0.143,0
91.697153,26.412894,52.591,0.352,25.029,40.477,40,0.126,0.059,0.15,1693.182,1.9,0
94.271248,27.43589,100.612,1.167,0.742,304.254,40,0.121,0.413,0.15,1407.904,10.564,0
93.969742,26.95394,83.73,3.807,14.865,80.955,40,0.124,1.165,0.15,1596.643,34.456,0
95.051654,27.753485,119.789,2.85,85.64,492.428,10,0.123,0.8,0.001,1768.844,0.174,0
91.570002,26.635032,72.947,1.088,118.947,80.955,10,0.125,0.148,0.001,1964.376,0.036,0
91.259851,25.912509,62.073,2.409,301.706,271.53,10,0.125,0.643,0.001,1670.371,0.134,0
92.377253,26.135218,72.402,3.766,291.941,145.943,10,0.125,0.74,0.15,1662.629,23.085,0
92.286639,24.637422,21.768,5.358,131.533,171.731,10,0.126,1.543,0.001,1396.715,0.272,0
90.691858,26.033463,46.259,2.345,15.292,161.91,10,0.122,0.4,0.001,1670.544,0.081,0
91.796919,26.729533,107.597,0.386,157.029,64.0,40,0.125,0.092,0.15,1786.566,3.085,0
95.370096,27.278957,121.522,5.408,134.805,746.366,30,0.123,3.029,0.001,1381.325,0.517,0
95.541383,27.754078,123.799,1.277,331.459,506.372,40,0.125,0.182,0.05,1526.766,1.736,0
93.811005,26.667028,85.474,0.439,225.878,668.183,10,0.129,0.045,0.001,1750.229,0.01,0
95.218112,27.453037,120.524,1.628,131.225,372.084,10,0.125,0.249,0.001,1614.398,0.05,0
95.561637,27.378674,136.804,0.987,304.338,200.353,10,0.119,0.13,0.001,1361.501,0.021,0
91.269702,26.586203,53.24,1.077,352.257,118.011,40,0.128,0.373,0.15,2144.017,15.372,0
92.337463,24.638344,21.32,3.037,196.505,230.757,10,0.127,0.56,0.001,1375.322,0.098,0
93.780654,26.876944,82.424,4.065,202.162,364.296,10,0.125,0.818,0.001,1620.325,0.165,0
92.774823,25.060992,673.708,29.705,242.182,372.084,10,0.125,13.511,0.001,1883.018,3.178,0
92.565961,26.227809,56.885,0.281,48.294,181.02,40,0.124,0.025,0.15,1460.347,0.688,0
91.146157,26.035301,46.275,2.559,129.942,200.353,10,0.125,0.448,0.001,1682.184,0.095,0
92.567168,24.698067,18.383,0.429,70.812,80.955,10,0.126,0.113,0.15,1441.363,3.07,0
92.827976,26.083922,64.605,1.844,54.909,430.28,40,0.125,0.293,0.001,1315.741,0.048,0
94.803987,27.340757,101.656,2.098,180.887,499.859,10,0.126,0.886,0.001,1591.935,0.178,0
91.927901,26.380828,54.43,3.474,23.153,28.622,10,0.127,1.161,0.001,1585.73,0.234,0
92.757649,26.511165,64.238,0.437,180.203,343.462,10,0.129,0.115,0.001,1659.952,0.025,0
94.454017,26.808532,102.899,6.364,120.713,323.819,10,0.123,1.929,0.001,1400.798,0.333,0
91.458485,26.472168,56.472,3.613,245.622,364.296,10,0.13,0.926,0.001,1859.054,0.224,0
93.812008,26.07343,126.63,1.925,8.424,64.0,10,0.126,0.31,0.001,855.484,0.033,0
92.884781,26.854305,87.028,3.631,289.435,90.51,10,0.126,0.706,0.001,1804.169,0.16,0
93.879107,26.474022,100.781,1.814,45.538,381.863,10,0.127,0.587,0.001,1452.521,0.109,0
94.901932,27.066061,97.754,0.529,326.099,202.387,40,0.123,0.148,0.15,1475.447,4.018,0
91.848793,26.344703,55.846,4.392,274.679,364.296,10,0.125,1.192,0.01,1557.747,2.334,0
92.178336,25.800342,1049.527,19.055,64.116,447.087,10,0.126,11.331,0.001,1384.305,1.971,0
90.015212,26.524956,55.582,0.226,156.764,143.109,40,0.127,0.019,0.15,2759.22,1.005,0
92.295911,26.822562,120.754,0.773,200.255,263.88,40,0.124,0.147,0.15,1843.295,5.004,0
95.273157,27.132661,121.051,3.364,192.451,90.51,10,0.126,0.844,0.001,1317.644,0.141,0
94.662043,27.525894,101.297,0.139,205.912,103.197,40,0.126,0.026,0.15,1532.531,0.753,0
93.082062,24.923768,42.429,4.896,204.584,161.91,10,0.124,1.041,0.001,1478.144,0.191,0
91.790146,26.201753,107.127,17.146,3.641,202.387,10,0.127,6.878,0.001,1565.116,1.371,0
91.614619,26.111647,51.866,0.44,332.116,534.7,10,0.125,0.045,0.001,1651.099,0.011,0
95.217054,27.507504,119.488,3.136,287.208,412.79,10,0.126,0.584,0.001,1625.301,0.119,0
95.170443,27.22646,115.012,1.233,203.545,433.127,40,0.124,0.174,0.15,1444.419,4.664,0
93.094897,25.827818,195.579,9.088,66.34,166.892,10,0.126,2.316,0.001,832.475,0.243,0
94.90961,27.438027,104.078,0.14,289.595,143.109,10,0.125,0.014,0.001,1652.033,0.003,0
93.786111,26.443352,110.66,2.165,137.682,181.02,10,0.124,0.476,0.001,1501.449,0.089,0
91.987147,26.417166,54.706,0.246,283.308,40.477,40,0.128,0.037,0.15,1602.024,1.139,0
91.408871,26.159196,44.636,2.07,180.418,437.83,80,0.129,0.741,0.0,1698.095,0.0,0
92.582288,24.974287,17.571,2.037,64.335,181.02,10,0.121,0.853,0.001,2221.834,0.229,0
94.877885,27.26965,105.173,3.213,136.291,590.054,10,0.126,0.602,0.001,1573.417,0.12,0
95.327052,27.497307,119.114,2.767,253.865,118.011,40,0.122,0.655,0.15,1545.749,18.543,0
92.860994,25.423956,587.168,25.524,10.43,28.622,10,0.126,14.865,0.001,969.602,1.816,0
93.109359,24.799362,30.208,3.155,265.388,335.01,50,0.126,0.776,0.001,1491.287,0.145,0
91.812466,26.141362,57.182,3.013,161.16,263.88,10,0.0,0.554,0.01,1589.194,0.357,0
92.199147,26.415832,51.5,0.0,270.0,28.622,80,0.189,0.0,0.0,1568.086,0.0,0
95.579553,27.581784,135.691,2.077,2.456,283.342,10,0.123,0.342,0.001,1392.945,0.059,0
93.050569,24.872541,42.264,1.774,331.97,256.001,10,0.124,0.278,0.001,1473.492,0.051,0
94.887369,27.237129,102.742,1.769,186.327,643.196,50,0.126,0.277,0.01,1566.943,0.547,0
94.050633,27.197735,92.514,2.006,15.038,412.79,10,0.121,0.711,0.001,1449.595,0.125,0
92.969475,24.569529,37.811,1.337,116.919,161.91,10,0.128,0.193,0.001,1449.234,0.036,0
95.682921,27.550777,141.046,1.135,83.238,28.622,10,0.121,0.156,0.001,1364.191,0.026,0
90.21184,26.54328,64.082,0.256,82.278,161.91,10,0.125,0.023,0.001,2744.992,0.008,0
90.4451,26.883921,308.506,3.392,157.936,755.638,10,0.124,0.853,0.001,2964.145,0.313,0
90.183142,26.307827,37.773,1.205,351.597,323.819,40,0.121,0.431,0.15,2270.793,17.714,0
92.715175,24.828068,84.018,0.983,7.283,429.327,50,0.125,0.129,0.01,1653.765,0.265,0
92.7531,26.704449,67.488,0.152,135.175,256.001,40,0.13,0.029,0.15,1789.946,1.014,0
95.204109,27.107853,113.675,1.63,81.71,80.955,10,0.125,0.249,0.001,1224.462,0.038,0
93.179109,24.808396,70.124,7.286,138.202,429.327,10,0.126,4.456,0.001,1477.625,0.827,0
94.744411,26.957142,94.264,0.263,322.04,412.79,40,0.122,0.036,0.15,1460.203,0.966,0
91.821923,26.352503,58.823,5.939,167.622,376.461,10,0.128,1.764,0.001,1584.327,0.358,0
89.910715,26.361255,41.455,3.007,345.054,57.244,10,0.123,0.729,0.001,2413.516,0.217,0
93.749921,27.008546,104.204,4.738,31.651,64.0,10,0.127,1.548,0.001,1502.276,0.295,0
91.158373,26.460362,42.591,0.331,355.721,118.011,40,0.127,0.031,0.15,2091.211,1.252,0
93.837267,25.997463,136.128,5.434,8.654,121.432,40,0.127,1.572,0.15,826.244,24.707,0
91.722353,26.274385,287.625,8.419,229.805,617.86,10,0.126,2.099,0.001,1534.394,0.406,0
95.10326,27.266492,115.938,3.146,355.641,192.001,10,0.126,0.586,0.001,1609.938,0.119,0
92.886521,26.38425,109.435,13.116,8.19,526.206,10,0.125,6.459,0.001,1546.388,1.247,0
92.685929,24.875813,16.987,0.141,159.616,242.864,40,0.123,0.01,0.15,1836.985,0.351,0
92.289302,26.313779,53.846,0.575,131.717,256.001,40,0.127,0.064,0.15,1568.231,1.921,0
93.694926,25.973424,192.724,3.295,51.133,304.254,40,0.128,0.821,0.05,820.177,4.322,0
93.998686,27.108545,86.799,0.928,238.032,320.002,30,0.125,0.12,0.05,1484.394,1.11,0
93.771042,26.548507,93.299,0.905,342.026,64.0,10,0.128,0.116,0.001,1716.686,0.026,0
92.508826,24.757447,25.252,7.764,304.341,244.545,10,0.124,4.838,0.001,1536.685,0.926,0
89.891157,26.510356,55.685,0.332,254.368,174.1,40,0.124,0.031,0.15,2756.349,1.617,0
90.557133,26.234458,37.408,2.27,107.531,64.0,60,0.125,0.383,0.45,1990.348,42.502,0
94.998731,27.193018,102.913,1.934,26.297,270.018,40,0.126,0.797,0.15,1593.993,24.04,0
92.964578,26.871547,102.068,3.954,169.275,64.0,10,0.125,0.789,0.001,1792.756,0.176,0
94.566155,27.343078,96.496,5.049,107.216,85.865,10,0.125,1.083,0.001,1526.835,0.206,0
94.953735,27.333824,107.257,4.525,288.136,103.197,40,0.126,0.939,0.15,1614.76,28.708,0
92.863397,24.693638,21.617,0.174,228.946,0.0,40,0.129,0.035,0.15,1424.471,0.962,0
92.639099,26.061009,60.79,1.142,312.272,652.678,40,0.126,0.361,0.15,1467.038,10.03,0
94.070838,26.667717,82.101,1.106,280.08,174.1,40,0.124,0.386,0.15,1477.058,10.593,0
93.996264,26.790825,86.279,0.914,50.583,246.214,50,0.126,0.118,0.001,1635.886,0.024,0
93.26435,26.929454,128.104,11.771,315.069,404.774,10,0.127,6.614,0.001,1593.499,1.342,0
92.574195,24.965007,23.625,3.165,73.52,335.01,10,0.123,0.779,0.001,2183.21,0.209,0
91.759706,26.451558,59.807,3.38,126.613,298.821,50,0.128,1.549,0.01,1676.462,3.324,0
93.888478,26.256266,119.036,3.492,136.778,409.802,10,0.125,0.671,0.001,976.886,0.082,0
95.683435,27.435603,140.624,0.541,216.063,217.977,40,0.12,0.143,0.15,1354.208,3.484,0
95.587651,27.609082,136.208,2.722,249.633,304.254,10,0.122,0.641,0.001,1401.308,0.109,0
93.906223,27.073024,91.114,2.273,31.67,323.819,10,0.126,0.507,0.45,1506.533,43.211,0
95.229799,27.447019,115.654,4.705,85.23,271.53,10,0.125,1.304,0.001,1605.879,0.262,0
90.231111,25.997843,32.755,4.835,109.201,543.815,30,0.126,1.589,0.05,1639.638,16.345,0
89.955589,26.391074,51.881,0.534,89.51,57.244,30,0.122,0.059,0.05,2484.144,0.885,0
90.806636,25.985247,49.197,4.408,219.437,145.943,40,0.122,2.324,0.15,1594.193,67.756,0
94.749789,27.273867,100.331,1.715,47.576,161.91,10,0.125,0.266,0.001,1556.387,0.052,0
91.320313,26.385225,43.856,0.355,358.679,114.487,40,0.126,0.034,0.15,1805.037,1.168,0
95.118827,27.358779,111.806,2.057,125.422,515.193,10,0.123,0.864,0.001,1659.57,0.177,0
93.817024,26.124167,129.227,1.94,103.809,103.197,10,0.124,0.313,0.001,895.469,0.035,0
91.082061,26.454901,42.148,3.418,54.117,28.622,30,0.127,1.013,0.05,2165.917,13.926,0
94.04967,26.6019,92.158,0.924,73.908,546.819,10,0.124,0.119,0.001,1452.709,0.021,0
94.084495,26.414323,95.844,1.532,80.056,40.477,40,0.126,0.304,0.15,1140.371,6.565,0
91.918341,26.423161,59.124,0.877,190.544,384.002,50,0.127,0.111,0.001,1600.29,0.023,0
95.195203,27.202085,115.548,2.597,359.648,335.01,10,0.125,0.709,0.001,1361.332,0.121,0
94.451664,27.217516,95.473,1.678,338.147,444.33,10,0.122,0.342,0.001,1539.497,0.064,0
92.483641,26.800458,101.3,2.639,220.481,206.395,10,0.127,0.466,0.001,1807.484,0.108,0
91.450479,26.352079,50.445,0.961,275.316,80.955,50,0.127,0.321,0.01,1685.49,0.686,0
92.123178,26.117948,54.433,0.331,132.674,208.37,40,0.126,0.064,0.15,1701.384,2.072,0
93.967442,26.485144,95.512,0.803,28.21,373.183,40,0.126,0.254,0.15,1373.81,6.574,0
93.252204,26.574013,76.919,1.323,1.258,0.0,10,0.128,0.487,0.15,1527.495,14.248,0
92.654858,24.915254,18.842,0.024,244.837,433.127,10,0.123,0.003,0.001,1993.976,0.001,0
93.795026,25.982836,138.047,2.641,335.473,223.544,10,0.127,0.813,0.001,793.426,0.082,0
92.976407,24.593924,36.409,7.203,244.79,287.646,10,0.128,1.716,0.001,1453.867,0.319,0
92.058391,26.807197,138.615,0.826,162.532,0.0,40,0.123,0.264,0.15,1804.279,8.804,0
94.468227,27.127038,92.053,0.757,11.519,629.68,30,0.118,0.121,0.05,1511.751,1.087,0
92.494028,26.51863,60.326,1.099,311.922,708.643,40,0.13,0.197,0.15,1578.739,6.064,0
93.885424,26.926529,78.383,4.561,244.979,114.487,40,0.126,1.252,0.15,1635.112,43.891,0
89.920743,26.017952,32.981,4.531,357.998,562.33,50,0.122,0.941,0.01,1748.976,1.997,0
94.352145,27.403496,93.924,0.152,136.971,323.819,40,0.121,0.011,0.15,1495.21,0.31,0
92.554508,24.766963,56.128,2.496,246.473,121.432,10,0.125,0.434,0.001,1555.992,0.084,0
92.766542,24.524338,92.494,15.132,294.911,154.133,10,0.127,4.451,0.001,1326.911,0.75,0
91.618031,26.121126,51.359,1.877,91.606,506.372,50,0.132,0.395,0.01,1642.795,0.832,0
93.136874,25.426603,308.389,8.293,301.344,404.774,10,0.129,5.268,0.001,824.381,0.559,0
91.695771,26.258067,50.327,0.521,282.529,181.02,10,0.127,0.145,0.001,1539.665,0.033,0
92.50914,25.000108,39.795,13.898,186.521,217.977,10,0.125,3.994,0.001,2249.636,1.127,0
92.574127,24.964979,23.625,3.165,73.52,335.01,10,0.123,0.779,0.001,2183.21,0.209,0
89.931617,25.991325,28.649,0.415,312.007,364.296,40,0.121,0.042,0.15,1710.447,1.312,0
94.134003,26.725762,85.71,2.006,296.011,724.081,10,0.125,0.836,0.001,1467.966,0.153,0
93.149605,25.642797,301.812,15.63,313.471,343.462,10,0.124,6.119,0.001,814.861,0.618,0
91.463983,25.880005,107.389,14.204,174.304,349.374,10,0.126,8.943,0.001,1862.502,2.101,0
93.597818,26.872317,83.078,1.04,13.564,64.0,50,0.126,0.139,0.01,1498.67,0.263,0
90.389111,26.44874,53.719,3.531,3.903,192.001,50,0.124,0.898,0.001,2505.992,0.279,0
94.275626,27.302752,98.192,3.032,294.397,316.138,10,0.121,0.559,0.001,1530.771,0.104,0
90.741038,25.97015,54.863,4.016,176.713,40.477,40,0.12,1.062,0.15,1585.04,30.381,0
94.878801,27.445822,110.421,2.63,135.8,612.534,10,0.126,0.464,0.001,1656.719,0.097,0
91.450406,26.67914,85.249,1.321,124.598,118.011,40,0.125,0.19,0.15,2170.81,7.742,0
95.303123,27.546489,120.911,3.022,219.585,381.863,10,0.127,0.556,0.001,1586.743,0.112,0
92.912172,26.787578,82.493,4.849,44.639,698.748,50,0.125,1.356,0.01,1794.281,3.041,0
94.10039,26.758915,81.368,1.922,254.626,515.193,10,0.123,0.791,0.15,1511.531,22.011,0
90.647711,26.608915,78.88,3.33,226.091,118.011,50,0.121,1.374,0.01,2731.056,4.55,0
95.055471,27.26258,106.274,0.256,189.292,28.622,40,0.124,0.058,0.15,1635.768,1.752,0
90.194234,26.38184,42.841,0.071,268.117,373.183,40,0.121,0.004,0.15,2422.672,0.188,0
94.552246,26.859111,98.63,4.099,212.337,80.955,10,0.123,0.826,0.001,1433.245,0.145,0
92.270634,26.149637,56.583,6.206,91.827,717.832,10,0.125,2.195,0.001,1684.493,0.463,0
95.077358,27.11185,108.027,1.769,334.528,223.544,40,0.123,0.277,0.001,1298.629,0.044,0
93.660169,25.834773,158.489,0.946,242.875,0.0,40,0.129,0.315,0.15,752.442,4.568,0
92.624666,26.804338,89.963,0.238,154.301,143.109,40,0.128,0.02,0.15,1801.63,0.706,0
94.190132,26.953016,84.159,3.766,117.03,154.133,40,0.123,1.409,0.15,1502.869,39.233,0
91.795153,26.200137,113.987,18.04,344.774,166.892,10,0.127,5.557,0.001,1565.893,1.108,0
93.954657,26.575191,95.393,2.129,262.798,28.622,10,0.124,0.466,0.001,1546.264,0.09,0
95.091856,27.527567,112.685,4.837,284.466,28.622,10,0.123,1.351,0.001,1701.033,0.283,0
91.828868,26.138383,56.392,2.307,211.112,90.51,10,0.129,0.802,0.001,1590.991,0.164,0
89.937973,25.654686,23.056,2.645,342.645,118.011,10,0.127,0.617,0.0,1267.069,0.0,0
92.852858,24.797337,23.54,6.912,148.361,404.774,10,0.126,2.146,0.001,1427.302,0.386,0
91.038495,25.971215,46.626,1.946,260.346,435.955,40,0.124,0.547,0.15,1584.627,16.166,0
92.664926,26.148136,67.867,2.556,38.571,271.53,10,0.125,0.448,0.001,1410.636,0.079,0
91.521964,26.029177,49.855,2.095,304.34,242.864,10,0.127,0.456,0.01,1756.175,1.017,0
94.246062,27.050426,84.96,0.179,66.661,183.269,40,0.122,0.027,0.15,1494.145,0.731,0
94.103397,26.805065,93.789,10.056,144.607,607.161,10,0.123,2.639,0.001,1529.622,0.497,0
91.142124,26.094799,42.146,2.059,121.486,381.863,10,0.128,0.338,0.001,1743.347,0.076,0
94.323535,27.525132,113.563,4.262,91.176,85.865,10,0.123,1.349,0.001,1429.966,0.238,0
95.180178,27.315689,112.911,0.608,175.253,409.802,40,0.126,0.142,0.15,1588.017,4.255,0
92.826425,26.690579,70.49,2.855,41.833,145.943,10,0.127,0.682,0.001,1796.091,0.156,0
90.377394,26.035056,38.849,5.639,169.68,143.109,10,0.124,3.198,0.001,1676.404,0.665,0
94.103668,26.783623,82.157,1.635,89.614,358.63,40,0.124,0.33,0.15,1528.339,9.453,0
91.449771,26.627284,74.585,5.192,236.269,223.544,40,0.128,1.481,0.001,2090.285,0.395,0
93.012834,25.176678,680.807,16.384,17.916,658.924,10,0.13,12.364,0.001,1244.54,2.003,0
94.881646,27.137684,98.788,1.914,59.127,183.269,40,0.124,0.629,0.001,1534.734,0.12,0
95.057642,27.29238,106.546,0.116,268.464,404.774,40,0.125,0.012,0.15,1644.87,0.383,0
92.908129,24.58134,27.37,0.748,16.151,0.0,30,0.127,0.232,0.05,1442.163,2.119,0
91.908428,26.264003,47.5,0.0,270.0,40.477,80,0.0,0.0,0.0,1561.453,0.0,0
93.028357,24.934648,44.435,1.328,70.767,128.001,10,0.127,0.489,0.01,1458.635,0.902,0
95.461258,27.227292,179.793,9.518,16.399,515.987,10,0.121,2.458,0.001,1390.65,0.415,0
93.462455,26.802231,80.24,0.403,358.402,64.0,10,0.127,0.041,0.001,1540.008,0.008,0
92.324382,26.413753,59.746,5.3,269.279,323.819,10,0.131,1.522,0.001,1562.749,0.311,0
91.448077,26.321714,45.217,0.181,60.441,525.427,40,0.127,0.014,0.001,1638.132,0.003,0
94.983841,27.199599,101.48,1.964,128.963,57.244,40,0.126,0.813,0.15,1590.61,24.428,0
95.204344,27.220396,117.487,1.527,279.103,876.127,10,0.125,0.229,0.001,1393.046,0.04,0
90.389341,26.382318,47.83,1.89,266.174,90.51,40,0.119,0.302,0.15,2367.199,12.695,0
92.873426,24.670416,23.419,0.208,314.667,28.622,40,0.128,0.017,0.15,1428.997,0.469,0
91.799183,26.577047,69.911,2.35,334.045,217.977,10,0.125,0.401,0.001,1704.607,0.086,0
94.997986,27.382747,105.29,0.09,340.303,281.892,40,0.127,0.006,0.05,1639.954,0.06,0
93.127484,26.687009,70.051,1.821,270.905,90.51,40,0.129,0.38,0.15,1599.438,11.755,0
94.455856,26.887468,93.801,3.306,172.493,223.544,10,0.121,0.625,0.001,1472.097,0.111,0
92.814505,26.110441,63.019,0.23,3.359,0.0,40,0.127,0.05,0.15,1332.781,1.271,0
91.63824,26.341245,54.681,1.655,350.768,362.041,10,0.125,0.584,0.001,1598.154,0.117,0
91.47201,26.400548,49.878,2.699,290.96,28.622,10,0.127,1.23,0.001,1753.63,0.275,0
94.871763,27.203437,106.506,0.694,228.505,183.269,50,0.124,0.082,0.01,1551.055,0.158,0
91.817028,26.384245,53.796,1.501,166.141,40.477,10,0.127,0.224,0.001,1600.784,0.045,0
93.900115,26.270036,113.213,1.966,308.921,154.133,50,0.123,0.42,0.01,983.434,0.509,0
93.344138,25.199134,1008.668,26.421,177.903,404.774,30,0.125,13.815,0.05,1022.544,88.165,0
90.954594,26.454759,48.793,2.46,225.655,281.892,10,0.126,0.426,0.001,2253.052,0.12,0
93.332311,26.77739,82.321,2.611,247.674,246.214,10,0.128,0.46,0.001,1563.294,0.092,0
92.801459,25.913017,70.483,1.45,200.266,80.955,40,0.127,0.214,0.15,1229.818,5.017,0
92.798677,25.415111,954.814,2.532,286.992,515.987,10,0.122,0.442,0.001,971.339,0.052,0
90.921946,26.561308,49.561,4.115,297.144,80.955,30,0.124,1.446,0.001,2426.487,0.436,0
93.103076,25.549589,158.498,11.781,116.588,103.197,50,0.126,8.122,0.001,810.616,0.83,0
92.726909,25.934421,70.389,0.378,6.786,161.91,40,0.129,0.037,0.15,1315.113,0.953,0
89.860677,25.520343,23.087,0.76,50.638,298.821,40,0.125,0.092,0.15,1222.32,2.122,0
92.888698,24.902721,36.398,1.669,220.392,121.432,10,0.125,0.257,0.001,1539.412,0.049,0
91.320728,26.366896,44.005,2.729,321.778,103.197,40,0.126,0.643,0.15,1775.542,21.484,0
91.845616,26.274507,51.348,1.195,278.839,121.432,40,0.126,0.22,0.001,1539.341,0.043,0
90.55681,26.144228,48.739,6.313,200.017,437.83,10,0.118,1.447,0.001,1864.571,0.318,0
92.676072,26.688409,74.234,1.284,86.027,425.494,10,0.127,0.183,0.001,1763.552,0.041,0
92.393871,24.679794,20.173,2.187,48.869,0.0,40,0.123,0.935,0.15,1416.533,24.428,0
94.808582,27.07375,104.727,4.122,152.299,171.731,10,0.124,0.832,0.001,1518.898,0.156,0
94.293225,26.715654,102.085,0.215,91.201,40.477,10,0.122,0.034,0.001,1366.825,0.006,0
95.315238,27.258683,124.624,4.722,130.876,128.001,10,0.122,0.993,0.001,1356.16,0.164,0
94.873248,27.260669,101.833,0.425,37.221,385.067,10,0.126,0.111,0.001,1569.058,0.022,0
91.299022,26.300774,43.962,1.083,45.287,143.109,10,0.129,0.147,0.001,1699.585,0.032,0
94.730064,27.180375,93.349,0.345,75.456,121.432,10,0.123,0.033,0.001,1574.306,0.006,0
93.097238,26.112602,82.914,0.353,282.873,28.622,40,0.129,0.045,0.15,1219.34,1.061,0
92.197758,26.381783,51.0,0.0,270.0,223.544,40,0.128,0.0,0.15,1569.864,0.0,0
92.558418,24.613045,31.348,1.355,104.825,452.551,60,0.124,0.196,0.001,1297.644,0.032,0
95.137422,27.12707,109.561,1.272,330.799,373.183,10,0.125,0.238,0.15,1255.931,5.601,0
92.849877,26.78321,74.103,0.621,106.627,57.244,30,0.126,0.094,0.05,1844.904,1.092,0
92.386859,24.713692,18.353,5.165,345.727,40.477,40,0.126,1.115,0.15,1464.61,30.978,0
91.477856,26.64185,71.932,0.986,324.904,166.892,40,0.125,0.201,0.15,2094.477,7.874,0
91.934659,26.257004,50.923,0.268,204.756,372.084,30,0.136,0.049,0.05,1571.201,0.321,0
93.043655,24.973891,73.051,3.184,56.83,28.622,10,0.124,0.595,0.001,1459.21,0.108,0
91.689239,26.41892,56.814,3.016,300.684,114.487,10,0.127,0.555,0.001,1700.811,0.12,0
90.560244,26.670135,90.548,0.115,96.985,236.022,40,0.121,0.008,0.15,2856.513,0.413,0
94.255888,26.574898,109.508,3.21,113.978,263.88,10,0.126,0.934,0.001,1240.926,0.146,0
92.887912,24.618003,32.574,6.411,202.446,499.859,10,0.126,1.476,0.001,1436.294,0.267,0
93.737462,26.023326,167.531,7.585,164.722,230.757,30,0.129,1.834,0.001,840.597,0.198,0
91.409157,26.571244,66.532,1.915,309.124,404.774,10,0.125,0.307,0.001,2029.196,0.078,0
93.06071,26.269938,92.015,15.622,274.696,345.839,10,0.127,11.862,0.001,1506.259,2.264,0
95.265953,27.197372,125.766,3.281,30.618,263.88,10,0.125,0.619,0.001,1286.833,0.099,0
92.496832,26.496588,61.447,3.362,329.31,183.269,40,0.13,0.639,0.15,1561.944,19.372,0
95.461302,27.414365,125.702,0.246,186.88,28.622,40,0.124,0.055,0.15,1378.899,1.399,0
92.159255,26.774597,110.131,0.121,198.156,166.892,40,0.128,0.008,0.15,1756.256,0.285,0
92.830459,26.765562,75.041,0.747,216.645,154.133,10,0.127,0.09,0.05,1833.703,1.055,0
93.427306,25.833414,199.288,13.88,120.07,304.254,50,0.123,6.188,0.01,855.063,6.531,0
94.027746,26.443795,94.333,3.069,149.075,344.652,10,0.125,0.567,0.001,1214.803,0.085,0
94.26801,26.919125,85.297,0.51,303.994,263.88,40,0.123,0.085,0.15,1485.396,2.339,0
93.029503,26.699582,69.3,3.724,334.004,143.109,50,0.129,0.962,0.01,1655.54,2.053,0
94.692416,27.423797,100.709,0.306,118.938,344.652,10,0.124,0.028,0.001,1586.632,0.006,0
91.797958,26.098519,65.265,2.887,108.78,448.002,50,0.0,0.998,0.01,1605.055,0.763,0
94.160029,26.754122,90.143,0.501,245.803,601.058,10,0.124,0.054,0.001,1474.771,0.01,0
93.022589,24.9409,59.546,7.296,39.353,429.327,10,0.128,4.464,0.001,1455.988,0.83,0
95.212963,27.220734,112.058,0.04,222.779,354.032,40,0.125,0.002,0.15,1384.233,0.052,0
91.474311,26.228136,49.853,3.376,41.331,143.109,10,0.13,0.642,0.01,1615.633,1.342,0
94.90519,27.460559,105.811,0.646,45.365,445.251,10,0.123,0.075,0.001,1664.622,0.015,0
92.310517,24.474368,26.479,3.11,356.246,121.432,10,0.125,0.577,0.001,1158.012,0.083,0
92.604201,26.075484,58.5,1.676,210.018,208.37,40,0.127,0.259,0.15,1493.277,7.329,0
94.208542,27.069127,86.545,2.691,327.945,550.552,40,0.121,0.742,0.15,1505.246,20.236,0
95.579099,27.385971,139.782,1.378,3.191,202.387,50,0.12,0.201,0.001,1359.934,0.033,0
95.434323,27.310322,123.098,2.452,340.913,286.218,40,0.122,1.085,0.15,1373.461,27.291,0
94.197883,26.66427,99.838,3.006,193.454,228.975,50,0.124,0.729,0.01,1386.089,1.25,0
91.926405,26.097066,126.114,12.382,321.853,246.214,10,0.128,3.446,0.001,1646.983,0.728,0
91.521245,26.75291,122.688,4.88,105.582,114.487,10,0.126,1.036,0.001,2123.102,0.278,0
93.069183,24.89458,37.304,0.927,129.228,281.892,10,0.124,0.12,0.001,1477.154,0.022,0
94.843237,27.117231,102.333,0.578,105.48,409.802,10,0.126,0.065,0.001,1518.8,0.012,0
94.997093,27.197517,101.824,0.108,272.178,28.622,40,0.126,0.019,0.15,1594.734,0.563,0
94.906108,27.145153,103.897,3.223,205.239,489.09,10,0.124,0.938,0.001,1545.842,0.181,0
90.230937,26.222672,34.573,1.505,202.611,181.02,50,0.122,0.297,0.01,2085.305,0.759,0
91.01622,26.11011,38.653,1.981,187.744,85.865,40,0.144,0.321,0.15,1736.042,11.831,0
91.057633,26.508512,45.257,0.06,317.135,161.91,40,0.128,0.003,0.15,2257.62,0.148,0
92.681097,24.798902,21.019,4.751,189.557,286.218,40,0.123,1.001,0.001,1577.64,0.195,0
92.30135,26.350936,58.975,3.882,99.917,174.1,10,0.127,1.016,0.001,1565.943,0.202,0
91.809703,26.771703,144.797,0.375,257.571,469.433,10,0.126,0.095,0.001,1794.052,0.021,0
94.50969,27.251854,91.313,0.485,82.383,28.622,40,0.12,0.132,0.15,1539.929,3.674,0
93.919932,26.572897,91.686,1.379,327.263,287.646,40,0.126,0.312,0.15,1586.172,9.325,0
90.969429,26.37883,42.476,2.006,271.43,682.737,10,0.128,0.431,0.001,2115.516,0.124,0
92.565886,24.719241,22.487,7.166,280.964,404.774,10,0.125,2.249,0.001,1476.483,0.415,0
94.785468,26.980664,94.355,0.209,110.353,85.865,40,0.123,0.017,0.15,1465.844,0.466,0
91.573768,26.317619,49.118,7.09,136.612,206.395,10,0.127,2.218,0.001,1582.736,0.444,0
92.247276,26.311147,52.416,0.174,165.424,217.977,40,0.128,0.018,0.15,1570.672,0.54,0
92.72756,25.869386,93.103,19.711,325.628,40.477,10,0.128,15.894,0.001,1290.749,2.623,0
92.81222,26.872926,86.909,1.954,350.923,425.494,10,0.126,0.417,0.001,1780.872,0.094,0
93.914759,26.993599,84.737,0.967,90.587,257.596,10,0.125,0.127,0.001,1561.882,0.025,0
90.622825,26.148691,49.557,1.962,172.51,404.774,10,0.125,0.492,0.01,1841.158,1.136,0
