lon,lat,label,predicted_probability
91.877528,25.382694,1,0.8549820514124116
92.38555,25.258603,1,0.13869510148431474
91.73874417,25.28236861,1,0.8669886014613943
91.090556,25.6655,1,0.8283704540033537
91.295706,25.549861,1,0.20433361203986247
92.420764,25.045386,1,0.8843030542790867
91.895,25.345611,1,0.036589447523716324
91.051053,25.436706,1,0.19183301830724087
91.574727,25.196781,1,0.524300116675842
91.564903,25.935908,1,0.793878910893338
92.423556,25.043914,1,0.9072612815530302
91.267672,25.544936,1,0.8731448574844435
91.688941,25.230063,1,0.8732271408135736
91.75498,25.206426,1,0.8652138401659767
91.527843,25.160222,1,0.3901091613708308
91.943417,25.324889,1,0.8911074380577296
91.854928,25.641388,1,0.8670323822424063
91.973237,25.354644,1,0.8881463582225199
92.373944,25.274,1,0.611050770828007
92.095531,25.234922,1,0.7388266198288579
91.932463,25.326204,1,0.847045871142473
91.147397,25.657083,1,0.2525688881469531
91.247472,25.549639,1,0.7204322603974167
91.453997,25.18955,1,0.8868965409628741
92.513478,25.352431,1,0.8032861397266822
91.77329444,25.49151667,1,0.6582385057849177
92.404806,25.047194,1,0.2642120636038288
92.418778,25.044056,1,0.904335262172328
91.69041,25.208256,1,0.8572790591024352
91.976278,25.362972,1,0.716887057960019
91.022019,25.611361,1,0.35519502515554
92.348025,25.093078,1,0.8519860322134556
91.574222,25.9235,1,0.26231833213744565
91.537764,25.520356,1,0.7606686271723722
90.658611,25.512611,1,0.15514101121334864
91.591553,25.265048,1,0.8445402817821043
91.87473,25.383298,1,0.8786388022505036
91.725397,25.20836,1,0.951456002735383
91.923722,25.529056,1,0.7162140130905967
91.72342222,25.50368056,1,0.5356547254204308
91.709355,25.217558,1,0.8894098870475167
91.871778,25.613583,1,0.8112337303673139
91.848588,25.640264,1,0.8486079074827777
91.396515,25.18676,1,0.2541263410973053
91.714556,25.935708,1,0.7082498261752161
91.762233,25.387912,1,0.684501692320874
91.856276,25.606193,1,0.8322817078471331
92.058583,25.57395,1,0.7217246385593421
92.388306,25.129169,1,0.9051527016820646
91.874586,25.386191,1,0.9328679497034458
91.661011,25.331948,1,0.7776134808334105
90.8146,25.374072,1,0.5144556075252585
91.231139,25.553794,1,0.8224404619244384
92.003389,25.191111,1,0.2065130326926833
90.69972,25.39799,1,0.46143816069771976
92.202239,25.265158,1,0.9364610581901651
92.610181,25.375719,1,0.6586055567526157
90.29,25.61,1,0.22020866614098453
89.99,25.58,1,0.052502429884422545
91.61775,25.548306,1,0.7734239754702124
91.934395,25.332836,1,0.8921267353288006
91.268972,25.523083,1,0.8539051549175227
92.018322,25.874293,1,0.09357834429488074
92.075167,25.215028,1,0.8339562930912263
92.00675,25.346111,1,0.856937176327587
92.096472,25.542694,1,0.8701009829093646
91.25985,25.5208,1,0.7154224574351512
91.599771,25.205651,1,0.7620924051697463
91.778704,25.408236,1,0.6376475878188455
92.141353,25.156419,1,0.7657100011694502
92.2225,25.197283,1,0.33558736466682443
91.162711,25.636747,1,0.5169910410013067
91.862917,25.438495,1,0.6983191340033703
91.89945278,25.65060556,1,0.6639608288805342
92.114167,25.747597,1,0.8920166517738585
91.448328,25.522717,1,0.6716533111006618
91.037664,25.629003,1,0.9117656000536524
90.833917,25.560028,1,0.5796611453272343
90.70111,25.39766,1,0.32621566404868624
91.87553,25.937,1,0.6628488603146636
91.602361,25.537972,1,0.6118644424163325
91.858667,25.954889,1,0.6410767033686482
91.775111,25.338711,1,0.7954733977803075
91.993367,25.39897,1,0.8025901297075665
92.182167,25.430111,1,0.9667049440135885
91.57685,25.282485,1,0.820838034446018
90.70813333,25.45903056,1,0.43758914113859276
92.384639,25.2625,1,0.6452120366148456
92.380042,25.280528,1,0.7000290695604227
91.395711,25.528308,1,0.3094243926024799
92.065389,25.211722,1,0.8341379228245228
91.870861,25.612528,1,0.8630569481669029
91.874028,25.3763,1,0.8784598551403474
91.164169,25.628758,1,0.929826251229438
92.329689,25.563472,1,0.8551404433800985
92.1991,25.197283,1,0.7612229641581025
92.452931,25.611931,1,0.672358927698142
91.755686,25.205307,1,0.8608154553767431
91.860278,25.978803,1,0.540859015696471
91.174906,25.607567,1,0.8800403294384939
91.872712,25.259326,1,0.8368040177885089
91.831023,25.573653,1,0.8270024506453112
92.19417,25.44889,1,0.8556279723367664
92.222392,25.133911,1,0.9687953586006876
91.157706,25.606189,1,0.40303447525084235
91.082944,25.455639,1,0.49811192155331213
91.942194,25.324806,1,0.9112868719036533
91.874872,25.27197,1,0.9213550741791662
91.89353,25.351304,1,0.6135306263287519
92.434525,25.042408,1,0.8057688269803825
91.975083,25.668469,1,0.8730976414141942
92.350506,25.113475,1,0.9256123389577777
92.38702778,25.16400556,1,0.7243537703037369
92.423675,25.044733,1,0.6673486450430577
92.380278,25.134972,1,0.8941812632359519
92.4215,25.045111,1,0.8777554924986447
91.687776,25.228272,1,0.8646616385109909
91.242444,25.549667,1,0.31718419895848554
92.195708,25.152367,1,0.23844650325550257
91.11836,25.69483,1,0.8075364059481558
91.33367,25.31488,1,0.9274625563112618
91.933972,25.326694,1,0.8649071003547029
91.185833,25.221572,1,0.9198525134712732
92.584781,25.339339,1,0.8494276616735061
91.560703,25.945225,1,0.8011862929710205
91.869222,25.422194,1,0.642602716580682
91.662111,25.795444,1,0.6216009319186552
91.974979,25.360351,1,0.7241707080769474
91.198556,25.496861,1,0.7477943333224192
91.59150278,25.44835,1,0.4191013130541511
91.903777,25.695552,1,0.828899739098967
91.055556,25.699306,1,0.836107414634938
91.870266,25.614664,1,0.9116893257023537
90.698611,25.47542,1,0.42563932843176827
91.745297,25.229706,1,0.7024872537778245
92.687186,25.316589,1,0.7056469923435581
91.827526,25.571747,1,0.808462116250167
91.748917,25.227249,1,0.7575916877704909
92.359361,25.079722,1,0.760831081353379
91.93345,25.637189,1,0.8317770277508748
91.85406,25.95847,1,0.313094975917899
91.143689,25.660825,1,0.5127472539549309
91.514383,25.524931,1,0.7939990099064096
91.1765,25.585389,1,0.04809589216887695
91.972582,25.350166,1,0.871923329136945
91.872066,25.393914,1,0.8043182008152784
92.09842,25.54261,1,0.36085835033708485
91.765544,25.353486,1,0.8733316046552418
90.63220278,25.21022222,1,0.47305585613235235
91.737944,25.568056,1,0.6563593092335813
91.755789,25.205465,1,0.8343989133907289
91.563069,25.940439,1,0.5935807769327084
92.241,26.061,1,0.5683863957767701
91.263722,25.544889,1,0.6305620399559472
92.18784722,25.45351667,1,0.7973925292861168
91.77902778,25.49736111,1,0.5570974136723148
91.762345,25.223307,1,0.6019588954566057
91.270722,25.544917,1,0.7556839670061383
91.528337,25.159469,1,0.45965274067310297
90.38,25.65,1,0.3185404892663533
90.807778,25.635556,1,0.7390983620475383
91.28335,25.50335,1,0.68175307171478
91.231417,25.206763,1,0.7899209657052796
91.922017,25.301383,1,0.870436492707702
91.693249,25.229161,1,0.7687410485541928
91.930853,25.294601,1,0.8713262392345844
92.071167,25.64575,1,0.8161499143538986
89.98,25.53,1,0.04599592748995903
92.430244,25.044136,1,0.8838412143238876
91.647944,25.687856,1,0.6881318707639469
91.5159,25.40023,1,0.4285464336180482
92.214519,25.14965,1,0.7294702900065487
91.890667,25.641194,1,0.764119349262003
92.353708,25.092981,1,0.9645832921454333
92.095806,25.450464,1,0.8292034430794336
91.923021,25.315176,1,0.8947604020171881
90.21,25.51,1,0.562315628476761
91.714409,25.222501,1,0.9215331528209227
92.006278,25.356461,1,0.8141777583888362
92.069472,25.490472,1,0.9545219137842984
92.385231,25.261117,1,0.74861003892293
91.988473,25.385535,1,0.7298756196232147
91.647706,25.548089,1,0.028474476404525256
92.104778,25.545139,1,0.8689109604774254
92.209583,25.233583,1,0.6816371634911152
91.645033,25.549789,1,0.5377084270731476
91.741225,25.2071,1,0.8603701315662899
92.055139,25.592972,1,0.7098806147777913
91.20908,25.20283,1,0.09961440571382782
91.858336,25.972964,1,0.7357317034192984
91.881583,25.853111,1,0.1465611346785719
92.504228,25.321975,1,0.6282741098512061
91.646032,25.209427,1,0.7872043333174262
91.693551,25.229822,1,0.9049690444425776
91.817767,25.450628,1,0.7875371079674647
91.90194,25.56667,1,0.06606272931523013
91.645731,25.691453,1,0.8222605844276442
91.01,25.8,1,0.4320804079745574
91.925218,25.302544,1,0.5535187358027175
91.387092,25.221406,1,0.9071955313529022
90.18,25.67,1,0.27219433581781727
91.244417,25.549139,1,0.4697310456556294
91.209156,25.572492,1,0.9126971267571012
92.28894,25.42142,1,0.038704643519317614
92.065517,25.211814,1,0.8341379228245228
92.0625,25.343028,1,0.8397367583063008
91.896406,25.708426,1,0.74913375758368
92.181333,25.439833,1,0.9319714627418094
91.87197,26.02897,1,0.48011349215389126
90.63944,25.23908,1,0.4107762771635488
92.356889,25.091361,1,0.9071438931551372
92.351017,25.096592,1,0.9366931270294
91.383208,25.266939,1,0.48347528537125756
92.077361,25.215611,1,0.45534619337128956
91.59103889,25.44743611,1,0.5195110747194325
92.367964,25.149603,1,0.8569459003816657
91.931808,25.326063,1,0.8786711872859657
91.187,25.220764,1,0.6538778312334063
91.263214,25.527781,1,0.6642038560432894
91.220686,25.565489,1,0.2550013619759067
92.180639,25.148083,1,0.9164524609990754
92.007917,25.347444,1,0.9173965034576942
91.817118,25.449349,1,0.5655262139874289
92.242444,25.576806,1,0.7735565867804439
91.176972,25.581983,1,0.9680255970268682
91.877194,25.927972,1,0.5075702290754363
91.875111,25.619861,1,0.934081468698288
91.644486,25.700053,1,0.8210190654379882
91.922585,25.301559,1,0.8376277694814589
91.893414,25.32765,1,0.3468091465535491
91.618106,25.5502,1,0.759285221614033
91.066778,25.667472,1,0.8803301873934779
91.867354,25.282608,1,0.8006209517424224
91.656183,25.687442,1,0.786082953110673
91.738698,25.243783,1,0.8830224183190146
91.234,25.201,1,0.007898222751710296
91.498556,25.587111,1,0.6228650919817152
91.701458,25.226046,1,0.9730263704326143
92.178881,25.232417,1,0.5025797253189903
91.45242,25.31458,1,0.8675787922223053
91.881,25.364889,1,0.8755166746206295
91.563917,25.936583,1,0.8304437865717065
92.355972,25.097997,1,0.9283536972359328
91.747962,25.212554,1,0.8226432824838892
92.029531,25.184381,1,0.5149446959193729
91.268575,25.544906,1,0.6296613748270893
92.069278,25.490475,1,0.8917646038274307
91.659568,25.326032,1,0.6309705681597777
91.872324,25.397287,1,0.6486702852035628
92.51236,25.35093,1,0.28669142946581194
91.714389,25.934889,1,0.523173952899044
91.891461,25.34555,1,0.7822836564993033
91.9245,25.301444,1,0.7493195023019444
91.866626,25.24327,1,0.8168549802781306
92.335667,25.084611,1,0.7376768555982118
90.7005,25.48586,1,0.1176137988225756
92.103175,25.545083,1,0.9039042175912597
91.309872,25.615092,1,0.8227331438219523
92.363317,25.075567,1,0.8470976252773529
91.938389,25.324861,1,0.7951347816060994
91.163172,25.629683,1,0.7745994574540885
92.361083,25.083361,1,0.5764753459090732
91.828292,25.572312,1,0.7169435164083876
92.008278,25.346972,1,0.8551783892591717
92.370786,25.073731,1,0.7513681909621615
91.094806,25.670083,1,0.9310964836732857
91.02,25.79,1,0.46499420026585503
91.935222,25.325889,1,0.8330715529811276
92.589778,25.333758,1,0.7302848697467845
92.417747,25.164133,1,0.4126823802319216
92.102033,25.544506,1,0.8297410294224138
91.580161,25.282943,1,0.9109348812609087
92.096972,25.542806,1,0.8931554504577999
91.648044,25.692947,1,0.7261221475635681
91.765256,25.222528,1,0.613357728621653
91.050361,25.436306,1,0.16920823081471262
92.399047,25.052236,1,0.348937366909537
91.056556,25.690833,1,0.6737160689505675
91.874917,25.389028,1,0.9045138693791438
91.753423,25.576847,1,0.6978960109900917
91.87005,25.614537,1,0.8361557639388869
91.726722,25.300389,1,0.7194300017705086
92.180472,25.426194,1,0.7151047946555361
91.206556,25.536889,1,0.8598929109340889
91.73361111,25.49833333,1,0.15343064223024672
91.055144,25.647514,1,0.7936646406200506
92.222064,25.136047,1,0.9704425176604737
91.97208333,25.35861111,1,0.8028486333557019
91.73898,25.206686,1,0.8748693408851554
92.226278,25.559778,1,0.6519066534258755
91.871851,25.391723,1,0.880294022901953
91.657153,25.763347,1,0.6759444282219517
91.525222,25.158643,1,0.5224222649701221
91.054778,25.698667,1,0.8713449147958647
91.65815,25.180032,1,0.743522204742407
92.361667,25.079,1,0.8406394571342245
92.203,25.263806,1,0.9146807691629978
92.223278,25.229972,1,0.7639831268226457
91.909806,26.007083,1,0.6740436803894875
92.330142,25.561281,1,0.7744788481259691
91.893423,25.349742,1,0.3968560982417925
91.929306,25.301167,1,0.7895532249555527
91.833286,25.568837,1,0.8059397953846419
90.808153,25.565569,1,0.2206463540545882
91.738428,25.206573,1,0.7492167346804719
91.158528,25.644222,1,0.9025243039171248
92.400678,25.049744,1,0.24432830259846516
89.98,25.57,1,0.230726682738375
90.33,25.62,1,0.48976599058758674
91.096139,25.671944,1,0.9048681275626499
91.250286,25.550122,1,0.9031304315966414
92.04425,25.463778,1,0.777634838281353
91.761486,25.188327,1,0.5981305591109615
91.740497,25.206885,1,0.8566677775389866
92.357906,25.087917,1,0.9219876450830922
90.06033889,25.38163333,1,0.414440680306279
91.450545,25.247518,1,0.9025410182684183
92.181083,25.439889,1,0.7819626706089465
90.814503,25.552992,1,0.7961812330118204
91.747094,25.243358,1,0.9069925758334066
92.345397,25.281122,1,0.8859854974226117
91.863883,25.998847,1,0.6269853408104928
91.875273,25.269949,1,0.8426213921017567
91.9275,25.320833,1,0.8047236356922575
91.882861,25.759278,1,0.11044811643526437
91.744914,25.20655,1,0.853716358571034
92.206058,25.153272,1,0.7766147170174446
92.380058,25.068158,1,0.6488790823934237
91.02,25.81,1,0.8584554100865527
91.881361,25.852222,1,0.355629843367978
91.798278,26.08125,1,0.7400020045798928
91.159222,25.643494,1,0.6321057166600593
91.735929,25.224654,1,0.8497141757393498
92.69525,25.309969,1,0.7051948303264193
92.200472,25.200333,1,0.7675126530703373
91.736208,25.205623,1,0.8638477742961438
91.726475,25.298951,1,0.7712151445118103
92.2235,25.229167,1,0.6429181706442623
91.644528,25.696489,1,0.7640550970248496
91.47,25.84,1,0.5763307977579379
91.710947,25.219787,1,0.9307153919410107
91.205647,25.533183,1,0.7053552826901439
92.687219,25.318161,1,0.7408687095335302
91.185681,25.618994,1,0.8059608319932324
91.874694,25.386583,1,0.8886027440133388
91.860028,25.599815,1,0.964196142238446
91.224269,25.288467,1,0.8665137021987349
92.213508,25.150286,1,0.6479851288845613
91.548883,25.945619,1,0.8332180924210643
91.086289,25.455817,1,0.3958180015799269
91.091167,25.666028,1,0.8613085810209384
91.562372,25.971897,1,0.8552742571376958
91.533039,25.289055,1,0.7468668378709445
91.546622,25.9545,1,0.8241806561439404
91.07975,25.678306,1,0.6850844409505147
92.37705,25.192422,1,0.8704303200654777
91.892506,25.34815,1,0.6541350068712689
91.866071,25.234097,1,0.7342690570791108
91.646662,25.209703,1,0.9064852180738516
91.237072,25.552647,1,0.10866472632451041
91.746839,25.207515,1,0.8892615391135026
91.225711,25.563239,1,0.8931178655777672
92.5849,25.343939,1,0.853810762101599
91.577214,25.994619,1,0.12477976686777853
91.158153,25.644944,1,0.9400916721812276
91.690972,25.227183,1,0.7708627513726324
90.21486,25.25419,1,0.008417807013606038
91.038136,25.376992,1,0.8059466922104686
91.872232,25.615134,1,0.7814336273935174
91.762714,25.348394,1,0.7495892876545955
91.871711,25.614912,1,0.901270796606122
91.690216,25.23416,1,0.7391810475170073
92.203628,25.262931,1,0.9173489017550044
91.973639,25.536972,1,0.052159840167108444
92.5735,25.35465,1,0.7063627987928804
91.882639,25.359985,1,0.8582536411526898
91.225694,25.508,1,0.8265291686327298
90.21678,25.51028,1,0.41576758355143784
90.33,25.63,1,0.5998868236471244
90.63216111,25.21273889,1,0.40328162805917056
92.388583,25.12186,1,0.9402733170487432
91.180708,25.602683,1,0.9192208297196149
92.429333,25.044833,1,0.8062040967020184
92.360322,25.083061,1,0.7649901358335476
91.887028,25.626417,1,0.3442396015075319
91.923167,25.298806,1,0.029498104801396117
92.388083,25.126972,1,0.946332683014928
91.266444,25.519556,1,0.12135970705569875
91.764766,25.390714,1,0.8413543632873665
91.7831,26.086975,1,0.5248165547271465
91.217222,25.569222,1,0.808339049763938
91.573658,25.181759,1,0.7389766632979373
92.10214,25.54264,1,0.2682743575127971
91.89733611,25.64906111,1,0.7263409958626792
91.68776,25.23572,1,0.7574832241466186
92.096172,25.236428,1,0.7519695504493185
92.239928,25.157592,1,0.7948497126651336
91.679575,25.535628,1,0.15421508279717236
91.719631,25.509358,1,0.4600957924519773
91.869632,25.614112,1,0.8086873289154394
90.969222,25.311336,1,0.6756957982566071
90.31,25.61,1,0.3123898280739123
91.707094,25.218961,1,0.848424401635397
91.856222,25.60339,1,0.9301221369163596
91.176394,25.599817,1,0.3352536930223294
92.0125,25.541611,1,0.7396664356875625
91.863037,25.225772,1,0.47496479632208793
91.637545,25.181969,1,0.6592003662462561
91.45855,25.4013,1,0.5771709795325847
92.107806,25.746806,1,0.48774708055104393
91.868197,25.256259,1,0.8814923817986592
91.889417,25.359611,1,0.8535253202211084
91.777559,25.338631,1,0.8606407030440886
91.874568,25.382428,1,0.911101792155283
91.767889,25.35525,1,0.8937106572257549
91.28443,25.51973,1,0.015007350861529245
90.37,25.56,1,0.7034989338705256
91.844234,25.637274,1,0.9306149433325381
91.235733,25.546456,1,0.9179132330280029
91.06105,25.436875,1,0.700530510012763
91.866528,25.430167,1,0.8802234637285333
91.918861,25.5275,1,0.6768454761644024
91.174728,25.239068,1,0.8566521580240484
91.235222,25.546553,1,0.8869500901329782
91.095233,25.6715,1,0.7384174475385072
91.843235,25.636913,1,0.9065866115628377
91.205492,25.534486,1,0.6797167332475735
91.740164,25.223769,1,0.7893751327719789
91.26188611,25.52901389,1,0.7831404471171187
92.371186,25.074439,1,0.8733098336864663
92.35925,25.092083,1,0.9302457190297699
91.693006,25.22175,1,0.7690356037356069
91.968889,25.951106,1,0.6786217745342107
91.163575,25.496367,1,0.7661076672309776
91.721317,25.423674,1,0.8460417926315842
91.189944,25.581822,1,0.49237621347424143
91.658069,25.688011,1,0.8484067461666263
91.70312778,25.51046111,1,0.11455279819778759
92.35705,25.117453,1,0.9471692565097918
91.88272222,25.62,1,0.4309684617476185
92.350194,25.112806,1,0.9246815807799352
92.404822,25.047906,1,0.5433568970134457
91.891803,25.711032,1,0.6988145766581062
91.86692,26.00294,1,0.03815913104111784
91.917528,25.311778,1,0.8290934468002178
91.102908,25.669678,1,0.7039398877538163
92.609725,25.375806,1,0.5326203094439361
92.079564,25.189106,1,0.9247404834148657
91.2325,25.551667,1,0.8568799920476621
91.769704,25.398345,1,0.6142951463303102
91.599333,25.895583,1,0.6102863676766875
92.20138889,25.44741667,1,0.8246507129331939
92.202528,25.266222,1,0.7355768257601826
92.692311,25.316519,1,0.7369151691284392
91.932,25.296,1,0.748568473442966
91.575,25.277934,1,0.9219534460190035
91.974469,25.359331,1,0.7736377467874127
92.130417,25.312667,1,0.13355540251444567
91.703961,25.509233,1,0.11516648607984045
91.891,25.345,1,0.7923021409565678
92.38155,25.134293,1,0.8430989048826272
91.708236,25.507586,1,0.287154205019317
91.99194444,25.39611111,1,0.7139917895645944
91.577794,25.273477,1,0.8258168027573675
92.618839,25.363156,1,0.38489638810397764
92.221119,25.230047,1,0.7649852307463001
91.284283,25.545939,1,0.7993541074609994
90.807167,25.479069,1,0.3816272579724059
92.069033,25.489833,1,0.9300241393141776
91.769417,25.397722,1,0.4260193512318588
92.365028,25.104417,1,0.8545766690287
92.692,25.316519,1,0.7399728665288205
91.11,25.8,1,0.5972411181332916
91.134778,25.644833,1,0.8337280796800935
91.679456,25.237221,1,0.6761308228230514
91.635431,25.660539,1,0.44186582635603705
91.871158,25.614807,1,0.9237800309671205
91.915944,25.663444,1,0.8262446543228514
91.75219,25.577212,1,0.7495535244174385
91.883122,25.359923,1,0.8416979819014518
90.3,25.61,1,0.2370434804198392
92.054889,25.970062,1,0.9202946235876743
91.037139,25.628361,1,0.8447463672131637
91.162786,25.632286,1,0.9237288362382133
91.940667,25.324583,1,0.7846046030988284
91.53712,25.40547,1,0.5662526208062144
90.68,25.50781,1,0.27891746295335534
92.11539,25.53458,1,0.5668714016496067
91.88225,25.760611,1,0.2599766957150544
92.19525,25.43630556,1,0.6041671524366959
91.874884,25.27142,1,0.8278286584980765
91.885111,25.359306,1,0.8272789251653491
91.570335,25.18092,1,0.6727556532271559
92.109694,25.696556,1,0.2795858216238457
92.370953,25.075167,1,0.8763379260297889
91.973477,25.358977,1,0.8857349024374853
91.709405,25.216805,1,0.8726728572861969
91.276144,25.545206,1,0.7750489430668639
91.876944,25.376083,1,0.8165729821190373
90.818103,25.557833,1,0.7350189319523108
91.224333,25.507528,1,0.8891040765318744
92.001556,25.539611,1,0.8508802767407493
91.521389,25.523,1,0.4177914891361627
92.37394,25.11303,1,0.618292174180957
91.325403,25.545642,1,0.8675891797126771
92.198194,25.156889,1,0.5500554547883778
91.872484,25.394983,1,0.8687824060403568
92.2215,25.231383,1,0.762546254398398
92.359111,25.079028,1,0.8115676867943736
91.917379,25.59578,1,0.35073333790018496
91.227694,25.560931,1,0.9425545380625061
91.206972,25.53725,1,0.7345684523475088
90.44,25.79,1,0.21916256923007665
92.201147,25.202886,1,0.6548076712642477
92.217497,25.143969,1,0.956706503963098
91.851852,25.64213,1,0.7975558149781298
91.223883,25.507378,1,0.8962583888687627
91.34622,25.44465,1,0.5648551115171497
91.057,25.691444,1,0.6531056752025792
91.071747,25.295881,1,0.6254162433607451
91.884164,25.391265,1,0.8226599310400129
91.208528,25.537636,1,0.8181571541173686
92.381497,25.264575,1,0.7970386213963297
91.826228,25.571555,1,0.8826995908484058
91.154383,25.649856,1,0.18473608516263365
91.56964,25.295624,1,0.9017497941531146
92.386975,25.062025,1,0.6232682807313629
91.878497,25.365263,1,0.4851731975867143
91.691293,25.227063,1,0.8790625066089175
91.6485,25.687056,1,0.8159299369610832
91.740262,25.218732,1,0.7670592272266279
91.828833,25.57255,1,0.833214296456347
91.756477,25.381107,1,0.8416872835531807
91.860814,25.599762,1,0.8639652123322531
92.358378,25.114997,1,0.9471992514700435
92.118833,25.704083,1,0.5275595523409239
91.876487,25.627946,1,0.9007094418418901
91.829725,25.626794,1,0.7219549436104897
90.34,25.56,1,0.5942563285715061
91.86235,25.997033,1,0.6774942419965821
92.35869,25.08586,1,0.256482286504671
92.191308,25.151189,1,0.8746818326308312
92.1,25.54231,1,0.8333833978564184
91.034889,25.361056,1,0.48883076303338735
91.8838,25.360004,1,0.8683385337320935
91.851055,25.642198,1,0.8954857754793454
91.561125,25.972322,1,0.6777850146630342
92.415139,25.527489,1,0.4569627361719444
92.351128,25.111331,1,0.9358996200569489
91.520556,25.545722,1,0.09758682721960682
92.359972,25.081381,1,0.7010520777343093
91.1782,25.599575,1,0.8780009195042995
91.73381,25.217886,1,0.58320823335842
91.46977,25.38803,1,0.30998092018335843
92.43675,25.038361,1,0.7447246276924953
90.03,25.6,1,0.06472456534008611
92.045428,25.214153,1,0.8017620370854363
91.832906,26.022094,1,0.3895125265133952
92.368778,25.073,1,0.5141755845236007
91.18275,25.698111,1,0.7363107582682655
92.510928,25.484178,1,0.33983022854158335
91.671157,25.223553,1,0.7744917952746346
91.618979,25.182254,1,0.922822974409886
92.03754,25.776087,1,0.7520044298950979
92.19447222,25.44233333,1,0.26423710486266877
91.742294,25.208593,1,0.8187760931881083
91.056611,25.6985,1,0.5557553624697744
92.015731,25.400194,1,0.7880680759963067
91.726268,25.299931,1,0.6817065184137775
91.865449,25.277215,1,0.7278447463654316
91.631989,25.220023,1,0.8026366957760774
91.597819,25.667744,1,0.8481902031858185
91.877117,25.387781,1,0.8243060944681846
91.723028,25.504083,1,0.6322945330930285
91.178883,25.671125,1,0.5383092738815959
90.22,25.5,1,0.45015407971657967
90.724166,25.403061,1,0.4845500337896732
91.882943,25.359922,1,0.8821964042482663
91.650858,25.687083,1,0.8705337848185745
91.215056,25.570361,1,0.3478008212050746
91.59067778,25.44716111,1,0.7549039270998001
91.891987,25.346641,1,0.6865474171110508
91.560822,25.972469,1,0.6769083641527422
90.29,25.6,1,0.6091543934333992
91.489558,25.160398,1,0.44935307331450713
92.19836111,25.43505556,1,0.7332205999557918
92.056762,25.970032,1,0.9374516553792165
91.040468,25.191366,1,0.6297972580131143
91.691398,25.222564,1,0.8216490036721628
91.389142,25.216169,1,0.6174359310316941
92.55128,25.571,1,0.5069266412658184
90.809919,25.558058,1,0.594241978498569
91.988294,25.38707,1,0.9363725437478116
91.891833,25.633896,1,0.7862585009592586
91.754441,25.226751,1,0.6835405810222879
91.075778,25.305047,1,0.7693510750436756
91.858857,25.199311,1,0.5421048330003228
91.735629,25.216464,1,0.8122254086044287
91.862729,25.423839,1,0.9085485751964573
91.857168,25.437036,1,0.7409303866654097
91.341175,25.549961,1,0.6286275897450238
91.215472,25.544028,1,0.793636493155184
92.004972,25.356361,1,0.8778646891513228
91.139559,25.197881,1,0.7661763799120641
92.003131,25.358972,1,0.8855491384326727
92.009611,25.341306,1,0.8225462335479992
91.844464,25.637026,1,0.8146177207899554
91.87886,25.630652,1,0.8496828337243105
91.819054,25.452164,1,0.8162424978336548
91.900528,25.656408,1,0.547191944150851
91.963018,25.228755,1,0.18018619775193587
91.867083,26.033583,1,0.37742274700799894
91.689803,25.234952,1,0.8405050833908408
90.68972,25.5014,1,0.19398458819812084
90.881372,25.440153,1,0.8695020435768144
92.427761,25.044442,1,0.2068991271664754
91.56525,25.935833,1,0.7920101437887824
91.325575,25.299369,1,0.8968180044522586
91.635083,25.660333,1,0.42484041989628735
92.017832,25.75634,1,0.8423658774693418
91.87187,25.257449,1,0.720859882828491
91.114858,25.668317,1,0.8703001447490908
92.331806,25.551667,1,0.8054905522841811
92.117333,25.747333,1,0.8807768014739139
91.646315,25.209456,1,0.9095401765393135
92.057722,25.576203,1,0.27352209232190255
91.898222,25.654639,1,0.6797076242459346
91.14,25.83,1,0.1547850586853753
91.208223,25.211269,1,0.8634864166127924
92.010558,25.347353,1,0.8341098674455878
91.45262,25.31848,1,0.9392092987796036
92.19558333,25.44177778,1,0.16946063818999277
91.100222,25.66975,1,0.7991294157558946
91.8736,25.2608,1,0.8625691683168263
91.43212,25.23707,1,0.9019893363838902
91.8773,25.388039,1,0.9237571071801981
91.738387,25.216078,1,0.7892118394439814
92.10867,25.54261,1,0.6375831252554718
91.176158,25.606969,1,0.9663981966537727
91.181611,25.581572,1,0.974034985933424
92.383528,25.134194,1,0.8026935402836375
91.704403,25.224506,1,0.9470393971661576
91.1347,25.663303,1,0.8943117127555612
91.09525,25.670639,1,0.9254290753490748
91.230911,25.558489,1,0.9261116169225057
91.590875,25.214783,1,0.6323418897129592
91.576839,25.180536,1,0.6866698570352201
92.187806,25.228472,1,0.44308768860876824
91.719886,25.221164,1,0.8461438638826005
92.204897,25.266067,1,0.9367833038395971
92.431275,25.37539167,1,0.706128628211136
92.243069,25.122381,1,0.7318361797079584
92.5314,25.36565,1,0.8076289586416339
92.143462,25.796657,1,0.6949101210258477
92.19452778,25.45075,1,0.08656210615351433
92.572861,25.354239,1,0.4980240620632764
92.388389,25.165222,1,0.9357551866426902
92.111139,25.746722,1,0.905092734299323
91.035939,25.359281,1,0.6786819385470279
91.736341,25.206892,1,0.8447837466984969
91.177453,25.600736,1,0.8348359123645682
91.930833,25.294778,1,0.564352043733994
92.423908,25.044417,1,0.8945972333633209
92.10478,25.54328,1,0.8993815057126051
91.871139,25.413306,1,0.7393794968676705
91.871763,25.257286,1,0.7160627046979795
91.868639,25.613917,1,0.8154362098317505
92.090611,25.226806,1,0.7030145103868477
91.879889,25.372139,1,0.9168099114401569
91.688857,25.236582,1,0.8551962935347027
91.157039,25.607458,1,0.814404710628279
91.932235,25.637365,1,0.910329368802332
91.677786,25.240338,1,0.7557280047105716
91.144308,25.660275,1,0.763600595465353
92.236,26.0591,1,0.13297571640619707
91.044806,25.639417,1,0.3615437635672181
91.182614,25.625331,1,0.830429532158726
92.350111,25.095131,1,0.9308308786897118
91.875028,25.391944,1,0.8085348560025963
91.578074,25.27342,1,0.8571632268391249
91.232894,25.550608,1,0.7725148028764438
92.372161,25.073217,1,0.3741886422121597
91.092333,25.667417,1,0.8002757922360079
92.069028,25.343528,1,0.24479988407298028
91.091972,25.667072,1,0.8765732538140452
91.207542,25.537344,1,0.8028946545272033
92.405806,25.047556,1,0.6269492736231795
92.35469,25.09178,1,0.9530354692467294
91.063169,25.667597,1,0.8554698409685105
92.208028,25.206972,1,0.6047632911655761
92.202139,25.569333,1,0.6381696211569233
91.745894,25.209568,1,0.8457118090148924
91.175628,25.598908,1,0.43734043538697437
91.899342,25.64366,1,0.8874400617634781
91.467683,25.525533,1,0.5577797579225526
91.57517,25.205078,1,0.6041731646377144
91.228028,25.560667,1,0.9755487073631383
91.825464,25.571256,1,0.8486342563191799
91.229167,25.357472,1,0.7173091740577966
92.584269,25.343111,1,0.8397111308148006
92.409156,25.047444,1,0.49195056313588764
92.155361,25.191611,1,0.7920046238871015
91.28318,25.50667,1,0.6401996089119639
90.822539,25.716594,1,0.5021993556712672
91.880278,25.865894,1,0.5811344458451789
91.872745,25.617787,1,0.963209433568945
92.410444,25.045389,1,0.8313583658772522
91.117675,25.496081,1,0.8101270354119741
91.923138,25.301676,1,0.8418318293105187
91.777328,25.585875,1,0.5666983205584313
91.228547,25.558442,1,0.7756993484607466
91.647703,25.692933,1,0.9249434974906353
92.181278,25.426306,1,0.7119260543431584
91.998889,25.407917,1,0.30346065640753844
91.0555,25.693222,1,0.9479513871242818
92.430333,25.044778,1,0.8838028092131799
92.341433,25.282267,1,0.7622881571433834
91.763619,25.222304,1,0.5927590244312934
91.096836,25.462319,1,0.8464836599645141
91.876562,25.616596,1,0.7269054761931404
91.292589,25.547867,1,0.5738051169717204
91.185611,25.582061,1,0.8475365928435615
92.266856,25.578206,1,0.49085201884261975
91.662067,25.542744,1,0.7773134292344637
92.435028,25.042556,1,0.8163063437127481
91.225489,25.356475,1,0.9138481486569728
91.066028,25.672167,1,0.5958562066245638
91.886556,26.027583,1,0.6193779475892006
90.69083,25.39466,1,0.42243386364476554
91.862056,25.43561,1,0.6438231123766666
91.742919,25.446933,1,0.7884663610344642
91.580418,25.26851,1,0.8848654663441704
91.733388,25.240315,1,0.8346511931159712
91.592357,25.207314,1,0.8758127839957743
91.879611,25.36925,1,0.9376160248492742
91.944944,25.300281,1,0.6623979022578872
91.97433333,25.35908333,1,0.8357260637910076
91.757906,25.382898,1,0.8104706199558934
91.87717,25.92792,1,0.5075702290754363
91.85725,25.956333,1,0.13527728095225855
91.246583,25.549333,1,0.802456918838441
92.178114,25.148019,1,0.9259957429232095
91.831851,25.57428,1,0.7935348797051501
91.44913,25.31488,1,0.9164320155120013
92.388056,25.165028,1,0.9293863780896858
92.077639,25.215583,1,0.826024538893392
91.866854,25.243671,1,0.8570714669202547
91.237317,25.583236,1,0.7246389531386697
92.387525,25.297628,1,0.795513404939796
91.64700833,25.36103333,1,0.7158858042237572
91.899,25.649222,1,0.7911660760561395
92.047306,25.21225,1,0.6724193402790927
90.802981,25.416456,1,0.2207696002284818
91.742535,25.204882,1,0.9118904611309424
91.606889,25.208313,1,0.8069434871654111
91.857,25.96,1,0.4955453790765277
92.685461,25.316069,1,0.9045230592642381
91.882043,25.360132,1,0.8290254266330389
91.927514,25.321102,1,0.7575310993275545
91.297056,25.55125,1,0.5445763910535717
92.058333,25.582167,1,0.7405158492871438
91.9118,25.6251,1,0.6285497800150466
91.859289,25.599096,1,0.8768198333447443
92.436869,25.039097,1,0.7431144555597802
91.67737,25.331209,1,0.8446266147615489
91.569575,25.978481,1,0.7099249974425544
91.640451,25.20111,1,0.908953082823726
92.057405,25.982436,1,0.44035792802125634
91.234944,25.555256,1,0.2945615642493214
92.202078,25.159367,1,0.7822764469075946
91.06475,25.672917,1,0.4719772801328126
92.19108333,25.44138889,1,0.8269122142586026
91.687913,25.228005,1,0.8406308760173581
92.096144,25.247014,1,0.5758208325801243
90.33,25.55,1,0.2311595410317625
92.394119,25.056022,1,0.2862692436699854
92.157917,25.676,1,0.5745770053548925
91.765659,25.581829,1,0.7152337117958482
91.21575,25.569778,1,0.6740429620599614
92.185006,25.435167,1,0.9678209220251425
91.851242,25.958886,1,0.727367318909496
91.892701,25.522768,1,0.7478747657379206
90.71722,25.40121,1,0.6689083950770641
92.153286,25.86575,1,0.6582003081597935
91.86545,25.57822,1,0.4801749374188132
91.821688,25.49137,1,0.6353634965500393
91.648322,25.687431,1,0.6229312611643975
91.040889,25.671583,1,0.9249453449676875
92.18425,25.434972,1,0.9703942583403479
91.86242,25.97256,1,0.5280381937418016
90.791675,25.625142,1,0.1450591530213218
91.693332,25.228344,1,0.6383717541278561
91.932565,25.637779,1,0.8532541148868112
92.181586,25.147942,1,0.8398150568337949
92.455339,25.529408,1,0.3466179621391793
91.454514,25.251211,1,0.8938976459764985
91.76661,25.223708,1,0.6254577420738106
91.87158,26.02547,1,0.22606653035326493
91.642192,25.6999,1,0.6082557483873643
91.63449,25.200934,1,0.8365923882224334
92.177172,25.148158,1,0.9658884209344162
92.096992,25.237361,1,0.6814174995020391
91.578903,25.913997,1,0.609723786997265
91.671435,25.247226,1,0.9349480690401308
91.737919,25.568106,1,0.6563593092335813
91.860578,25.979244,1,0.47695885188005577
91.927752,25.322897,1,0.8654275017186684
91.867487,25.415438,1,0.809622389622135
91.225667,25.565333,1,0.9387296849637147
91.655378,25.687314,1,0.8081802361522292
92.198469,25.156542,1,0.6124646623340966
92.353564,25.092178,1,0.6554325336887308
91.690051,25.234966,1,0.7560022924244769
91.214472,25.57425,1,0.6265984089587704
91.899,25.64908889,1,0.706224581170321
91.890859,25.643591,1,0.7536720716647421
91.118358,25.68625,1,0.9077110743667651
91.876,25.375917,1,0.666937996572907
91.16775,25.624778,1,0.7695399915668905
92.432472,25.042778,1,0.8320889489776114
91.852883,25.956781,1,0.6517800723729278
92.2025,25.569278,1,0.6458548063421086
91.157592,25.6466,1,0.7932382269707033
91.609962,25.273217,1,0.8052996347358522
92.58225,25.342269,1,0.7925361261276649
91.451647,25.24736,1,0.9251823463433554
91.876583,25.787,1,0.5014694165917478
92.073917,25.214944,1,0.8242902558849772
91.089556,25.664111,1,0.9214828180800378
91.153233,25.597614,1,0.8523091675668979
92.375528,25.14775,1,0.5235602433258086
91.269778,25.545061,1,0.662046699685557
90.21,25.5,1,0.2833336670081675
91.616567,25.619625,1,0.7942239971398801
91.883806,25.390444,1,0.8095222232093229
92.141861,25.143375,1,0.6752584933166221
92.420261,25.044947,1,0.6898984523135967
91.229639,25.559222,1,0.9687096994253629
91.689893,25.224417,1,0.8449998593871961
91.571822,25.930386,1,0.8590980604782751
91.866,25.425944,1,0.7644674870613629
92.070397,25.490961,1,0.9009159791906293
91.820806,26.075944,1,0.410524526866153
91.121472,25.66675,1,0.5498519189527041
91.237361,25.580703,1,0.07854398379679449
92.041194,25.653181,1,0.7400049782427578
91.86886,26.01061,1,0.7459501635702136
91.173697,25.612794,1,0.7466988031911985
91.690014,25.169159,1,0.5786108852834508
91.405,25.425,1,0.38499073875430806
92.074139,25.188444,1,0.7446891209430403
92.225272,25.133289,1,0.9784233393786201
91.688252,25.22784,1,0.8151779201066486
90.815225,25.553522,1,0.7833611852534278
91.165211,25.626767,1,0.9407216447373911
91.830791,25.461894,1,0.23585228188189647
91.569611,26.011861,1,0.6992303529394205
91.696177,25.224808,1,0.6451943207049438
92.408878,25.046181,1,0.8467292664935205
90.70860278,25.45939722,1,0.5319284247447364
91.720198,25.22026,1,0.9165621075749899
91.833183,25.571299,1,0.7675849607417465
91.87196,25.390145,1,0.809463460538102
92.176236,25.148303,1,0.7572459164809101
91.724644,25.940978,1,0.45286917406705823
92.370594,25.113586,1,0.9358643493780122
91.757675,25.382563,1,0.7795464946065147
91.989528,26.032028,1,0.8299655291892987
92.175119,25.148747,1,0.5783612583094854
91.177014,25.65835,1,0.8576632278968913
91.581584,25.218821,1,0.589591381401326
91.617083,25.620361,1,0.7704834953217764
91.742134,25.222221,1,0.6740057378833814
91.348931,25.278028,1,0.7094347255263828
91.232636,25.551225,1,0.7979787899286571
92.425444,25.043667,1,0.9340918010821182
91.870692,25.614657,1,0.9400043772121532
91.183972,25.582836,1,0.8623462305289354
92.020584,25.952191,0,0.24506892429042826
91.732094,25.560741,0,0.0672739198736782
90.284524,25.922774,0,0.14469182143343795
90.430018,25.838666,0,0.123431927309641
91.080688,25.204382,0,0.4641307127672761
91.989856,25.729532,0,0.10580397886650683
92.019732,25.339135,0,0.8894186858267464
90.732617,25.434347,0,0.08762546219309099
91.628314,25.169438,0,0.0405680493183559
91.44014,25.591451,0,0.10751743165772894
91.661257,25.277549,0,0.37453821477124083
90.229874,25.739368,0,0.5305840343834191
91.730234,25.47733,0,0.12002396705887464
90.703301,25.723271,0,0.5495775358303128
91.42159,25.488573,0,0.10748334413054683
91.508393,25.400936,0,0.7983451580981319
91.772596,25.534136,0,0.06916192713835176
91.946628,25.542208,0,0.8235016388602936
90.656683,25.874055,0,0.04003913576108323
91.529561,25.836687,0,0.03632117093140102
91.61545,25.541011,0,0.7942459115283556
91.882916,25.881831,0,0.7899409392675524
90.787152,25.658913,0,0.5852618627567352
91.901066,25.684423,0,0.21778996850528992
91.432578,25.56225,0,0.6954526583287245
91.970969,25.954392,0,0.14998923055484312
91.949644,25.61577,0,0.12228786764588134
92.172456,25.233955,0,0.08967465671961761
90.03171,25.657961,0,0.18171798529195832
91.847328,25.502668,0,0.012491079193079931
92.027955,26.037357,0,0.6900088528833362
91.923159,25.569463,0,0.3362210317460318
91.862842,25.656552,0,0.04704099285692622
91.111531,25.682074,0,0.05859056157111313
91.59889,25.497834,0,0.18918293345474213
91.925076,25.666391,0,0.06632443971571202
90.005396,25.707923,0,0.019119931205104915
91.897562,25.583025,0,0.13170939573593027
91.882689,25.592057,0,0.2985254053927702
92.450951,25.514721,0,0.3314668210149841
90.17738,25.73655,0,0.0749249826722429
91.350927,25.181303,0,0.059419007575699914
91.583734,25.514291,0,0.0505343384586833
91.861774,25.207634,0,0.344117348807466
91.388523,25.227097,0,0.5835472639048268
91.756194,25.558014,0,0.5600588270239217
90.653009,25.756489,0,0.6226237304291914
90.499751,25.578808,0,0.05798450277680299
92.123042,25.446931,0,0.25199503389247047
91.553252,25.623809,0,0.8571693341798474
91.94398,25.687717,0,0.06535300435248752
90.976186,25.683381,0,0.024099048717570383
90.951906,25.173185,0,0.3185754536741364
90.79359,25.807669,0,0.32440742125494654
92.228939,25.108931,0,0.6815341592841899
91.881991,25.326784,0,0.05774842212927852
91.85174,25.474004,0,0.1167444251247295
92.226166,25.212162,0,0.8574428218140012
90.995969,25.483154,0,0.2831099636606155
91.526029,25.160967,0,0.05741362210331655
91.931012,25.527771,0,0.3328928393194277
91.094184,25.279035,0,0.04301177552243508
91.96685,25.607433,0,0.1427023550845549
91.243931,25.510223,0,0.1382757898781776
91.944562,25.539397,0,0.35546075575339464
92.213817,26.06771,0,0.7855520152618066
92.168799,25.412266,0,0.3530685946452892
92.051388,25.357645,0,0.11539580715993059
91.753906,25.297428,0,0.5365039356516486
91.880213,25.540473,0,0.31425782187794754
91.228259,25.614844,0,0.7114081325648722
91.901074,25.650415,0,0.8348911216668014
90.581357,25.834237,0,0.06103725286839353
91.600097,25.536036,0,0.5386523099801052
92.010067,25.238754,0,0.0533421913997431
91.650194,25.411767,0,0.038946969018399315
90.493387,25.764569,0,0.09961543412093708
91.636641,25.571706,0,0.1223731055244601
90.339043,25.95895,0,0.3700297688659719
91.742537,25.767619,0,0.5628212997444777
92.301331,25.25966,0,0.08930808962785562
91.926058,25.556062,0,0.06432601357037433
90.698309,25.457304,0,0.2787092537286257
91.59132,25.548376,0,0.05210232493568186
90.614358,25.185136,0,0.12400702244172943
92.467202,25.526436,0,0.3849000215360391
91.660951,25.495825,0,0.1654182479197064
91.819136,25.502696,0,0.025974366719771155
90.97826,25.68148,0,0.06734471131173067
91.415988,25.55449,0,0.16711452501650526
91.975821,25.497242,0,0.05324983209025734
91.900216,25.621091,0,0.2561957331001741
92.257131,26.031649,0,0.6399379311128118
91.904692,25.349827,0,0.7725039013346747
91.293787,25.557897,0,0.39183832523519485
92.151427,25.186241,0,0.2579795015229044
90.389737,25.460671,0,0.5906351965280712
91.641434,25.402562,0,0.13919815422530177
90.366061,25.785336,0,0.11417869840303406
92.632268,25.262055,0,0.055551506444018475
92.000939,25.576828,0,0.20853108943867107
92.032908,25.195975,0,0.1497328579302035
90.043458,25.339485,0,0.12022463446052158
90.560632,25.281014,0,0.4111094557488758
90.093588,25.904466,0,0.10025965541566847
92.071026,25.546799,0,0.565250042142845
92.278662,25.316832,0,0.03312239822358403
92.469223,25.341606,0,0.021231315756382964
92.030822,25.195488,0,0.2039298737898909
91.694722,25.248281,0,0.8716750906863994
91.688228,25.401007,0,0.04922353667918906
91.241072,25.543318,0,0.17343442070821113
91.962681,25.826574,0,0.7882596456832233
91.418854,25.489979,0,0.020526914417445495
91.874834,25.494861,0,0.40350225631230163
91.867509,25.272778,0,0.22335615238985285
91.893754,25.500531,0,0.03339714820503043
91.181543,25.201115,0,0.5995933257059949
90.681306,25.360953,0,0.5643228683985616
91.456037,25.583193,0,0.02156654940875097
91.53307,25.536453,0,0.8809667501032391
91.601044,25.388597,0,0.004722917928195134
91.769544,25.456037,0,0.6225906339237468
91.772356,25.606265,0,0.009018204974919671
92.028373,25.197163,0,0.6323093828831626
91.815388,25.735795,0,0.07119311749702066
90.629234,25.508707,0,0.17965824822577295
91.33002,25.4711,0,0.01585578948673035
91.267334,25.209538,0,0.35628069893178105
91.9976,25.959747,0,0.48772582818856447
91.959169,25.548368,0,0.20848000850634096
90.2013,25.418797,0,0.23966920552214668
91.720405,25.429462,0,0.008048401967964887
92.133251,25.601603,0,0.08679408911284797
91.195159,25.356721,0,0.6762292521474206
90.672673,25.633387,0,0.5209056069371597
91.733766,25.228209,0,0.2296882326851129
91.837426,26.077662,0,0.04727453995317316
91.396763,25.602627,0,0.736242669329255
92.273813,25.246724,0,0.05682628860803152
90.589291,25.782676,0,0.25721316081610196
90.735279,25.654788,0,0.6369804773807655
91.716089,25.467067,0,0.4880558795907196
91.745448,25.790477,0,0.07429444924772634
91.867566,26.019304,0,0.40972926852150193
92.092358,25.336978,0,0.10213818831147561
91.757039,25.604724,0,0.056575177587640794
90.954868,25.674585,0,0.21906177664117663
92.118713,25.623717,0,0.6574649362659951
91.492138,25.399091,0,0.1542413462935569
90.914125,25.649804,0,0.7170021356710224
89.96354,25.527672,0,0.12326822921809708
91.381354,25.317893,0,0.8667269696541824
91.750812,25.231146,0,0.4235461421560915
91.875046,25.512713,0,0.0500895008908782
90.856659,25.501074,0,0.027909356637300663
90.831771,25.163826,0,0.4211979439434426
90.202419,25.933218,0,0.08217502168151257
91.613459,25.503313,0,0.16062094209006358
90.932862,25.204472,0,0.11655294836513864
92.208706,25.347937,0,0.22967060475025464
90.508123,25.772196,0,0.6257667427496023
92.133848,25.915134,0,0.7446583372905421
91.946146,25.608317,0,0.8667967047730822
91.599044,25.440164,0,0.00850270307235828
91.566992,25.168071,0,0.09359420174871429
91.774647,25.359567,0,0.8097344943445166
91.75519,25.447442,0,0.030944946498983536
91.902182,25.594827,0,0.049513974660056026
91.78981,26.061359,0,0.25746809124297115
92.069633,25.883573,0,0.19244176729519116
90.776591,25.904497,0,0.07230440228857053
92.026854,25.502641,0,0.332969655021885
91.78245,25.416661,0,0.3286959921730755
90.656901,25.91884,0,0.034779712043018086
91.988452,25.523493,0,0.4681102898424327
91.244452,25.482919,0,0.05218097950193357
91.348888,25.413168,0,0.0432611338101835
91.333695,25.317485,0,0.28154680808336563
90.904888,25.925185,0,0.5916843178710977
91.779481,25.587632,0,0.5044945983155583
91.375582,25.189393,0,0.3001790450928382
90.303926,25.909402,0,0.12971326745648384
92.242061,25.364941,0,0.07089511566320511
91.160659,25.60062,0,0.9133769877898268
92.622228,25.379352,0,0.054358421546032695
90.820822,25.700706,0,0.25955073186985694
91.882062,25.626146,0,0.45728752998606315
89.863598,25.380731,0,0.1979828772579373
91.796897,25.598465,0,0.04509700775658623
91.828116,25.543717,0,0.06873649394699805
91.300082,25.700364,0,0.4332996814398086
91.932671,25.388988,0,0.8338775655329967
91.807144,25.630346,0,0.635084394544002
91.873627,25.570349,0,0.026683030805515214
91.870681,25.191936,0,0.47530751241442726
89.993515,25.467219,0,0.17345187400266862
89.885119,25.375476,0,0.10360734549933373
90.02311,25.495757,0,0.08870366197820691
91.922603,25.591324,0,0.4978551833484661
91.964567,25.686509,0,0.030975716214563978
90.17356,25.500094,0,0.24747389509897313
92.029356,25.264447,0,0.057144896267701965
91.690727,25.223611,0,0.850872062583401
90.130061,25.413587,0,0.028721675678712123
91.882783,25.571108,0,0.10443241431324007
91.759548,25.3901,0,0.018834326834051
91.292502,25.588279,0,0.23239754576561855
92.34456,25.431388,0,0.11874973806025721
90.517262,25.174503,0,0.14896061137922562
90.073047,25.25018,0,0.2169381453264768
90.211262,25.211353,0,0.15458262062394676
91.766526,25.57891,0,0.026791162929119375
90.002291,25.718846,0,0.15374286656067027
91.659614,25.190734,0,0.2709041000684936
92.347045,25.636151,0,0.7688129238722851
91.819387,25.237053,0,0.19998301197762033
91.892753,25.634805,0,0.19199854855164006
91.443835,25.570193,0,0.09306115069884414
90.095858,25.870988,0,0.18516625883693433
91.693735,25.237604,0,0.7962598157857601
90.160621,25.235117,0,0.3019632885559786
91.675479,25.140211,0,0.02108330041198713
91.939867,25.601889,0,0.02476622022131326
91.418328,25.233775,0,0.9364297631085147
91.765867,25.599822,0,0.09645587087864828
92.243116,26.061933,0,0.5590035684716298
90.214263,25.903545,0,0.5289003942889062
92.241737,26.033311,0,0.551093188305671
92.114295,25.597368,0,0.7435063571771061
91.840718,25.610738,0,0.009899632807386293
90.885105,25.491896,0,0.07064458298840987
91.881234,25.581857,0,0.15132151839639296
91.927907,25.56116,0,0.09662755024353989
92.389038,25.175009,0,0.10145117166125996
91.247386,25.528813,0,0.09488572475456344
92.343888,25.074204,0,0.3939932439165108
91.406676,25.281974,0,0.6813382098944244
91.629724,25.857649,0,0.14706411387857865
90.872919,25.598959,0,0.04789492543008397
89.848163,25.3602,0,0.006870229958447866
90.815292,25.753647,0,0.5653171741623658
91.968621,25.966376,0,0.024364072743615534
91.962244,25.236298,0,0.14965046158849604
90.042643,25.305307,0,0.08289412266250702
91.931098,25.598428,0,0.36158872113649726
91.888167,25.581512,0,0.1518001444733227
92.088387,25.423564,0,0.004231807906497117
90.604938,25.89884,0,0.009615340441314749
91.601236,25.415248,0,0.4217547619047619
91.573907,25.362181,0,0.02085113944561994
91.878871,25.467679,0,0.05835830681028052
90.956764,25.680977,0,0.18093995613362476
91.475867,25.500329,0,0.059099346131204815
91.586476,25.852815,0,0.011225125050504017
91.45323,25.551623,0,0.027952226308407036
92.149063,25.388411,0,0.08939955461067693
92.054067,25.394612,0,0.02745127700673247
90.124207,25.23345,0,0.11321497273163184
91.924333,25.59646,0,0.06726697002518624
92.089307,26.00002,0,0.6479506577536079
91.578967,25.414982,0,0.6219905382122225
92.128388,25.903355,0,0.66842584131077
90.65547,25.616072,0,0.41662950007527444
90.134164,25.276401,0,0.020443583585489238
91.125986,25.193985,0,0.11549496560601118
90.393223,25.51084,0,0.2976645551016456
91.274195,25.483456,0,0.06868404453081285
91.604697,25.692796,0,0.015066456829059766
91.654476,25.133524,0,0.08291091374234416
90.688246,25.369519,0,0.7697072442395549
91.936733,25.599342,0,0.05030163366111292
91.980801,25.978377,0,0.7220162272934268
90.212152,25.343446,0,0.0653815873577477
89.852213,25.311497,0,0.15991486909618144
91.812361,25.186144,0,0.9718869749944689
91.886747,25.628359,0,0.0156020766109044
91.314153,25.464202,0,0.014905320435664636
91.880635,25.760243,0,0.32024878386530337
91.138744,25.494267,0,0.1064575597664647
91.412626,25.354169,0,0.03903929064128069
91.908529,25.555748,0,0.41452613148747874
90.795565,25.928479,0,0.014822524595459997
91.852145,25.580924,0,0.17589086980399074
91.762406,25.462658,0,0.02332218746377783
91.348993,25.47682,0,0.017411665348621336
91.367215,25.192759,0,0.07696016414502443
90.838436,25.185279,0,0.6955747586343557
91.917785,25.188636,0,0.160333965787215
91.577184,25.201113,0,0.03624271483228
92.219931,25.664838,0,0.09010482177128758
90.794184,25.181644,0,0.042423752562002176
91.504735,25.605647,0,0.023261266743836804
91.553838,25.289004,0,0.7722091477163385
90.108686,25.715112,0,0.08820812541577107
91.853841,25.607795,0,0.9284204140440889
90.581183,25.835028,0,0.09086105982659307
90.779584,25.192434,0,0.2396918847907681
91.531799,25.694745,0,0.8603104201394561
89.948299,25.517527,0,0.12543697442380417
91.065548,25.201944,0,0.15082437537097695
92.349269,25.193468,0,0.0709300112503492
90.481368,25.167999,0,0.157142824934461
91.865599,26.009623,0,0.8789430795677559
90.164526,25.233323,0,0.29099339489615883
91.461102,25.596111,0,0.38482927628362495
90.685319,25.16598,0,0.05928836024655966
92.043432,25.200094,0,0.7508977683908766
91.457706,25.666131,0,0.752182856051157
91.906237,25.528844,0,0.1187453036525901
91.600334,25.463753,0,0.25755666222691287
91.744372,25.332108,0,0.7875410120712485
91.874459,25.593994,0,0.12318939754402426
90.33845,25.341505,0,0.35230081083812786
89.865617,25.293914,0,0.02780662618097073
91.408924,25.51482,0,0.01820991835708769
91.800247,25.222253,0,0.3467780961185629
91.893442,25.932961,0,0.48600852157393043
91.892629,25.582964,0,0.30489646812262444
91.924096,25.578097,0,0.029474271347215968
90.862149,25.877744,0,0.8695984368294438
90.195761,25.801827,0,0.10559187585030522
91.376006,25.259965,0,0.7767504713685058
90.865688,25.531899,0,0.043192116522645714
92.002307,25.592907,0,0.0745543178796662
91.672612,25.584822,0,0.2194481062262067
91.73881,25.352566,0,0.3930049194146516
89.855345,25.357875,0,0.011483153139398374
90.587755,25.315323,0,0.21643134572830866
91.170322,25.206793,0,0.6782087129807581
89.938225,25.686888,0,0.2686377444827438
91.988676,25.388393,0,0.7537911150274093
91.848135,25.67824,0,0.04769838055907802
91.409283,25.57245,0,0.07714665111359222
92.440277,25.66506,0,0.03029106018818185
91.600175,25.345755,0,0.5606995249974017
92.314154,25.321275,0,0.18668075600858244
91.939423,25.597605,0,0.06173113996306333
91.239665,25.39285,0,0.11778734035076824
91.786537,25.192339,0,0.6481088189521539
91.424969,25.316676,0,0.8535836251655781
90.12184,25.304067,0,0.013567512150220779
91.998109,25.513359,0,0.02075369007503042
91.76042,25.316818,0,0.12050796455926924
92.238173,25.126475,0,0.45726396137042125
89.937347,25.465299,0,0.14688387522412516
91.714669,25.49632,0,0.48890184626997185
91.718182,25.419453,0,0.01157069977597698
92.063614,25.210955,0,0.20601880318204716
91.520961,25.712994,0,0.29752454968317205
90.334741,25.985232,0,0.4678851329205661
91.176368,25.650808,0,0.04266419316323258
90.680867,25.498914,0,0.3754183233025945
91.691078,25.893578,0,0.08379523909754044
91.826121,25.627283,0,0.06736909499019036
91.54154,25.398207,0,0.008860450479627116
90.273433,25.344273,0,0.08700031081580936
91.564717,25.617664,0,0.05953717011298572
92.26278,25.239613,0,0.7995826299395137
92.010208,25.654324,0,0.05206855013669717
91.785293,25.196353,0,0.6936192708459878
92.206315,25.291726,0,0.6914029077263537
91.936406,25.292488,0,0.28318999893235597
90.123856,25.413791,0,0.05564945520976458
92.303235,25.414131,0,0.18056805143154295
90.406855,25.922388,0,0.016953475020188544
91.186017,25.67148,0,0.6234364142588342
91.961948,25.772177,0,0.025495796306833837
91.918472,25.607687,0,0.1509918377992144
90.686452,25.174243,0,0.06708621653693929
91.91239,25.662869,0,0.07784952675795061
92.27951,25.247787,0,0.0587417055398106
91.719418,25.288079,0,0.7621355822265656
92.631096,25.392725,0,0.3212136504976757
90.608968,25.532544,0,0.21240111360068573
91.619663,25.684964,0,0.2053160545804778
90.56819,25.803221,0,0.059237786270916394
92.168574,25.570434,0,0.17623376444523067
92.263418,25.244874,0,0.07206820175304805
91.511423,25.525709,0,0.012095501887156853
91.014692,25.716425,0,0.8431508709012622
90.200098,25.361359,0,0.2996328088701472
91.693727,25.238145,0,0.7817041695777047
90.785199,25.816065,0,0.09103876605478092
90.016106,25.459891,0,0.23220427823913806
92.386966,25.498339,0,0.6662155576158985
90.110611,25.247503,0,0.030602569309010813
91.309229,25.632477,0,0.8752253157555983
91.849123,26.029033,0,0.21537489813920735
90.744907,25.65655,0,0.4511499849035347
92.14817,26.035612,0,0.43104013067530095
91.071488,25.201306,0,0.6001603380609162
91.572377,25.182107,0,0.8789084268169745
91.414621,25.500494,0,0.36161361059388464
90.926808,25.680402,0,0.024153480580161788
91.542784,25.150162,0,0.07331199277561506
91.686932,25.403013,0,0.011740306347711803
92.052978,25.595657,0,0.3254554992298623
91.604942,25.384914,0,0.02255969622925915
90.143896,25.928445,0,0.04574607224706263
91.925029,25.493766,0,0.05572165839232461
90.104816,25.232983,0,0.17235477676115163
91.564335,25.943089,0,0.37626730435121225
91.396842,25.528632,0,0.06875106635588545
92.011357,25.246957,0,0.041503858997151706
91.577017,25.412904,0,0.4020610846990085
91.795047,25.777286,0,0.2694539907856643
91.832227,25.539409,0,0.07125870538721495
90.040978,25.651268,0,0.0824089997507971
91.556088,25.601154,0,0.31979458455057014
90.748121,25.889978,0,0.1963646550927526
91.765478,25.398306,0,0.5324203507412744
89.859552,25.395367,0,0.12947423241309217
91.920501,25.593995,0,0.0454463608784242
92.056499,25.352057,0,0.5902524018206213
91.255038,25.515034,0,0.16952879098635784
92.337969,25.482571,0,0.6338168524190552
91.733041,25.226883,0,0.8417527993022699
91.903064,25.252113,0,0.10079802179028502
90.543418,25.38033,0,0.41522212092121985
90.649699,25.917239,0,0.021493626784708775
91.863731,25.562382,0,0.08646646087670679
90.477138,25.849356,0,0.021294939776198854
91.262823,25.355866,0,0.07802790600879785
91.707562,25.530595,0,0.08118154557113973
91.906716,25.659939,0,0.07738241863159713
91.325197,25.674071,0,0.8634591623310008
91.108337,25.793955,0,0.3064762936820052
92.04527,25.78958,0,0.05310414419192517
92.408156,25.663122,0,0.45316062379303124
91.733294,25.386917,0,0.07718062986074496
91.611876,25.421436,0,0.029748640171458385
92.37265,25.322834,0,0.02883516686294717
91.463089,25.582531,0,0.28986029724737034
91.866562,25.555153,0,0.3538746912862556
90.012074,25.682918,0,0.17267535412215915
90.358467,25.172845,0,0.04044842179103822
91.917461,25.588884,0,0.5942199797562842
91.481688,25.588475,0,0.18869907045216605
91.463769,25.366655,0,0.01977941066499397
92.511724,25.353544,0,0.6912621398649542
91.478241,25.377318,0,0.4554113671234985
92.013564,25.706206,0,0.08604100703658785
91.874292,25.817241,0,0.3435912820812094
90.210553,25.256542,0,0.13107180932954873
90.204462,25.315695,0,0.0369658876389477
92.11096,25.504128,0,0.8725934351778566
91.57633,25.46721,0,0.19890120352788002
92.015946,25.340982,0,0.9567445285213297
91.894714,25.746411,0,0.02756505845607248
91.590035,25.358922,0,0.02654480047676902
91.944376,25.671914,0,0.057475776502907555
90.998559,25.876395,0,0.022803794087702924
91.970006,25.385047,0,0.8569950571872164
92.405523,25.227281,0,0.10597823270091503
90.895374,25.639127,0,0.6346274678581678
91.178468,25.750319,0,0.30354204365089377
91.847162,25.25586,0,0.9080753926760383
92.442803,25.668961,0,0.18317415955929478
92.027417,25.610207,0,0.25466226378799917
91.855146,25.655867,0,0.5637078576597213
92.365621,25.486236,0,0.3871413737854088
92.007067,25.228939,0,0.626221864650165
91.099237,25.27142,0,0.04856143642785736
91.942655,25.461516,0,0.02092276837640167
91.882717,25.616857,0,0.8394196781421922
91.893418,25.323139,0,0.2576699986437712
91.639151,25.907031,0,0.6869690247507253
90.931336,25.209247,0,0.5223283684668345
92.424306,25.164289,0,0.43373794485644446
92.411481,25.514754,0,0.11948315171491705
91.306544,25.483603,0,0.04216983805582999
91.62637,25.45037,0,0.011810747575226209
91.98524,25.604853,0,0.3161325034710204
91.630264,25.41018,0,0.6521416922475978
92.010901,25.254273,0,0.6712543028731622
90.879792,25.639208,0,0.29010483017996763
92.495585,25.320961,0,0.3661603747609128
91.922991,25.472242,0,0.4550629711976347
90.069042,25.264107,0,0.05366753728454986
90.456407,25.568629,0,0.3253183579244674
91.920995,25.579515,0,0.02695416092222859
91.823324,25.240339,0,0.20818899223163143
90.898995,25.543256,0,0.5931685651994392
91.659608,25.550442,0,0.1929416467601585
89.822804,25.372284,0,0.38926919138209465
91.803235,25.786396,0,0.7196770610996456
91.426402,25.233879,0,0.6316492318059497
91.614419,25.567283,0,0.03938661000275531
91.682284,25.240106,0,0.6872428405497651
91.899581,25.498125,0,0.05640715250787242
89.869519,25.463696,0,0.009300629196349901
91.864811,25.283694,0,0.8434627124049723
91.893902,25.24218,0,0.6270630872719828
90.270296,25.229154,0,0.10435835220669532
91.492787,25.380937,0,0.05461380969184612
90.287481,25.925579,0,0.08012857829800961
91.614902,25.892394,0,0.2886690972010111
92.135637,25.911318,0,0.5774283536006822
91.916959,25.574416,0,0.2911234660605762
90.721941,25.512166,0,0.20698353522546326
91.711379,25.503191,0,0.03052788081949308
91.840903,25.967658,0,0.8179390332865555
91.984757,25.971348,0,0.48430337058691025
90.283003,25.333745,0,0.16726445460033246
91.351929,25.213235,0,0.05411751763306673
92.213782,25.112492,0,0.5001748717731619
91.074407,25.71629,0,0.7244550140895127
90.480612,25.983094,0,0.38184133460603914
90.100801,25.860344,0,0.03837457506689741
92.103729,25.522346,0,0.18406644295838168
92.139108,25.592202,0,0.759976136627864
90.342601,25.662238,0,0.16588068146160345
91.864819,26.01173,0,0.37789268128990605
92.399607,25.162099,0,0.49453900645542337
91.080846,25.678857,0,0.022304969566542418
91.922984,25.560118,0,0.3602127659574468
90.77038,25.633695,0,0.1346050326284635
91.907835,25.577684,0,0.026939997708710313
91.545064,25.585975,0,0.374394172928529
91.746061,25.17692,0,0.7526459009704697
91.659761,25.550417,0,0.08121527107581615
92.093078,25.221397,0,0.18094792495792333
91.819254,25.421307,0,0.9149700346028735
90.058784,25.264038,0,0.07564916138373863
91.736178,25.51536,0,0.14487794872970702
91.781094,25.334254,0,0.8031364631188925
91.182347,25.606523,0,0.09004944879018566
91.603787,25.218866,0,0.7506202663959892
91.715318,25.335253,0,0.02427621612294707
91.973299,25.49295,0,0.03182443313751911
92.029913,25.966427,0,0.3733883258776468
92.17521,26.00711,0,0.1610050627395827
91.559926,25.516724,0,0.07129608240136505
92.236166,25.458804,0,0.18520361521436016
91.915747,25.481232,0,0.12567563206461238
89.831897,25.415592,0,0.012126897832329876
91.737013,25.587811,0,0.004377393075608527
91.743602,25.209042,0,0.8295706715424296
91.38736,25.428237,0,0.12156139476721109
91.793581,25.443013,0,0.06808121395874901
90.661281,25.819953,0,0.056733281462425754
91.262036,25.242876,0,0.08435781424062057
91.670561,25.868983,0,0.6320450923004101
91.86361,25.275469,0,0.3417630758666076
92.36718,25.679552,0,0.30194718839412005
91.552399,25.503932,0,0.6389442763620895
91.764238,25.317631,0,0.2648423205139866
91.88426,26.010702,0,0.3844812406187621
91.716272,25.26294,0,0.1606942758238877
91.901219,25.356108,0,0.013518998392384317
90.598473,25.312073,0,0.18641962809232332
91.665188,25.40652,0,0.29970908693161874
91.857107,25.663926,0,0.19684291754903757
89.955662,25.317741,0,0.09552795396237047
92.006855,25.62258,0,0.6598110995733785
90.896327,25.178139,0,0.42724664832897713
91.925611,25.556215,0,0.034531753586117805
92.056592,25.553244,0,0.058560652221426146
91.319957,25.544195,0,0.22230514418989525
91.155274,25.780024,0,0.2858338633172046
92.311898,25.401053,0,0.07028882713442171
91.391651,25.17404,0,0.09498137736920012
91.913795,25.581417,0,0.0974569616904031
92.018551,25.618168,0,0.2709872895528312
90.769096,25.644599,0,0.5516969980443099
90.66646,25.615946,0,0.16752110151793828
91.590117,25.208157,0,0.4480002297306509
91.783003,25.555612,0,0.032917921546880204
92.040715,25.551664,0,0.05460810570745539
92.357279,25.210808,0,0.0447550029716768
91.657794,25.144801,0,0.051952225739329574
91.43252,25.253219,0,0.9020301247721738
90.116779,25.877136,0,0.03096836194575387
91.593869,25.314785,0,0.24851875045795835
91.900058,25.674853,0,0.720490139848242
89.91788,25.309199,0,0.22592283189238122
90.926123,25.891651,0,0.8146394105501923
91.90129,25.501078,0,0.03307466817837106
91.939611,25.6696,0,0.22788151298822037
90.145163,25.863164,0,0.22757080146822925
89.844557,25.426906,0,0.04482905169190822
91.843423,25.184301,0,0.9071291020107738
92.500365,25.122206,0,0.7252618521007965
91.3239,25.630661,0,0.10431014163322984
90.610363,25.535727,0,0.24448142241129592
91.929715,25.578645,0,0.055829681781803975
91.393679,25.596168,0,0.04704983715680622
91.761652,25.425714,0,0.4840717858776085
92.40028,25.220446,0,0.4318680775226515
90.140954,25.718173,0,0.05421502519301009
91.149732,25.756793,0,0.23651573655585176
91.457467,25.603965,0,0.548497552725673
92.256414,25.517191,0,0.7552471034529434
91.208136,25.506982,0,0.3540228229054581
91.904587,25.763847,0,0.1684460755584269
91.866397,25.900016,0,0.013984332449171882
90.341903,25.663394,0,0.30717670848057316
92.291859,25.62458,0,0.2894954640136907
91.427223,25.193674,0,0.11724100803614067
91.788445,25.487885,0,0.05250846387323443
91.995724,25.575572,0,0.8885654131468783
91.652258,25.177031,0,0.02435552854727196
90.086705,25.466309,0,0.0748152691122682
91.407353,25.38174,0,0.6536712958483575
91.328481,25.183178,0,0.1510986790820437
91.917269,25.587116,0,0.07585148917997286
91.58598,25.218136,0,0.15240400236023194
91.792236,25.427028,0,0.039484638275797325
91.22948,25.218317,0,0.8793767725037227
91.580848,25.418827,0,0.617115125637138
91.694126,25.196153,0,0.04110106824257045
92.03894,25.595292,0,0.2958682038676918
91.876195,25.913106,0,0.6919278189783311
91.405581,25.382262,0,0.8417463010129623
91.84658,25.547615,0,0.2742819694817118
89.864811,25.378583,0,0.05953889233808113
90.39163,25.994401,0,0.4819086235078613
92.383995,25.161858,0,0.7083019051248017
90.697036,25.512618,0,0.3557289581704874
90.414235,25.963625,0,0.03908034169402565
91.832606,25.612181,0,0.09830463850684173
91.682843,25.404479,0,0.028294898773932722
91.926709,25.564147,0,0.21342463627013644
90.741829,25.432329,0,0.2505056303608634
91.898177,25.569757,0,0.09595002759530644
92.107307,25.277149,0,0.04378114166746083
91.888453,25.799496,0,0.29661397174363197
92.371258,25.052926,0,0.28621395154767026
91.920307,25.635829,0,0.23172400572980237
90.088587,25.249927,0,0.10758089986990728
91.899652,25.559578,0,0.04412412721757733
92.146226,25.666202,0,0.9395535664227674
89.877155,25.413182,0,0.1977717798279861
91.936255,25.474264,0,0.032640690440450405
92.085932,25.428788,0,0.15608060479506403
91.986421,25.520271,0,0.04593148235059729
91.932762,25.60533,0,0.01676135529939964
90.598556,25.515225,0,0.19486005411934515
92.465636,25.385607,0,0.08740316214449613
91.949207,25.416244,0,0.022838957139821446
91.847487,25.644482,0,0.2600694946023511
91.860517,25.364146,0,0.9487371846305053
92.165279,25.473377,0,0.34359875098962267
91.785564,25.201695,0,0.8067192937590391
91.669677,25.282916,0,0.06051286368506914
91.408102,25.238967,0,0.6534254633696682
91.179026,25.22732,0,0.04594350807657898
90.647254,25.809387,0,0.06293199132943951
91.728957,25.573359,0,0.006027554045105069
92.288611,25.469184,0,0.1882734563958115
91.900091,25.536957,0,0.02871129597363789
91.883863,25.499528,0,0.4696853802565352
91.863327,25.738811,0,0.538258818504355
91.646874,25.689053,0,0.7525413332451535
91.548589,25.504212,0,0.02833240492968634
91.613142,25.507259,0,0.32631783522207863
91.891682,25.302348,0,0.5729635721629598
91.898735,25.310859,0,0.23053494965112278
91.12578,25.493851,0,0.058523418840970634
90.209417,25.22444,0,0.0371237454055497
90.614005,25.894731,0,0.05667907179683476
92.16109,26.06109,0,0.23706066421419203
91.280037,25.518889,0,0.04153002458018387
91.772386,25.258638,0,0.535808839044878
92.008042,25.46346,0,0.00246184705792986
91.988766,25.377704,0,0.8990768113436801
92.006786,25.62419,0,0.23296094812924556
91.578727,25.418117,0,0.43488037202840396
91.04464,25.214952,0,0.8707202714815113
90.281457,25.920516,0,0.028511926081143148
89.831131,25.376365,0,0.21239557219911553
91.18606,25.662694,0,0.5620617431230985
91.825584,25.381859,0,0.7636390607843256
90.798566,25.851458,0,0.4887610723332166
92.039082,25.212378,0,0.04096128443166781
91.728649,25.572715,0,0.7065372631534982
90.976355,25.865759,0,0.5021970311893881
91.890976,25.603658,0,0.050187052816415466
91.521583,25.166148,0,0.8628708136605987
91.609575,25.234659,0,0.14010491090068192
90.712624,25.453781,0,0.24841469615721365
91.812204,25.496407,0,0.5808661477411478
89.84414,25.447254,0,0.19250890331432272
91.918301,25.340684,0,0.8454545805617731
92.223819,25.592153,0,0.3257453015251003
92.053832,25.618457,0,0.04889585716660575
90.421121,25.639594,0,0.5677082402103707
92.435816,25.691458,0,0.023365310267221377
90.461691,25.703378,0,0.18511699936034248
90.819948,25.167537,0,0.5529499993406999
92.192969,25.61629,0,0.44305104581182736
90.400138,25.716033,0,0.6504699994578712
90.419238,25.499109,0,0.11738239232778788
91.912444,25.615568,0,0.4849477323806144
91.746394,25.383511,0,0.5347993013992284
91.712223,25.196279,0,0.1468463704291478
92.353865,25.698895,0,0.19101938771658494
91.627336,25.450249,0,0.07676834063588361
90.633914,25.893831,0,0.01748333939259299
92.470428,25.489406,0,0.5459592221206362
90.586956,25.907507,0,0.2041701948888768
91.874057,26.006203,0,0.24990382685202428
91.909638,25.607902,0,0.012226799174033352
91.019639,25.807586,0,0.5113354116793069
92.166355,25.65491,0,0.08177451155426743
91.860826,25.197372,0,0.34568987142414326
91.006577,25.5903,0,0.09895899682084537
90.49814,25.198068,0,0.3455162000490432
91.934161,25.679009,0,0.013732047840790924
91.417246,25.551938,0,0.3541580487442623
90.841704,25.444698,0,0.2509286388618536
89.891257,25.50641,0,0.17666666666666667
91.883518,25.900211,0,0.08571836613109082
90.148339,25.94517,0,0.04675891610693344
90.071659,25.520114,0,0.06850927032641795
91.898295,25.61162,0,0.001774054311186983
91.234115,25.531427,0,0.14040808916586892
92.046873,25.410176,0,0.047440412736321644
89.900978,25.384255,0,0.0008998572905726762
91.889332,25.34166,0,0.7266983899858773
90.912531,25.518249,0,0.207727552736423
91.652097,25.614533,0,0.15909924578509055
90.03491,25.753154,0,0.24428431473164064
90.222892,25.738732,0,0.3839006512386105
91.498846,25.246298,0,0.1438648122160344
90.206662,25.491906,0,0.08750790509033328
91.821121,25.489613,0,0.03970651382655912
91.506275,25.606197,0,0.27171563041715463
91.707227,25.218001,0,0.8302260359099662
92.37637,25.117032,0,0.8058827957326692
91.602746,25.251239,0,0.9198278231945206
90.994678,25.572855,0,0.06512998882030248
91.763627,25.445413,0,0.7743398856567135
91.712467,25.177821,0,0.09233699379431909
90.482682,25.785693,0,0.15168743935685142
90.624783,25.452002,0,0.28069837472152614
91.913998,25.556397,0,0.2628616165743886
90.08584,25.250925,0,0.2497014719201132
91.725641,25.509611,0,0.5036540859213472
90.653064,25.200004,0,0.3986354239804553
91.410822,25.523593,0,0.19105731249929084
92.561903,25.38337,0,0.1466148581923376
90.520537,25.205409,0,0.7044354129849643
92.062783,25.389173,0,0.14532571719816637
90.232805,25.953168,0,0.03303303719729287
91.648158,25.865047,0,0.4260561985816227
91.651835,25.640424,0,0.01440747915622383
90.60193,25.493395,0,0.01628633457003319
91.914138,25.679862,0,0.2553282010582424
91.817212,25.683281,0,0.03760467498827366
92.565173,25.35961,0,0.12946687499887352
92.500094,25.455332,0,0.700762738143107
92.463743,25.39943,0,0.0775304023341087
90.043206,25.307208,0,0.31518009754766385
91.893597,25.598595,0,0.10640877683439837
91.780797,25.195788,0,0.5846071404462727
90.971338,25.185777,0,0.08218953173905148
91.557147,25.830755,0,0.22402190980509226
91.500392,25.389145,0,0.024492754511077262
91.561956,25.232665,0,0.049831967366235796
91.197162,25.548823,0,0.6333154625706326
92.260977,25.516841,0,0.49963822735364916
90.84341,25.216192,0,0.1832648517783146
91.466051,25.5954,0,0.3784876584520477
90.516365,25.895118,0,0.12400478765579445
91.756891,25.603961,0,0.1692893217763306
91.761739,25.186865,0,0.7367094864798834
91.959823,25.652362,0,0.26760325173842553
92.008741,25.463406,0,0.01456071058556423
92.120062,25.444611,0,0.45720606544184395
91.896344,25.344656,0,0.04833987604270226
91.116622,25.248784,0,0.05096690224230724
92.118747,25.886226,0,0.18228976900248056
91.045313,25.21455,0,0.8390935560330639
92.438887,25.378667,0,0.20330481672262068
90.093032,25.497478,0,0.05390578505456496
90.164291,25.468707,0,0.014815180369359957
90.30258,25.906338,0,0.08729416761430889
91.515244,25.726464,0,0.6658874515021492
91.930046,25.791228,0,0.334795102931182
92.550099,25.523285,0,0.6108888860320164
91.737096,25.60236,0,0.04012148170733268
90.68466,25.743259,0,0.8277356009895801
91.901865,25.544355,0,0.5552976891983102
91.295313,25.205987,0,0.5076260833345397
91.876962,25.472463,0,0.22747207669862135
91.87724,25.672619,0,0.16668284948146184
91.343948,25.510766,0,0.10658866759669582
91.579251,25.287833,0,0.13710634959627896
91.940027,25.68453,0,0.08781047612577125
89.898587,25.498294,0,0.23017634326086597
91.37067,25.19223,0,0.040426142936950966
91.763718,25.580713,0,0.026541791740891062
91.623523,25.703357,0,0.26608961617711857
92.119533,25.687364,0,0.8146083279689535
90.126226,25.447407,0,0.17662794563648454
91.178164,25.757287,0,0.16077854320690876
91.832014,25.44386,0,0.6058078933076123
90.732674,25.713654,0,0.19342173981154165
91.943117,25.776416,0,0.14900847741752576
90.76658,25.699818,0,0.6115984051422787
91.62406,25.597021,0,0.36991977443201435
92.247334,25.475421,0,0.0653872073891539
91.526775,25.403087,0,0.7787547857131464
90.090477,25.446226,0,0.08074895480339583
90.269034,25.734236,0,0.10868056179014843
89.955177,25.493182,0,0.23741714484280843
92.033181,25.991198,0,0.7700357558461335
91.927355,25.614858,0,0.7462520443116765
90.650907,25.507053,0,0.27038721703034224
90.748891,25.181229,0,0.3502475089881632
91.606029,25.467879,0,0.4598022287276144
91.306973,25.451489,0,0.04737306017008592
91.112414,25.263958,0,0.13276240866285346
90.678536,25.178685,0,0.06363037742939187
91.634258,25.671029,0,0.35640909183124153
91.856777,25.496421,0,0.0013911873315726143
91.857235,25.426178,0,0.10612495596755604
90.158024,25.528965,0,0.2445090933995225
91.869234,25.519134,0,0.06810944429092429
91.774294,26.031859,0,0.5947655041653008
92.134411,25.605281,0,0.09625499548022456
91.549046,25.965605,0,0.08584329612051161
90.661388,25.760489,0,0.08004668459455735
90.796674,25.928936,0,0.013812247908684162
91.570844,25.278102,0,0.6826888708285155
89.866037,25.423879,0,0.3934677462821457
92.686581,25.332246,0,0.04291358109156404
90.396889,25.730721,0,0.13066476577920555
90.346412,25.357519,0,0.15844308331445062
92.077112,25.208518,0,0.1732823190575603
92.048882,25.436177,0,0.09093431465316895
91.269799,25.516956,0,0.38369347421584266
90.653334,25.207178,0,0.10554068652233278
91.571261,25.79427,0,0.18773893784288884
91.8957,25.557622,0,0.07327581398517186
92.459874,25.605301,0,0.10159234213397303
91.86298,25.999379,0,0.7191473947222125
91.482137,25.713664,0,0.8106204545479849
91.883592,25.725203,0,0.722239978448374
90.751044,25.3973,0,0.2883371510275026
92.491352,25.196922,0,0.27013931475970343
91.735694,25.333015,0,0.02121729355911002
91.473133,25.462015,0,0.39348424984719416
91.881612,25.535498,0,0.03351012352251077
91.931577,25.796735,0,0.4683435102377706
91.603729,25.538295,0,0.04198343978214714
91.923033,25.556368,0,0.19697700899309342
90.394251,25.508921,0,0.10076396979911009
90.690331,25.53521,0,0.3555076946776293
91.801267,25.580794,0,0.013148784719940387
91.8426,25.534901,0,0.08116437215929607
90.575519,25.20976,0,0.305678263545145
91.503044,25.156465,0,0.7368109414961196
92.375756,25.177328,0,0.061072953949284865
91.646204,25.869521,0,0.04333986769291954
91.604369,25.594613,0,0.24407984842222347
91.900285,25.666679,0,0.29611037245942207
91.424142,25.409893,0,0.04138941487480954
91.186186,25.692207,0,0.00724530347337624
91.635304,25.409286,0,0.31982128434646556
91.835253,25.474074,0,0.022234654851944785
91.870535,25.402085,0,0.6984212207830308
92.476527,25.390464,0,0.08586015100629624
92.018584,25.604763,0,0.18881829641527642
91.234328,25.549335,0,0.2041720618538245
91.11927,25.19837,0,0.8644749298033819
92.005947,25.616664,0,0.2013796473787135
91.527782,25.436917,0,0.21705349234326007
91.870804,26.03484,0,0.4237861351601081
91.632494,25.602169,0,0.1470362845364189
91.912557,25.56294,0,0.3365354240237244
91.894293,25.207031,0,0.08707250804777451
91.413313,25.243505,0,0.05176128040872974
90.583303,25.570749,0,0.19680107325038268
91.814801,25.533287,0,0.06985304445915913
92.575948,25.340013,0,0.09220824763745253
92.064349,25.602495,0,0.8032553036169405
92.074482,25.651666,0,0.2946402686842946
92.383674,25.257711,0,0.21740970010201968
91.190756,25.202758,0,0.6427242421737084
91.837754,25.620054,0,0.7025050909983863
91.854976,25.957108,0,0.9267122648546835
91.931025,25.745729,0,0.6568086537995458
90.60835,25.888118,0,0.05328770331746882
