sample_id,lat,lon,elevation,slope_deg,aspect_deg,drainage_density,lithology,landuse,mean_annual_rainfall_mm,label
S-0000,28.16616458237605,88.44488308018116,1459.699776580968,13.188363323646893,164.35703627785878,0.2714340832188147,phyllite,forest,3055.9744663203164,0
S-0001,27.71154795737954,88.5780271767112,1853.291577095127,5.904619348716524,125.5898347367031,0.45891475421695016,quartzite,agriculture,3256.0837915746943,0
S-0002,27.226169163614763,88.13898077921993,1787.53107594617,6.02855163186196,132.83587918812418,0.34482877024480507,quartzite,forest,2713.902217369538,0
S-0003,27.54046312547468,88.69178274272589,2014.042709339355,34.685118279027456,279.8435259105043,0.850261809647726,schist,agriculture,3073.520918167525,1
S-0004,27.24224070193145,88.23824053955758,1518.0232499865017,3.8243035379909482,116.60445457894383,0.22858194063540085,quartzite,scrub,3364.5267943506847,0
S-0005,27.18432219904531,88.85436417070834,1670.7097366702722,12.605296737986224,196.91560352815856,0.34047369883425965,gneiss,forest,2156.7256755153835,0
S-0006,28.010585586620245,88.80080151988588,1667.561725934041,24.773829329740742,11.53569217614379,0.43327185229172466,gneiss,agriculture,3253.42748115025,0
S-0007,28.08312287585261,88.53499029738082,2314.6056870575344,27.914639580568924,184.58354314804006,0.9857590321096704,alluvium,forest,2669.4415586725804,1
S-0008,28.170746821964105,88.60501608373583,916.6707795343513,51.20661655528167,269.9940736566967,0.8166651083627388,phyllite,forest,2879.91532135926,1
S-0009,28.00497089254533,88.21667776409285,2236.441384377332,18.53963683975769,102.64406414946795,0.5815239284021829,alluvium,agriculture,3114.99308175421,0
S-0010,28.13861172840694,88.73302648842784,1543.4157951355514,23.192790718728197,47.13167237273966,0.20840697129169966,gneiss,agriculture,2441.002811658135,0
S-0011,27.682489435143474,88.60989280625158,1168.3808615976286,47.35547125465149,106.69034052401938,0.5376359203917569,phyllite,built-up,3330.803947515726,1
S-0012,27.24698375161561,88.54566945837345,975.4700146609737,4.517626001876486,274.9838642238089,0.755597766091908,alluvium,forest,2833.0872807452756,0
S-0013,27.965717228996162,88.16134147734196,1693.1413167798005,43.80777095329797,307.2040816118614,0.5359792944307025,phyllite,scrub,3364.39303076035,1
S-0014,27.68093773625919,88.28246209490048,1975.8982329177281,15.317548212780494,234.28605229838521,0.560132279046945,quartzite,agriculture,2128.355828950513,0
S-0015,27.61890681154566,88.5013016036933,2787.3032750132156,6.053553462347649,227.64781827586845,0.24586043566278964,gneiss,agriculture,3049.673708987813,0
S-0016,27.60691477769129,88.36184301834136,1527.8578107398725,0.0,186.90020456915573,0.6167481360079733,quartzite,agriculture,2419.7855171257033,0
S-0017,27.092923302312524,88.76305318050129,1723.9737804259373,12.93035278651416,124.13925338358163,0.297271289728506,alluvium,agriculture,3348.9369371466073,0
S-0018,27.526693752366057,88.7015297866942,1933.0498808132227,26.23385280570698,165.87705788624385,0.6958026315204673,schist,barren,3586.9865091700044,1
S-0019,27.04307866320883,88.11454857849614,1851.5243341884325,14.936763877014108,92.8418432932059,0.42017296743644855,phyllite,built-up,2858.2059221342383,0
S-0020,27.668438582809532,88.57057760051298,1828.205885593718,44.68326018107997,194.70838930018243,0.7325846792215787,schist,barren,2948.6061079452843,1
S-0021,27.695063482730276,88.12948473967403,2298.388048328479,43.56533442751263,37.08096628685716,0.7196586739069216,alluvium,agriculture,3267.882618057125,1
S-0022,27.80742407362187,88.1917674409591,1648.8019962477201,0.37283750846798114,309.43108505135706,0.16750944270658924,phyllite,agriculture,3172.151143049157,0
S-0023,27.521711696170854,88.00387519810091,1129.7348922493918,20.838630312124238,161.37084763934777,0.400256355130612,schist,scrub,2491.5079335061446,0
S-0024,27.934501084758953,88.21299612669783,1964.111983180832,40.47665901108943,66.66456418328433,0.5658480930883707,quartzite,agriculture,2331.7538360818353,1
S-0025,27.8403181224027,88.11048213917034,2955.6142166383606,40.23079742625275,85.55701080981504,0.9025937681428985,quartzite,barren,3729.982271752652,1
S-0026,27.757278531446264,88.71645440286329,2733.8221019496273,16.178578643891765,290.49992076745286,0.3058478414709125,phyllite,built-up,3757.0706892072967,0
S-0027,27.23830039623757,88.57532530632055,1636.008820958526,23.215245970564958,95.24674001565418,0.12716569951533926,alluvium,scrub,2228.4738263094887,0
S-0028,27.9707635230081,88.68449142045688,1591.4810553312684,7.132672170727755,264.29268447393054,0.40805880940936157,phyllite,built-up,3072.957003925117,0
S-0029,27.41748093090791,88.21173074957409,1093.6580743059192,17.319083807347205,18.61973699990078,0.5451737522978046,quartzite,forest,2402.8612768664243,0
S-0030,27.07658070732501,88.72742632485787,1673.5507446480256,39.601905933170755,199.966215649595,0.6442424955121457,phyllite,forest,3973.5173940752748,1
S-0031,27.517291629165527,88.27749988355757,864.4423828075548,1.7333154753420388,333.6013757092615,0.2555983273498243,phyllite,agriculture,2897.87277019494,0
S-0032,27.44455164724184,88.28433614664772,2104.67447124742,33.92921763649675,223.8831984150885,0.7511187112003158,schist,forest,3554.7036217618956,1
S-0033,27.934060196488513,88.14814703582381,3071.967263083896,22.10432506691031,39.34162480124088,0.8704073025333142,gneiss,barren,3005.5223477203813,1
S-0034,27.73466521031274,88.28291314836692,813.7358749987795,15.087884108220205,339.2655302910681,0.5388672274002103,gneiss,agriculture,2935.923429796172,0
S-0035,27.75277060884293,88.0190332147028,2614.7595210120367,27.67737329422163,112.52518165029021,0.6457251194373488,phyllite,forest,2569.752269131754,1
S-0036,27.943277166332344,88.59348037122271,2288.2562106862233,23.231421831542683,44.593118951119564,0.4570192008412345,gneiss,barren,3195.7445293527226,1
S-0037,27.1827745232558,88.74648575339447,3002.1271807585704,40.582288233226954,116.0972449807195,0.9156665409874694,gneiss,forest,3464.832613832701,1
S-0038,27.46497405483621,88.53944451236876,2216.3910464381306,37.43216805607308,107.619714402806,0.759548695674826,phyllite,forest,3513.0235302860638,1
S-0039,27.28072738303841,88.86006093134228,2391.6969321767474,35.02676637302365,228.434495382647,0.8930996667407598,phyllite,agriculture,3586.919694337109,1
S-0040,27.45722547131578,88.47769263153916,2854.7753424302637,28.588779040750417,101.96889597004106,0.42072322701362325,alluvium,forest,3814.786261567058,1
S-0041,27.35231250932002,88.02237354224764,2137.4954848402112,45.908061216900805,345.3153382240473,0.5133691181708695,schist,built-up,3320.7882970077085,1
S-0042,27.445094785850003,88.22925551510572,1284.9587448721652,19.414870172250335,357.4108646173602,0.4685590215449258,alluvium,agriculture,2791.7174543575065,0
S-0043,27.802083554148567,88.6248361920786,1409.2028002730287,18.09188004876002,206.95389466429208,0.512452669161528,alluvium,forest,3428.214814455394,1
S-0044,27.794299817672275,88.49967823809415,2940.7277738294865,41.44645226236052,270.70672376696956,0.6521340104483653,schist,agriculture,2909.84339119681,1
S-0045,27.91799862889923,88.72371207356404,2623.291992921702,46.95184981971686,214.27662254881383,0.4319938732947883,phyllite,agriculture,3710.792332879217,1
S-0046,27.960700344808618,88.82195666533178,1309.5199057342584,20.24494448937106,172.7274609918552,0.45162272631370903,alluvium,agriculture,2764.86572855852,0
S-0047,27.682283657644483,88.61319652542072,2551.4537311370837,9.46453043060312,355.5530811923262,0.18866415707854767,quartzite,barren,2914.756447317042,0
S-0048,27.242836037754277,88.74219777141072,1847.6633685650588,44.62665970385484,12.903390510538744,0.9630536540051621,schist,agriculture,4001.403764160537,1
S-0049,27.64466266043321,88.15791602192118,1729.9039284027547,23.349947181763955,162.90285534877827,0.44014389270498455,alluvium,forest,3215.3159715935276,0
S-0050,27.641877783571044,88.21683440477288,1794.2371004257704,18.816281017811665,160.7002171717354,0.308048475330066,schist,agriculture,2106.0095671818267,0
S-0051,27.568187281268344,88.75921745643798,2134.456674656137,35.0622107984787,82.1710351668314,0.4062112839404453,gneiss,agriculture,2975.6983343649017,1
S-0052,27.108694870242527,88.24858662711091,1663.2983551388468,16.257862747489547,340.34996607838144,0.44501323115410235,alluvium,forest,2721.400631840757,0
S-0053,27.337660670426395,88.83232758638083,1670.7319590107954,37.13899348178951,151.33743774189975,0.6801657015203242,phyllite,forest,2881.235604281324,1
S-0054,27.896723760230483,88.18984094963984,2453.0458790638195,24.03192880769614,38.969798930948535,0.23474665106781312,phyllite,agriculture,2847.518615961161,0
S-0055,27.51380383621065,88.16683774552224,2149.5957777739063,19.95284014771882,85.84791973766731,0.36362000354150714,alluvium,agriculture,3456.1416375593244,0
S-0056,27.10517990317932,88.37131441234631,1802.931854987288,44.37470902651121,157.81905309030944,0.8821284743392752,schist,forest,2950.559724296715,1
S-0057,27.535387530688837,88.20937666776979,2253.9402221715163,34.38229522555829,314.75317150469067,0.38250183265442034,phyllite,forest,3437.4218779622265,1
S-0058,28.040763648601416,88.57869858100675,1740.9779336970787,18.871858351612218,158.78787466222232,0.3594047454855071,phyllite,barren,2943.5825762605887,0
S-0059,27.233566449422362,88.04041955745309,2419.4965793691495,17.270165640087082,243.11002632029428,0.5618724403286308,quartzite,agriculture,3368.090683789834,1
S-0060,27.751187468038896,88.7307893813595,2112.4608465626998,18.147014962032777,303.3556638185506,0.39987984696464607,quartzite,scrub,2582.4868782589106,0
S-0061,27.137436088243167,88.45569693845857,2495.4531613966774,34.64392631881354,49.255660090665465,0.5880852615021229,gneiss,barren,3210.6341365304393,1
S-0062,27.913367642388422,88.2531104054551,2081.574867745158,34.572138491356206,124.73743007269756,0.8210512422916706,schist,agriculture,3453.1431658429224,1
S-0063,27.075740604844643,88.39493953162176,1049.9322231378471,0.0,176.1354686990872,0.3817079712572401,alluvium,agriculture,1965.9886813280489,0
S-0064,27.054137694851136,88.40341656985355,1252.930719427167,11.455902774068262,171.1100224380975,0.22932100546627796,gneiss,agriculture,2963.0913478472157,0
S-0065,27.89371458708938,88.80171324179068,2694.7919672974267,49.05993369907298,288.31377315838756,0.7953056714291915,phyllite,forest,2848.196148536423,1
S-0066,28.164837629273883,88.23036858151085,2788.705944488847,41.13908211457554,134.17284287042432,1.0,gneiss,barren,2776.687579664945,1
S-0067,27.128774835399025,88.72894666280038,1492.812445147443,11.345520154090687,67.133986112111,0.6681715103950501,alluvium,agriculture,2579.1901083953694,0
S-0068,27.550698930646007,88.11863999600787,3008.104840825604,34.91326944453587,359.54761322403533,0.6695629022806678,gneiss,barren,3234.6022167685846,1
S-0069,28.16250278563392,88.27266816595358,1548.6689544796836,17.190430762588157,50.9900284702458,0.4085682398080823,alluvium,barren,2955.6150361735054,0
S-0070,27.1156691545842,88.05990297125966,2580.066542687927,40.03388240619943,343.92579414761195,0.6496091162439778,schist,barren,3300.1785201043044,1
S-0071,27.39583345479934,88.28619198725684,2057.5579668087125,47.00184564019963,108.74576476210986,0.7637448846154223,gneiss,built-up,3501.542027973473,1
S-0072,28.09493855555477,88.17272904526997,1373.2808508157036,13.65078597279638,5.84296428328972,0.3836445960772391,schist,forest,2034.4881060684295,0
S-0073,27.849412673281737,88.78045504894604,1250.6597820075851,12.913372332763334,149.16735791797007,0.36613012700804515,alluvium,agriculture,2818.423255430846,0
S-0074,27.705173486613255,88.76601846413999,2863.8430661338457,31.47083855335288,0.5978547629281916,0.5526970870254548,schist,barren,2801.4325495990443,1
S-0075,27.417208361803084,88.81684440225143,1084.64148403383,11.241307932010185,337.2866237271433,0.2815765705826963,quartzite,forest,2377.0453021346884,0
S-0076,27.97682446159924,88.86960872092887,2205.71302778033,28.298504803485873,117.12338298600375,0.6244063387884083,phyllite,agriculture,3007.1070085188317,1
S-0077,27.027254487760633,88.8397208994402,2628.3969912832636,51.35784336320233,190.63513990262607,0.7467179251455159,gneiss,barren,3238.9653651831127,1
S-0078,27.671048592894497,88.11795197640159,2734.235777994519,8.354711621583487,178.8899746069258,0.8588835608344481,gneiss,scrub,2987.609398177714,1
S-0079,27.974547553424472,88.84941853129335,1074.056363550793,24.52244562808094,58.6283584473729,0.543752969848801,schist,built-up,2907.2651123821265,0
S-0080,27.514831345628895,88.246086731914,1498.109069437726,23.124121731863436,222.71782029707433,0.2798035530013561,alluvium,built-up,3016.8781142897024,0
S-0081,27.116172179165964,88.26219650820262,990.0621275792392,21.47355785482538,79.04865319275288,0.02659879909109312,alluvium,agriculture,2714.4812552600174,0
S-0082,27.757997278946476,88.85760945556278,2850.0222973494792,29.54338967232653,332.8926001991599,0.7017176937505981,phyllite,scrub,2708.800047671001,1
S-0083,27.04993700863427,88.61264307411956,1860.8677799224117,38.51142058552162,251.34830121956884,0.7020977832797938,phyllite,scrub,2366.23913800461,1
S-0084,27.940677850927695,88.09530766337568,1788.87499135484,31.116277177692407,102.43471504025709,0.6696875131915894,schist,barren,3509.7978815461483,1
S-0085,27.21212733952708,88.82887342523871,2610.2642377087095,40.96418000808659,14.788473589744896,0.7548211708964251,phyllite,agriculture,3024.378435958025,1
S-0086,27.518511647730126,88.10394105729883,2141.2289163359346,30.46472419642622,185.79160845256047,0.8453496805413786,schist,forest,3538.1932433927414,1
S-0087,28.0240836879218,88.59657779148723,2123.7387337738205,22.39041647005557,163.18076994005884,0.7568920051547744,alluvium,agriculture,2576.2467058777565,1
S-0088,27.27268646614173,88.3338300554762,2035.7373884385531,58.76980529053753,285.7255742015901,0.9696391783651471,schist,built-up,3097.3383534400987,1
S-0089,27.4449576290791,88.0969668513603,1321.6391087607087,49.14592444577377,176.29190705408612,0.8781587639892904,phyllite,scrub,3346.145496825507,1
S-0090,27.996023014990833,88.89894667360029,1555.3397986496327,0.0,187.87551648798814,0.3822647203728554,quartzite,agriculture,3331.262648358319,0
S-0091,27.8396485605729,88.7807415685771,1493.6170580538167,30.134342248958312,293.2698395224378,0.5308328852662428,phyllite,forest,3345.479260137185,1
S-0092,27.036981401481526,88.83480629590586,2317.200446349348,62.204150122474026,131.53624675168805,0.705836981035219,quartzite,agriculture,3227.1946504204357,1
S-0093,27.283632522460252,88.1756669768368,1036.0234882471655,9.867658233737227,15.24460103953373,0.2953434060660137,gneiss,barren,2987.9299692819864,0
S-0094,27.57084591147112,88.08502000125536,2565.3873455693224,34.60741516115985,243.823463771183,0.5080238563539969,phyllite,forest,2139.316666032319,1
S-0095,27.665501744419,88.74681076881917,2169.3378270855765,38.69381135132779,30.534938032259543,0.7774446358152176,schist,agriculture,3500.048724854778,1
S-0096,27.186909205169496,88.35285402017391,816.4114547072766,0.0,303.38350877032997,0.46578114385547426,quartzite,built-up,3608.2558795103328,0
S-0097,27.624806882965846,88.72182329224624,1897.4996435956346,57.97296530747994,17.484944344904907,0.684486982963805,alluvium,barren,3291.508011571575,1
S-0098,27.072396982289067,88.67911582439632,1212.7449692433022,10.563420754876423,123.35410657211062,0.3177276251343306,gneiss,forest,2412.2405689045518,0
S-0099,27.364740117675133,88.11137842328532,2316.439010068584,32.56504492067366,48.37208879270214,0.8538755264327857,alluvium,scrub,3617.949124981771,1
S-0100,27.234149089310804,88.7507088028019,1718.4130583940137,18.80102453878407,121.06289895385021,0.22298838606739696,phyllite,scrub,3295.153475167492,0
S-0101,27.524060867078834,88.35782037444245,2335.171619640863,42.348842714636476,24.180000785196082,0.5732432008046273,schist,forest,3035.140248617213,1
S-0102,28.161011678921053,88.80410197572809,1610.848188442567,28.379088836583726,17.62693553638053,0.8110021354456503,phyllite,built-up,4112.653150910424,1
S-0103,27.47667996176739,88.24552389713125,1664.310796245633,22.685874460755713,41.723591514929794,0.1929069280424284,schist,forest,2756.706664670811,0
S-0104,27.080190905641757,88.77563297603442,2338.6968324873346,8.734561106278658,127.87842028363193,0.4323474311115366,gneiss,agriculture,2802.12914418068,0
S-0105,27.05894117250005,88.05215081008431,1353.2993298086608,16.850256181946918,160.17759396972224,0.3691043713484728,gneiss,agriculture,3085.19897013804,0
S-0106,27.58398999700579,88.75011269840971,1508.90924231148,35.47482665697035,116.09655874838273,0.5488160575564682,gneiss,barren,3350.4177478490446,1
S-0107,27.9931574063911,88.28542500354044,2032.7719138220616,48.762401574663855,288.74152331486073,0.5660304067622706,phyllite,scrub,3984.193840313211,1
S-0108,28.09889382945445,88.67660263830771,720.0921461522671,14.995495223016329,343.0710581616372,0.2731907871021309,schist,agriculture,2999.9152417183195,0
S-0109,27.43417513266407,88.54279644160485,1399.3610314405732,22.342409278194857,282.17667937525687,0.6823583716862318,phyllite,barren,3349.220927373671,1
S-0110,27.697273367640474,88.21307038399395,2246.0633292170546,23.518727405849525,0.44390250428692823,0.7125971504971681,phyllite,forest,3060.9906351225923,1
S-0111,27.5835367352047,88.17594624465693,1190.123035614578,2.510376622488957,65.27572515570685,0.3317292163919999,alluvium,built-up,2836.0627310670293,0
S-0112,27.86683122071574,88.42064344139976,2477.0582506620467,52.03821392066557,212.6681258989558,0.7366156583467528,phyllite,barren,3021.1369370680213,1
S-0113,27.783830262027383,88.75161321197267,2163.677380821211,6.484218030990622,181.63628629341738,0.30505204039169515,schist,agriculture,2796.97308134754,0
S-0114,27.648572030604907,88.69821197779339,901.1569184407982,10.505547651795283,180.8686777071378,0.2575737373738214,quartzite,forest,2643.1095948318866,0
S-0115,27.91022343580225,88.25624807410415,2460.5836278660563,37.1290582894749,23.590956210617673,0.8276928362267183,phyllite,forest,2348.320844319993,1
S-0116,27.39788279681106,88.88161361252794,2664.148495784242,45.143964826306586,334.93846233209416,0.6668549023320468,schist,agriculture,2574.84626186406,1
S-0117,27.25859417017524,88.35927577239201,1141.123231291243,12.461706197980474,220.71939083789022,0.351691654492799,phyllite,forest,2396.676445490295,0
S-0118,28.132058821533423,88.81774742190008,1825.0103367109161,20.156467295871842,221.17899835266687,0.35663255043502745,gneiss,barren,2423.38495910808,0
S-0119,27.547684629482212,88.49694643297398,1331.0943268214303,6.061379183589802,136.02155190941662,0.36470028711490743,quartzite,agriculture,2770.7126704064713,0
S-0120,27.936874837226362,88.20669042699897,2406.9451426863466,42.53965579308696,290.6753781514614,0.7066318567156297,schist,forest,2726.348667240691,1
S-0121,28.083586984087365,88.73356578659688,1510.6724154930548,10.492228596599443,25.648011851972804,0.4806234155549958,alluvium,forest,2992.0964610047067,0
S-0122,27.53401926582479,88.11780129776545,2793.4758997869612,0.0,318.63347576164824,0.2302769963367749,quartzite,forest,2626.549005938325,0
S-0123,28.192251596144217,88.63452537687178,1924.1970056193563,12.593883321226121,355.4325431845718,0.44441060091533,alluvium,forest,3218.2560480837064,0
S-0124,27.099275999906926,88.09150471261334,3060.384915582992,50.479499850594316,93.72547562949002,0.7418296426970857,phyllite,barren,3118.823222529852,1
S-0125,27.20264764993526,88.03477987884419,1618.7616161697993,1.9913240909878684,140.36020879413925,0.42615926774573787,quartzite,scrub,2526.76327936593,0
S-0126,27.27229121886106,88.67211065021412,1413.9798721733796,48.63851532734358,10.658624086300756,0.9522724928951235,gneiss,agriculture,2648.7962892608534,1
S-0127,27.592788983093424,88.35426741114883,2574.71694986387,30.34464722570287,74.52739494893231,0.7504874689908152,phyllite,forest,3445.7081753428256,1
S-0128,28.171077048441475,88.55216483625685,800.9738123616431,21.153889664297026,100.66907847691088,0.4658809711374141,alluvium,forest,3472.9534341360395,0
S-0129,27.79503551323944,88.72244854475953,1635.2095636636445,18.483666687659344,218.3515561468601,0.4156483510301459,phyllite,forest,2040.8742000400894,0
S-0130,27.57876412433148,88.33625272461362,2020.9916559627854,23.451775147422108,281.0092095095703,0.6122688797600498,schist,built-up,3426.184167667637,1
S-0131,27.367147948980783,88.27930120653167,2110.1942930842706,41.85037937656101,345.5188280385193,0.6860052025519762,phyllite,barren,3529.6798479183453,1
S-0132,28.15044903116632,88.06293846832918,853.9470822635041,0.18270515679038724,54.21538340748126,0.3697810719681728,quartzite,forest,2453.8628671592664,0
S-0133,27.863355547141122,88.13825205567285,2067.0806040423104,34.929167816654235,163.84242326823446,0.5939103205072804,schist,barren,3303.056168368464,1
S-0134,27.938108457088735,88.1805062241894,1317.1806258224806,13.959791508012081,44.61769959871601,0.3234711209640806,alluvium,agriculture,2737.4314083426807,0
S-0135,27.562806094815205,88.83101227095324,1756.909510053561,18.624150050497374,205.90222523083298,0.07155326493283144,alluvium,agriculture,2565.9246204291953,0
S-0136,28.136783754875523,88.47645221862366,1184.6150591973321,15.76351230790189,167.012022999618,0.2127313010780748,quartzite,built-up,2079.808523306328,0
S-0137,27.14100525870312,88.32472950527577,1868.1484845904467,12.564585897146662,120.6168759018485,0.38849880960683925,alluvium,built-up,2781.776749298184,0
S-0138,28.00164919719232,88.42073608548571,1481.7767900177432,15.738832306035665,187.2258884141357,0.24292707541719333,quartzite,agriculture,2675.24347509784,0
S-0139,28.03031750389366,88.12622418009875,2074.0113108965575,36.107556590635944,354.44810931538484,0.6718493513607321,alluvium,scrub,3366.988783496806,1
S-0140,28.02793714091085,88.14897855046175,2003.129413887714,58.350733027310675,88.58398014177784,1.0,schist,forest,3042.1708592522423,1
S-0141,27.68607366285129,88.08920182742189,2437.348544231601,26.436523397346672,245.97300875717266,0.4162080620032134,alluvium,built-up,2895.7964607714543,1
S-0142,27.07178920478076,88.15872001877602,1407.1850092384193,11.722808573055985,304.45178423291,0.09282711567558176,alluvium,built-up,2605.154575673929,0
S-0143,27.70091756269528,88.04985586824783,1203.469814472922,25.555282123989247,18.34577372695898,0.6265374725648186,alluvium,forest,2935.433243077274,1
S-0144,27.107703882301433,88.71370448106367,1330.8418985692101,16.756679417439553,185.44801566462803,0.23017913826605269,schist,barren,3306.5218228677463,0
S-0145,27.524000987206605,88.33438888756572,915.8328512244412,6.4915221645222605,72.06603501054944,0.08892455164582765,gneiss,scrub,2473.2827282918975,0
S-0146,27.173429026639255,88.45407361332,2298.895040970926,45.39412672300948,141.88527978411508,0.4094549600941877,gneiss,agriculture,3099.558964785235,1
S-0147,27.06996329002688,88.25780160419386,2699.912123455147,38.99477473015739,123.58528645640679,0.8649969475513125,gneiss,agriculture,3806.717062855699,1
S-0148,27.819658743890944,88.67374721751126,1851.2880883498615,57.37231162429517,266.19532865154355,0.8874497900565665,gneiss,forest,2915.0651742349164,1
S-0149,27.200367503889243,88.53643829791093,2864.4802952184946,29.123043442854403,327.2633331922615,0.6057900874411939,schist,barren,3599.7345329897958,1
S-0150,27.061000154338174,88.37065909627088,1212.6740718689684,10.347248525747158,130.0676035869659,0.3555208248645432,gneiss,forest,2714.4187424556753,0
S-0151,27.32668987421419,88.09475027186872,2269.120716029341,36.40815128619939,235.05196556303943,0.975608001323128,quartzite,agriculture,3224.1873792469473,1
S-0152,28.172631275897228,88.15281997639543,1701.8165893549005,20.291025519133665,353.1617320873582,0.49048540337851815,alluvium,forest,3663.4636042819334,0
S-0153,28.169300547730614,88.63734179845838,1741.5342940049948,20.50208905279898,77.48774934449393,0.1769487625400359,schist,agriculture,2771.9948564748797,0
S-0154,28.02747480455593,88.26048673675726,2454.9719770060356,15.258960805816244,47.07065281547469,0.5121284307426307,alluvium,forest,2916.4820804525975,0
S-0155,27.21937052451717,88.69466440890625,1268.649295822368,10.070458080074443,349.60865464883807,0.22237705664259605,quartzite,forest,2057.275839223934,0
S-0156,28.123412317968235,88.26666966740814,731.142702431434,11.923599119856666,334.4985476175852,0.2085980128202989,alluvium,agriculture,2466.6949633851013,0
S-0157,27.664295280789595,88.66508560352399,2606.881844983105,22.97496543959103,329.5075537027997,0.8493552078849885,phyllite,built-up,3873.434483815209,1
S-0158,27.152322308149103,88.71230633902687,1486.290293678058,7.962860581059948,134.53848103764648,0.228631102258844,schist,built-up,2880.537941285969,0
S-0159,27.10805743293077,88.72392482405168,2620.910033445031,36.086560133049396,267.2344617904716,0.6397011129806193,alluvium,agriculture,3518.3112038976933,1
S-0160,27.535287471504272,88.78562081474838,2036.5283000463717,7.7944625302985875,36.10346345829009,0.4769456093461594,schist,barren,3187.1995218215457,0
S-0161,27.096882336003286,88.1576625110704,2142.257580464983,24.703069533785246,309.4420080308033,0.37376720757496024,alluvium,forest,2651.4329055671724,0
S-0162,27.772638144096796,88.2071925918054,3063.6751070820924,36.68862469796655,167.3904442297151,0.42102468901815565,phyllite,agriculture,3143.6048410222324,1
S-0163,27.227365630901144,88.59549513685099,2575.43449436563,39.85325649415382,1.620044978277284,0.7125431616115835,quartzite,barren,3125.6173291255805,1
S-0164,27.185147390481056,88.80250953962943,2233.2729079296023,35.06808413351238,311.56435730003864,0.7663818436306079,quartzite,built-up,2930.3150153101965,1
S-0165,28.125391745969978,88.83235768211627,1679.7280304212327,13.900780342001251,172.75082419838344,0.709450355250205,schist,forest,3676.1654253174975,1
S-0166,27.80622502633688,88.2394277853595,1011.8998416782836,8.75653236284439,255.72930912821855,0.4416267374616281,schist,agriculture,3314.6360525148934,0
S-0167,28.12400363023815,88.18719826633762,1554.5645351870185,20.7988373724496,191.06038478168426,0.44045102801400143,gneiss,barren,3414.943020759121,0
S-0168,27.846956404355385,88.70399007574102,1540.4155813360398,12.381556557959808,242.71026928013382,0.364188879943655,phyllite,agriculture,3045.7760491569898,0
S-0169,27.008834723701206,88.87464378345487,2504.38073611222,44.655852363134294,67.53372549821688,0.9696341749966959,alluvium,scrub,3423.8161482464666,1
S-0170,27.756339111742665,88.78096505839841,1574.1763929469303,42.523339506431384,285.11079305089464,0.7046375917049048,schist,agriculture,3050.022124060346,1
S-0171,27.433918835487194,88.09779139293603,1280.2483045562622,19.629293070521335,213.6656132791892,0.29329410624027846,alluvium,forest,2473.669340806227,0
S-0172,27.384880942744143,88.34048621280141,2561.4730970332885,5.445076154204328,93.18082940546388,0.18836251285944308,schist,agriculture,2528.4082742592072,0
S-0173,27.999213835269405,88.21687351750512,1940.8600788168626,63.97673726595832,241.78061118810913,0.7382820125283811,alluvium,forest,2721.856410280759,1
S-0174,27.601253730124036,88.09822959708916,1198.2388539667431,39.31485816805452,86.89394218559865,0.6278138314201881,gneiss,forest,2865.577154061685,1
S-0175,27.924927856398444,88.22773127493672,2123.657643036879,21.97547493215561,334.8379869300447,0.23924351286843376,schist,agriculture,2558.8086749731983,0
S-0176,28.150271055889732,88.04432870793484,1755.9330731331738,39.89843392837443,155.27772725272186,0.6389584376841161,gneiss,barren,3361.5816082942447,1
S-0177,27.56006520447244,88.39158735400274,2613.9940883985296,26.82615887010392,256.7729506722113,0.8282528986445917,gneiss,agriculture,3159.0413173555617,1
S-0178,27.894244611337214,88.0316051299987,3004.784485048196,3.270512140243664,5.084904051656629,0.3352889647201238,quartzite,forest,2519.9663881416445,0
S-0179,27.588848393225426,88.04676567981859,2396.4137341299593,41.63454337839073,87.29382709019978,0.8086424016184341,phyllite,forest,2605.9778083490255,1
S-0180,27.654810832897258,88.07303860038151,2094.265931425731,21.884237663691565,39.120109489536645,0.3457973322656384,phyllite,agriculture,2076.1532124331084,0
S-0181,27.928747258267155,88.74366273177493,2053.9144070982225,31.457167233124444,235.47686741364842,0.708741149640317,alluvium,built-up,3259.450838121132,1
S-0182,27.76513077627486,88.88468845438233,1935.6140058068493,12.868691727398584,167.9433347298035,0.20012826630034813,schist,forest,2668.316240656397,0
S-0183,28.076106445908838,88.22128802830456,1354.1262901349326,11.400236945082806,76.97909566007921,0.32295394657256987,phyllite,scrub,3035.4560606949613,0
S-0184,28.090296828849127,88.58673792302199,2338.137089664277,14.057396950995283,242.85509171244865,0.934215730270536,alluvium,forest,3848.0281236544206,1
S-0185,27.609831497733893,88.6723682205669,2057.3120269934234,17.13388934381313,141.06157556761897,0.19964363813506736,gneiss,forest,3386.4811278502725,0
S-0186,27.22548429484377,88.46702317823838,1584.5837429579078,26.37685079938845,351.54974390945245,0.2939886594764176,alluvium,agriculture,2884.5840609455668,0
S-0187,27.362117840036316,88.67319111605721,2184.7690736469417,13.815420763617967,122.30494118965093,0.46770330741975297,gneiss,agriculture,3052.495331226859,0
S-0188,27.141607082544617,88.33676563906647,2419.818303008497,32.612286823822565,171.45263109122124,0.2990748350345593,schist,built-up,3209.342126445822,1
S-0189,27.155905806402565,88.33629195598634,3110.323078823401,44.19171116975393,185.26656316188593,0.6165712061726312,phyllite,forest,2914.578407451858,1
S-0190,27.56531544737176,88.52300494829882,2937.9745240267544,23.04939169772795,359.1288134146502,0.7766832721821302,phyllite,agriculture,3447.2762858661204,1
S-0191,27.257191683425983,88.0996518327405,427.8510531056613,4.225579609763475,349.00509014121155,0.3584745037989849,alluvium,scrub,3022.0960297117695,0
S-0192,28.03696419503127,88.60993775300902,1920.4953596974867,26.300104559688048,170.9556611312534,0.27176920328204246,alluvium,agriculture,3271.5818314366593,0
S-0193,28.078705891584615,88.42948056995463,1236.9924511495117,7.991120606176339,89.38592923870539,0.6809787960710603,phyllite,forest,3709.1967303917554,0
S-0194,28.134832382189366,88.38696134491005,1903.145578054354,12.033774644303506,32.6526357923887,0.7718973872358085,phyllite,forest,2132.786160044361,0
S-0195,28.112117986618323,88.82441066062385,2363.9977418570547,41.833771131824705,354.7944610181734,0.5469065470729993,gneiss,barren,3445.1861521898395,1
S-0196,27.75218997934105,88.70461474675456,952.3294077669824,0.0,14.241675020469051,0.36390191690435053,gneiss,forest,2630.9756068805013,0
S-0197,27.273561326667817,88.62136175906396,944.0984171113944,0.0,258.03063005889936,0.2103389768086845,alluvium,agriculture,3282.9700113244803,0
S-0198,27.052564518944674,88.89313800765026,2051.7145232326457,33.41324715060667,278.5394457905855,0.7959439614246853,phyllite,forest,2939.7745518377633,1
S-0199,28.17088322926759,88.84492481878634,1805.1060078397757,0.0,102.5307319139602,0.4091356474163046,phyllite,scrub,3364.0647981207744,0
S-0200,27.11301281746518,88.0977181670219,2935.7459864965786,41.61921853928844,264.1512590776498,0.7237178627357663,gneiss,built-up,3541.8742920542245,1
S-0201,27.101333185367867,88.04804373936446,1458.9073012785896,37.29319618347929,138.42157607637412,0.7046628381656729,schist,barren,2813.8595220764946,1
S-0202,27.390990429765782,88.46697252434781,2591.1751712088308,41.47708452450957,84.43265415886749,0.7955359425058315,gneiss,agriculture,3319.004428474222,1
S-0203,27.845805987651815,88.36662614907668,849.6652986090807,20.978176409147643,141.86591070064821,0.4133433528688039,quartzite,agriculture,3389.3652325767025,0
S-0204,27.761081320760074,88.13268335813703,1604.1409549789635,17.412418454503232,87.01185527320715,0.3357071319479098,alluvium,agriculture,3259.3025698063952,0
S-0205,27.469808210021316,88.20265989949499,1920.1068296643793,15.703703170648016,7.8593009924921775,0.39861338334800706,gneiss,forest,2414.4899251062448,0
S-0206,28.15270435500795,88.24672095431976,1211.1970361258664,19.078565662208945,256.89117956667025,0.28486993501116714,alluvium,forest,2469.2763578427707,0
S-0207,27.939282272700343,88.47137765384588,2601.792509689301,51.361861000121706,302.8333342373843,0.6930119094490991,gneiss,built-up,3934.490335892008,1
S-0208,27.678283327777425,88.17979808649406,2384.1783063503294,51.6386222981391,252.31716364343706,0.7586896989899852,schist,built-up,3820.752048048995,1
S-0209,27.027364645235636,88.37463618313288,1459.7317437174918,29.003052135122463,119.91389796382961,0.4986737250443639,quartzite,forest,2929.9544191426153,1
S-0210,27.124083561267064,88.78750444801115,2744.608748355396,36.40351692577983,149.97946790489323,0.79998590029143,schist,agriculture,2207.7165960061834,1
S-0211,27.88388771173888,88.20222052709128,991.6407908067965,10.071607795550998,191.96993153941497,0.22003757920108416,quartzite,agriculture,2728.0239648466777,0
S-0212,27.153736359210654,88.6542951528582,2347.9969948435496,48.67222416571983,14.740905702859113,0.3629097166988716,quartzite,built-up,2649.4450003688207,1
S-0213,27.257501607383436,88.27085382260285,1768.3273676303093,32.404277139505105,72.71245356796136,0.5374451758962909,phyllite,barren,2476.921256090027,1
S-0214,27.506119275257472,88.4314753673253,1405.683409466591,23.19610140341352,94.85115414815436,0.6516389168600771,alluvium,forest,2777.7259789400023,0
S-0215,27.761661984000707,88.64386641665422,1914.5281692391027,30.805197667152097,141.25287345184583,0.6815973043757309,phyllite,built-up,2799.4834268973823,1
S-0216,27.99871176167424,88.13795588496204,1850.534785710627,38.91520178173208,125.29131242742515,0.7304195915346668,phyllite,agriculture,3716.2255049284695,1
S-0217,27.765524093095973,88.41744529941658,1914.3981468051516,5.7127043489060885,268.95991416746796,0.44071873738258516,alluvium,scrub,2594.545495714036,0
S-0218,27.48599287379498,88.79454300943067,1672.9691470723872,0.0,339.32462411316163,0.41108958406032026,schist,barren,3557.2195541690176,0
S-0219,27.524582302646795,88.8431318354804,1613.996403702592,38.06339062362269,322.42855729813084,0.9038830900443418,gneiss,barren,2300.086488819357,1
S-0220,27.498968882604732,88.53202943449988,1033.1919400758477,41.34295128497715,21.790242297553007,0.7417863871767708,phyllite,agriculture,3221.39265072876,1
S-0221,27.986656255312568,88.0880091977009,1290.5267237043183,23.570436311436925,14.032575913435341,0.22799143814799852,quartzite,forest,2417.2653148481413,0
S-0222,27.042211178621304,88.36149547060845,909.0254843181837,22.03163222160714,8.016775426656002,0.3357552034110992,phyllite,scrub,2984.0874557740253,0
S-0223,27.412969293676017,88.17790028402918,2138.921677872591,26.698842107786888,62.930659043881825,0.35806288444857526,phyllite,built-up,3512.917517081885,0
S-0224,28.071745345586635,88.84243921304407,2419.543339464788,29.666311940505942,17.531450032986456,0.9677752603108196,alluvium,barren,2670.9835466833283,1
S-0225,28.19377787139553,88.16995277842808,1505.2222442303607,16.597080143292118,244.8125767468409,0.3526001943726961,alluvium,agriculture,2783.026475968357,0
S-0226,27.546931547800334,88.13155591977343,2465.0323528007334,45.068496408990505,155.8700974323962,0.7053364715476936,phyllite,barren,3190.7065156598537,1
S-0227,27.487664233728083,88.37720288738467,2622.19259524266,54.28936947623991,84.63496207703741,0.7379327222454848,alluvium,agriculture,3895.8592167724046,1
S-0228,27.463609748667817,88.75295173692943,2214.2104061400755,18.316930280213626,190.9588246571084,0.7006767678758248,schist,forest,2952.50855603239,0
S-0229,27.935843812646773,88.89534179225879,1529.3022489280988,26.826231485728474,151.66084596597167,0.38734008655949864,alluvium,built-up,2403.55747376506,0
S-0230,27.80377679361901,88.23621446433059,2166.5234135508995,26.58061773857596,144.48800071921966,0.9593493011328554,gneiss,barren,2475.752528007842,1
S-0231,27.27111474950014,88.86806699752529,1308.1598215969093,13.32774195178064,95.69138877902364,0.44074900635183095,alluvium,forest,3130.869119848489,0
S-0232,27.55165135734431,88.76200394545742,2021.0634795688163,23.20278427406204,64.04849578661201,0.35208473139987667,gneiss,agriculture,2979.9261306226135,0
S-0233,27.623459517731632,88.35571118838301,1341.7446289195836,0.0,11.18505602514238,0.07062728710628075,phyllite,built-up,3341.2294310168236,0
S-0234,27.954946278200364,88.4148382519658,792.4745547076061,20.390355149342064,234.4805995464167,0.3601506887094064,gneiss,agriculture,2975.8064577165715,0
S-0235,27.5320970385928,88.49936722245234,2631.914006849094,57.510125601263,148.16736078986156,0.8396257339525793,quartzite,agriculture,3603.0043083946234,1
S-0236,27.345993724716294,88.78710583675372,1591.7199253094361,36.29592418835796,212.51529031793365,0.7090578892636625,phyllite,forest,2839.64120187817,1
S-0237,27.361814506977453,88.54541423863002,1398.8702294705374,33.51435791971646,202.13618198917845,0.7043664919865004,phyllite,forest,3779.7379204945214,1
S-0238,27.573535896887797,88.3690439082235,1655.6752146990557,19.342865795820767,242.9325908661131,0.2797361453150813,gneiss,agriculture,2405.503955793361,0
S-0239,27.07599417444307,88.36259164765687,437.31431256285657,20.376914520771493,52.82756395475489,0.45972386119114017,alluvium,built-up,2470.9191907683594,0
S-0240,27.57067340787952,88.65683372167258,2046.4279081614777,6.394112330838141,324.0328601317257,0.3521108124310257,phyllite,forest,2764.837405052314,0
S-0241,27.65219471409583,88.01422499989611,1782.2625189964012,27.470529982392684,4.959847905858119,0.3789772369719797,alluvium,forest,2987.74426384831,0
S-0242,28.045690904089454,88.43056443347801,2086.9095358586546,2.263895982068357,306.6199857909067,0.4665609438486347,gneiss,scrub,2583.206639909523,0
S-0243,27.37483996965845,88.74800140491242,2518.766905448848,52.33214506606173,307.00120666748853,0.7018079770902738,schist,forest,3182.225532918258,1
S-0244,27.189028009580976,88.2412765943385,1334.0612530286212,3.021014639243706,216.49419461208524,0.3001747205241492,gneiss,agriculture,3197.7401872497276,0
S-0245,27.32037079571027,88.81238782953486,1284.547087076235,27.27866978573141,119.064867139752,0.6981521060606033,phyllite,forest,3191.1008820603156,1
S-0246,28.157247833869775,88.83700301261925,1711.9837141867238,20.31482939391945,103.17375536897278,0.42340759084076135,schist,forest,3374.002471195574,0
S-0247,27.26244507138196,88.31017679786046,1367.115917570961,15.261561802026167,283.520010550758,0.24207776810321785,alluvium,barren,2923.76513590397,0
S-0248,27.274374723194537,88.51405062585017,1335.3638466500533,29.471316336662166,100.61545448526826,0.35775474821429215,gneiss,forest,3462.9504480929986,0
S-0249,27.836841634871234,88.49863252918514,2276.2812560512343,41.28662002282481,103.7621683756459,0.741721558968194,gneiss,agriculture,2671.804406337185,1
S-0250,27.860268226990794,88.6714128522191,2429.692885858306,36.20773374550245,202.381464145526,0.651060699246544,gneiss,barren,2394.358962053884,1
S-0251,27.797821027910437,88.12950775229612,2352.18336451513,41.6653140723723,123.09369787643773,0.7017168158637198,alluvium,forest,2980.178951547967,1
S-0252,27.416243765441806,88.22444881824899,1781.300888086269,37.32019744015595,182.94024809263504,0.5959740753141578,gneiss,forest,2727.999688613096,1
S-0253,27.52665412770246,88.8065446946558,2148.2558659670194,42.278904406949174,349.13344201400497,0.782310822829619,alluvium,agriculture,3346.483839113575,1
S-0254,28.110144142052157,88.16334856863688,2876.7929447846986,39.87973587486105,310.5952429467161,0.6912383134211976,gneiss,barren,2088.802287708571,1
S-0255,28.163011652817268,88.22305560665622,2227.176792695191,29.737705336360474,283.5323410425621,0.5870662124157068,schist,barren,3677.447428742551,1
S-0256,27.16770298033117,88.27929130561009,2356.004735775622,42.303013589575535,98.93701827182413,0.6923204332275105,gneiss,built-up,3491.4856936297383,1
S-0257,27.797176248392866,88.12630563735752,2301.1530959155966,46.97815408410548,322.9188475582783,0.6133158837883516,gneiss,barren,3184.584695262635,1
S-0258,27.57952606736614,88.51135061616223,1087.2949361110477,15.459280571505262,291.7089198984479,0.5102693100866447,quartzite,scrub,2873.165892051482,0
S-0259,27.563466973530968,88.69481118889989,2785.6235467336596,35.156361619599046,308.9251096649363,0.43245833054287247,quartzite,barren,3004.3690127524305,1
S-0260,27.835584450093283,88.71713537949265,1971.150284521587,53.64718021669904,55.95896307003209,0.5256880730898569,schist,agriculture,3460.0996022313457,1
S-0261,27.944309253002565,88.45066706758212,1054.35524570095,48.8528700444591,30.532172844874715,0.8341319992770114,phyllite,forest,3426.4751034299334,1
S-0262,27.525409878811004,88.23813784481155,1335.7869344422372,20.428191611200226,181.46300636323832,0.5370817131713675,alluvium,barren,2267.6490989546037,0
S-0263,27.987313935924995,88.03367130055857,1433.069297541931,41.48775894046295,352.0501124665825,0.7148552231510801,gneiss,agriculture,3812.711556240421,1
S-0264,27.193526134840322,88.01605310557929,2097.4191555669777,52.55045576270712,107.77798494533721,0.5290856498362637,phyllite,barren,3153.8004482804263,1
S-0265,27.64152090154713,88.49521572271743,392.9460744844814,17.19073918646765,249.45357261090777,0.37926559597143317,alluvium,scrub,2730.0127853143285,0
S-0266,27.15738620302165,88.14574741322467,1374.3077745178025,6.250103506266635,333.96062488351976,0.25261056205847954,gneiss,built-up,2661.046866560587,0
S-0267,27.7090985897777,88.51410938656849,1902.7998239006324,40.62035812074381,176.2207223425949,0.8246547786501961,schist,built-up,3521.8281206339348,1
S-0268,27.510098121016956,88.12153428645061,1071.4225629308628,0.0,122.95377439258424,0.4969378011733959,alluvium,built-up,2565.6327158193662,0
S-0269,27.453971786848097,88.38926403391814,930.8087943380777,16.88455896511915,152.5158433982178,0.09361608441347666,schist,forest,3129.488370817517,0
S-0270,27.8461984543516,88.01254265893738,2236.0167866162888,35.13751266444308,258.3500931509643,0.7373180964701624,gneiss,barren,2750.892627091602,1
S-0271,27.23988984297013,88.69966435441707,2777.656018053348,29.48462810814232,319.1607223818729,0.6880405654214787,gneiss,scrub,2969.341083106523,1
S-0272,28.123048922413297,88.73850137437589,1346.6986520143985,14.682349741224177,271.35744467182406,0.0787783929693881,gneiss,agriculture,2671.7838486649807,0
S-0273,27.343256762208473,88.68683994083791,1251.8939742100501,11.302983398620436,17.05410242261632,0.3797867931022275,phyllite,agriculture,3135.8272363097008,0
S-0274,28.073625464241378,88.82565603033953,2159.7503404014583,14.559183207661686,86.48962138067103,0.36289902211214375,alluvium,built-up,2640.1804233646285,0
S-0275,27.3727850220973,88.33234555720688,2499.143850461531,14.943065158971875,54.96844818291146,0.4244514551511097,gneiss,built-up,2647.984775123122,0
S-0276,27.048479074610597,88.43301079158684,1626.728956308737,12.394415119410171,31.824824652242786,0.4728145925521163,schist,agriculture,2151.2299492679163,0
S-0277,27.167756397753188,88.10964925416567,1904.4482874044472,19.685939157848765,146.8591024072616,0.6773422183589606,gneiss,forest,2882.9896678168343,1
S-0278,27.81899460476997,88.17679119914311,1864.4298613017095,30.205176032745804,142.89842438922028,0.5046021824748302,phyllite,agriculture,3409.5803816770685,1
S-0279,27.7413466902067,88.12604986422055,462.1317981391239,6.3231150205100946,352.09646848367277,0.23842086093565484,phyllite,agriculture,2881.882674408212,0
S-0280,27.86628813541521,88.89466999520715,1636.6376572928482,26.402631547762446,307.9711308304374,0.42215429971454826,alluvium,scrub,2526.1775903280795,0
S-0281,27.425431161755842,88.46355141630855,3066.155802704972,37.741371520461435,13.30946179242272,0.5477398141406775,schist,scrub,3793.9675146935406,1
S-0282,27.782003361521994,88.32191436837338,717.3898423485754,23.873358491937054,136.1521882834852,0.5033610838040707,phyllite,built-up,3232.9407719166943,0
S-0283,27.77782047560056,88.42140826512423,1271.8145532259455,19.823495550041777,178.05608063080305,0.269069722711829,quartzite,agriculture,3378.8234784124406,0
S-0284,27.11314326418561,88.44813866751001,1600.9996782075436,22.46111074392896,50.32353256915252,0.3111186111027375,phyllite,built-up,3396.0497369186287,0
S-0285,27.597177242838455,88.08013780456754,879.0106321799935,15.811579445200396,108.50422921926685,0.38516466747231465,phyllite,agriculture,2737.9467475277625,0
S-0286,27.025934495856397,88.578234948396,1665.123794355155,29.625365959148073,256.16089497484,0.7338339759265271,phyllite,built-up,3317.173529398917,1
S-0287,27.204711562244263,88.03912755581152,2165.43103263693,43.484279208298,40.34533355953111,0.48365512966608826,schist,scrub,3693.160773641079,1
S-0288,27.167548385014946,88.86044199357038,2395.2261489580114,16.685335021796963,263.92481084143634,0.15708049449368136,gneiss,built-up,2115.4107361078163,0
S-0289,28.154277197459418,88.38329387773616,2462.0939214063856,49.47812660733563,358.0926296166089,0.7593900811646235,phyllite,barren,2960.100220352454,1
S-0290,27.554252676301665,88.70628710432698,3363.8265501730425,33.57464288107816,235.23811524341826,0.7409806034278184,gneiss,forest,3180.1764649793668,1
S-0291,28.116821386253545,88.8009091063651,1332.594330890721,10.301433897889769,281.8154036335123,0.3978642251035361,quartzite,forest,2765.2160097575916,0
S-0292,27.779815921865783,88.15717732384226,1551.7638359626194,29.112026867690815,40.17613256972161,0.8362902039838166,phyllite,forest,2737.0141471066313,1
S-0293,27.32710379689907,88.76589740804695,1748.4579353680563,5.460837356460532,98.60622069817627,0.23089346874517197,gneiss,barren,2691.44940282731,0
S-0294,27.909705288102447,88.26182605432611,2491.3276209938535,41.33070372618255,296.12991262227536,0.6551102944172115,schist,barren,2829.38675553714,1
S-0295,27.227236190007424,88.2123975363585,2195.694820145707,16.361415545535458,247.51221663955386,0.486685706685342,schist,forest,1960.3174629755024,0
S-0296,27.490234372469562,88.43972564081638,2126.2356598798237,42.650802095003066,6.360761159968393,0.7516907357125536,gneiss,scrub,3131.374195913461,1
S-0297,27.539233802572546,88.73491188708152,2550.9768131106352,35.46622431051985,36.68189663323616,0.9141227925526757,phyllite,forest,3518.3354620879095,1
S-0298,28.1776645215036,88.36301896292422,1311.5018143112331,2.591844701215562,306.94417885420194,0.37595107094783387,quartzite,agriculture,3065.7169208222545,0
S-0299,27.31904395375142,88.40850719386867,1044.948281683678,21.13531848765898,324.9194289189235,0.6430290232315157,gneiss,barren,3112.788348758231,1
