sample_id,lat,lon,elevation,slope_deg,aspect_deg,drainage_density,lithology,landuse,mean_annual_rainfall_mm,label,district,date,landslide_type,area_m2,curvature,distance_to_drainage,terrain_ruggedness
NEG-0000,27.134874,88.30444,701.0,29.87,226.43,0.0706,,forest,3665.0,0,,,,,-0.002998,251.1,40.93
NEG-0001,27.23197,88.554003,1694.8,21.72,259.28,0.0,,forest,5055.7,0,,,,,0.005567,740.0,29.16
NEG-0002,27.242819,88.187334,1796.0,12.03,258.62,0.2,,forest,5986.7,0,,,,,-0.008905,41.6,17.74
NEG-0003,27.34554,88.239471,1431.0,25.62,298.1,0.0,,forest,4580.6,0,,,,,-0.00348,352.7,34.71
NEG-0004,27.28313,88.286042,889.8,21.42,305.36,0.0,,forest,4405.3,0,,,,,0.000117,666.3,28.32
NEG-0005,27.300158,88.408262,1688.1,11.34,76.77,0.0,,grassland,6008.9,0,,,,,-0.004821,1175.5,15.42
NEG-0006,27.294336,88.856981,3966.2,24.96,149.96,0.0,,moss/lichen,3479.1,0,,,,,-0.005706,893.8,33.73
NEG-0007,27.112593,88.456954,610.7,46.98,127.35,0.2,,forest,3743.1,0,,,,,-0.003504,117.6,77.24
NEG-0008,27.19847,88.436299,1497.3,28.09,163.43,0.0,,forest,4798.9,0,,,,,-0.005623,412.5,39.79
NEG-0009,27.403555,88.316052,2097.3,25.02,165.64,0.0,,grassland,6311.6,0,,,,,-0.002239,758.4,33.42
NEG-0010,27.242139,88.247243,1187.6,20.47,321.94,0.2,,forest,4867.2,0,,,,,-0.001511,205.7,27.1
NEG-0011,27.284974,88.526773,1619.1,15.0,116.27,0.0,,forest,5758.9,0,,,,,-0.008473,663.0,20.31
NEG-0012,27.204342,88.677186,957.2,33.52,39.91,0.0,,forest,3895.5,0,,,,,0.013526,382.0,48.7
NEG-0013,27.421928,88.532003,1455.7,21.56,314.86,0.0,,forest,6698.0,0,,,,,3.3e-05,293.9,28.61
NEG-0014,27.287363,88.612181,1028.0,21.73,321.34,0.0,,forest,5206.7,0,,,,,0.008637,316.5,30.39
NEG-0015,27.128364,88.345267,1053.4,23.65,102.92,0.0,,grassland,3936.4,0,,,,,0.00131,686.1,31.21
NEG-0016,27.993062,88.459347,4855.0,12.97,212.97,0.0706,,moss/lichen,1294.4,0,,,,,-0.000277,251.1,16.69
NEG-0017,27.232068,88.754606,1706.7,28.4,111.45,0.0706,,forest,4278.9,0,,,,,-0.004286,251.1,39.34
NEG-0018,27.341119,88.611178,1684.6,24.57,277.76,0.0,,forest,5674.7,0,,,,,-0.007199,605.8,33.96
NEG-0019,27.51976,88.55376,1246.2,11.94,5.93,0.0,,forest,7912.4,0,,,,,-0.000945,352.7,15.34
NEG-0020,27.201871,88.252079,1519.2,36.77,78.45,0.0,,forest,4718.3,0,,,,,0.009121,758.4,55.02
NEG-0021,27.376548,88.762055,3752.0,7.81,189.7,0.2,,grassland,3563.1,0,,,,,0.006985,149.8,12.4
NEG-0022,27.243166,88.468423,578.1,29.57,33.79,0.0,,forest,5528.1,0,,,,,-0.006298,447.6,40.91
NEG-0023,27.323591,88.21017,1665.5,26.43,166.17,0.0,,forest,4914.0,0,,,,,0.009404,884.1,36.87
NEG-0024,27.203139,88.687719,830.0,24.83,34.25,0.2941,,forest,4029.6,0,,,,,-0.01586,106.0,35.34
NEG-0025,27.242439,88.263379,1405.6,17.49,289.16,0.0,,forest,4564.8,0,,,,,-0.00763,368.2,23.84
NEG-0026,27.1468,88.322422,1224.3,27.13,162.87,0.0,,grassland,3860.3,0,,,,,-0.013717,352.7,39.44
NEG-0027,27.125697,88.145814,1490.6,36.77,178.88,0.0,,forest,5449.4,0,,,,,0.012104,735.3,55.62
NEG-0028,27.233844,88.453244,939.5,25.92,312.85,0.2353,,forest,5370.8,0,,,,,-0.00156,146.9,35.29
NEG-0029,27.147033,88.28371,339.6,13.96,304.6,0.2824,,forest,3554.0,0,,,,,-0.002075,29.4,18.28
NEG-0030,27.346274,88.50318,1520.1,30.55,219.62,0.1176,,forest,6703.8,0,,,,,-0.003476,185.9,43.3
NEG-0031,27.17694,88.432838,1717.3,28.06,7.75,0.0,,forest,4442.8,0,,,,,-0.005871,825.0,38.87
NEG-0033,28.008703,88.807815,5430.6,10.55,10.7,0.2118,,moss/lichen,734.5,0,,,,,0.002471,185.9,13.44
NEG-0034,27.422763,88.786958,4085.4,19.13,289.8,0.2,,grassland,3513.0,0,,,,,0.002588,0.0,24.95
NEG-0035,27.313817,88.841222,4113.7,18.01,226.65,0.0,,grassland,3501.3,0,,,,,-0.004084,764.1,23.4
NEG-0036,28.018565,88.482014,5213.2,13.44,109.72,0.0,,moss/lichen,1294.4,0,,,,,0.002172,328.6,17.39
NEG-0037,27.171988,88.413861,1777.8,17.29,48.57,0.0,,forest,4381.9,0,,,,,-0.007297,603.0,24.71
NEG-0038,27.320287,88.885793,4221.7,10.55,352.59,0.0824,,grassland,3242.6,0,,,,,-0.004398,166.2,14.2
NEG-0039,27.368645,88.652021,2518.8,25.64,152.82,0.0,,grassland,5219.0,0,,,,,0.002212,492.6,35.04
NEG-0040,27.325616,88.608055,1436.6,24.75,260.76,0.0,,built-up,5631.4,0,,,,,0.000236,676.6,33.58
NEG-0041,27.688522,88.751574,2830.7,18.77,256.6,0.0,,grassland,2116.1,0,,,,,-0.00099,567.6,24.88
NEG-0042,27.269941,88.594208,837.9,27.87,356.43,0.0588,,forest,5227.8,0,,,,,0.003494,249.4,39.12
NEG-0043,27.391125,88.347393,1979.9,39.87,214.53,0.0,,forest,6709.5,0,,,,,-0.002279,872.3,60.11
NEG-0044,28.00231,88.473517,5105.7,18.4,150.6,0.0,,moss/lichen,1294.4,0,,,,,0.000375,665.0,23.83
NEG-0045,27.171893,88.483683,1177.2,30.18,337.4,0.0,,forest,4185.4,0,,,,,-0.020533,457.2,45.57
NEG-0046,27.312947,88.280287,739.2,36.75,119.68,0.2,,grassland,4354.3,0,,,,,0.005581,58.8,54.21
NEG-0047,27.156151,88.350958,1432.8,31.61,120.31,0.0,,forest,4123.6,0,,,,,-0.004455,587.8,44.47
NEG-0048,27.32953,88.444766,1154.4,27.42,128.46,0.2,,forest,7179.1,0,,,,,0.016947,117.6,39.62
NEG-0049,27.681841,88.745878,2697.9,33.07,321.25,0.0353,,forest,2192.5,0,,,,,0.004011,278.8,47.1
NEG-0050,27.380791,88.817422,4000.1,19.95,160.29,0.2353,,grassland,3494.1,0,,,,,-6.9e-05,58.8,25.94
NEG-0051,27.295943,88.831523,3873.6,22.0,299.67,0.0,,grassland,3612.7,0,,,,,0.000892,444.7,29.23
NEG-0052,27.251385,88.341812,1469.9,31.33,211.13,0.0471,,forest,4419.4,0,,,,,0.009934,270.9,45.14
NEG-0053,27.322618,88.1799,1673.9,26.19,171.69,0.0353,,forest,4997.1,0,,,,,0.001436,178.8,35.78
NEG-0054,27.30822,88.329495,1261.4,23.01,298.76,0.0,,grassland,4780.8,0,,,,,0.003154,554.5,31.32
NEG-0055,27.260931,88.213019,1165.1,27.06,14.58,0.0588,,forest,5428.4,0,,,,,-0.01464,235.1,37.98
NEG-0056,27.35245,88.711571,3215.8,22.55,132.63,0.0,,grassland,3892.5,0,,,,,-0.008044,540.3,32.06
NEG-0057,27.327074,88.620689,1558.4,23.74,132.54,0.0,,forest,5582.7,0,,,,,-0.016346,459.1,33.91
NEG-0058,27.255501,88.256467,838.3,32.7,283.41,0.2824,,forest,4616.1,0,,,,,-0.005468,121.2,46.47
NEG-0059,27.368321,88.216308,1753.2,14.19,167.09,0.0,,forest,4933.5,0,,,,,0.006265,561.5,19.33
NEG-0060,27.165411,88.363852,1442.3,6.13,126.11,0.0,,built-up,4258.2,0,,,,,-0.002773,715.0,8.29
NEG-0061,27.867617,88.692596,4273.0,23.32,100.54,0.1412,,grassland,1322.7,0,,,,,0.006998,121.2,31.78
NEG-0062,27.382999,88.821498,4206.7,14.93,295.12,0.0,,bare/sparse vegetation,3462.1,0,,,,,0.001713,324.6,20.59
NEG-0063,27.188061,88.329052,378.7,2.98,7.62,0.2,,water,4028.9,0,,,,,0.008888,0.0,10.84
NEG-0064,27.416506,88.605118,1351.2,27.7,209.0,0.0,,forest,6077.6,0,,,,,-0.011795,447.6,39.24
NEG-0065,28.058267,88.619933,4966.1,12.69,96.3,0.0,,grassland,1149.0,0,,,,,0.003143,460.0,16.77
NEG-0066,27.226207,88.396364,2054.7,44.22,220.49,0.0,,forest,4824.7,0,,,,,0.008819,660.4,70.25
NEG-0067,27.271982,88.103642,1734.6,33.7,60.62,0.0,,forest,3370.3,0,,,,,0.00451,478.4,48.82
NEG-0068,27.414375,88.522165,1042.1,26.26,274.68,0.0,,forest,6736.4,0,,,,,0.00399,617.1,34.83
NEG-0069,27.332415,88.472108,803.6,17.74,116.16,0.0,,forest,7036.1,0,,,,,0.003192,707.8,22.87
NEG-0070,27.310901,88.842501,4099.4,27.35,227.55,0.0,,bare/sparse vegetation,3504.6,0,,,,,-0.009207,561.5,38.15
NEG-0071,28.038155,88.719304,5183.5,8.05,33.65,0.2706,,grassland,837.8,0,,,,,0.010055,0.0,15.58
NEG-0072,27.340092,88.286377,1827.5,44.89,160.08,0.0,,grassland,4428.4,0,,,,,0.000901,707.8,71.08
NEG-0073,27.10199,88.427155,994.7,21.53,226.58,0.0,,forest,3761.4,0,,,,,0.002523,698.5,28.91
NEG-0074,27.266721,88.19461,1037.3,35.19,320.89,0.1176,,forest,5702.2,0,,,,,-0.0219,188.2,54.01
NEG-0075,27.259208,88.408565,1232.3,30.3,345.07,0.0,,forest,5239.7,0,,,,,0.00801,371.7,42.52
NEG-0076,27.242664,88.258943,1300.2,19.81,303.28,0.0706,,forest,4644.9,0,,,,,-0.006269,188.2,26.5
NEG-0077,27.306128,88.268197,1341.9,20.68,37.18,0.1412,,forest,4393.5,0,,,,,-0.002833,223.8,27.13
NEG-0078,27.14941,88.191207,1018.3,27.75,177.65,0.0,,forest,6310.8,0,,,,,0.008436,399.7,40.66
NEG-0079,27.200537,88.486016,319.0,10.22,58.86,0.2235,,forest,4812.0,0,,,,,-0.006794,121.2,13.68
NEG-0080,27.29538,88.428334,962.1,12.84,71.98,0.4471,,grassland,6252.9,0,,,,,0.001905,58.8,16.34
NEG-0081,27.268456,88.279106,766.1,24.04,45.24,0.2235,,grassland,4344.7,0,,,,,6.6e-05,29.4,32.36
NEG-0082,27.372867,88.601042,1926.8,10.3,30.47,0.0,,built-up,5851.2,0,,,,,0.006453,836.4,14.5
NEG-0083,27.327425,88.360052,2265.9,26.37,212.07,0.0,,forest,4984.5,0,,,,,-0.010214,392.1,37.02
NEG-0084,27.140315,88.432696,1039.5,24.76,173.37,0.0235,,forest,4030.1,0,,,,,0.007863,302.6,33.36
NEG-0085,27.143615,88.309137,1142.0,23.96,201.81,0.0,,forest,3741.3,0,,,,,-0.013995,743.5,35.04
NEG-0086,27.27221,88.467341,1565.2,23.87,270.79,0.0,,forest,5865.1,0,,,,,0.00451,1039.0,31.4
NEG-0087,27.212597,88.437169,1764.7,17.99,100.27,0.0,,forest,5033.5,0,,,,,0.024217,771.4,32.65
NEG-0088,27.37316,88.746315,3597.9,34.89,189.73,0.2,,grassland,3590.3,0,,,,,0.005527,205.7,51.41
NEG-0089,27.962356,88.45419,4635.2,4.77,164.63,0.2588,,grassland,1323.2,0,,,,,0.000447,166.2,6.13
NEG-0090,27.173359,88.393858,1551.5,21.51,131.69,0.2,,forest,4433.9,0,,,,,0.008242,171.4,29.49
NEG-0091,27.117078,88.434362,1197.4,29.22,23.32,0.0,,forest,3855.1,0,,,,,0.00665,456.2,41.16
NEG-0092,27.35416,88.438292,1819.6,25.48,132.61,0.2941,,forest,6758.5,0,,,,,-0.002559,41.6,35.8
NEG-0093,27.682712,88.770678,3147.2,20.31,180.78,0.0588,,grassland,2169.2,0,,,,,0.009451,211.9,28.33
NEG-0094,27.370792,88.582597,1941.9,17.2,342.27,0.0,,forest,5920.8,0,,,,,-0.003124,335.1,22.8
NEG-0095,27.184409,88.378012,2002.3,26.98,302.91,0.0,,forest,4488.5,0,,,,,-0.014486,810.7,39.52
NEG-0096,27.244891,88.347408,1606.6,29.25,221.12,0.1176,,forest,4376.3,0,,,,,-0.005503,236.9,40.62
NEG-0097,27.279515,88.316012,1617.7,6.34,350.38,0.0,,built-up,4576.4,0,,,,,-0.001833,802.1,10.26
NEG-0098,27.172901,88.115789,2389.3,9.78,163.38,0.3294,,grassland,4525.7,0,,,,,0.003602,0.0,12.88
NEG-0099,27.234921,88.670596,1357.6,17.31,129.53,0.0,,forest,4279.9,0,,,,,-0.006194,383.2,25.05
NEG-0100,27.430874,88.509297,861.8,24.25,96.7,0.0,,forest,6251.5,0,,,,,0.002819,328.6,33.16
NEG-0101,27.257484,88.615061,1353.5,37.42,193.22,0.1176,,forest,4802.9,0,,,,,0.003231,83.1,55.52
NEG-0102,27.291661,88.903496,3847.8,30.14,228.29,0.2118,,built-up,3385.0,0,,,,,-0.00201,166.2,42.04
NEG-0103,27.160323,88.473733,1351.2,22.22,237.21,0.0,,forest,3977.6,0,,,,,-0.013531,646.5,32.49
NEG-0104,28.024904,88.724926,5339.3,17.67,207.91,0.0235,,bare/sparse vegetation,837.8,0,,,,,0.001675,312.4,23.5
NEG-0105,27.246319,88.50332,1180.7,12.48,193.33,0.0,,forest,5579.8,0,,,,,-0.012313,471.1,22.65
NEG-0106,27.213531,88.666652,776.3,30.16,179.84,0.0588,,forest,4010.4,0,,,,,0.006182,249.4,42.49
NEG-0107,27.364796,88.203859,1319.1,21.95,54.87,0.3765,,forest,4941.4,0,,,,,0.010615,29.4,30.74
NEG-0108,27.22886,88.500532,571.0,35.68,336.39,0.0118,,forest,5286.2,0,,,,,-0.004012,312.4,51.65
NEG-0109,27.170836,88.197218,1656.1,25.4,158.79,0.1765,,forest,6559.8,0,,,,,0.005859,146.9,34.94
NEG-0110,27.102017,88.434762,902.8,22.59,54.02,0.0,,forest,3741.8,0,,,,,0.014428,489.1,32.53
NEG-0111,28.01815,88.794876,5326.2,3.85,276.76,0.2,,moss/lichen,734.5,0,,,,,0.005046,0.0,7.17
NEG-0112,27.257538,88.787474,3238.3,11.1,144.13,0.0588,,grassland,4008.9,0,,,,,-0.009946,223.8,18.25
NEG-0113,27.306803,88.3605,1970.3,18.96,244.35,0.0,,forest,4840.9,0,,,,,0.008698,392.1,25.71
NEG-0114,27.665051,88.60495,2340.4,43.18,232.22,0.0,,forest,3167.9,0,,,,,0.010373,383.2,67.82
NEG-0115,27.184209,88.235147,1122.5,31.67,231.03,0.2,,forest,5215.9,0,,,,,-0.002342,83.1,46.45
NEG-0116,27.295293,88.096938,2076.5,42.03,237.5,0.0,,forest,3320.0,0,,,,,-0.004497,489.1,65.05
NEG-0117,27.289429,88.29862,1068.1,33.24,323.04,0.0,,forest,4514.0,0,,,,,0.019247,415.6,50.02
NEG-0118,27.165641,88.15441,1595.2,38.71,84.82,0.0941,,forest,5928.1,0,,,,,0.001064,146.9,57.71
NEG-0119,27.28045,88.615003,1378.9,25.57,334.9,0.0,,forest,5084.0,0,,,,,0.002392,503.0,34.49
NEG-0120,27.141539,88.287213,439.8,39.34,314.5,0.0,,forest,3558.0,0,,,,,0.008101,335.1,58.73
NEG-0121,27.272034,88.416848,720.4,29.11,201.51,0.0941,,forest,5620.5,0,,,,,-0.002382,229.5,40.05
NEG-0122,27.182815,88.449291,1261.3,30.51,342.31,0.0,,forest,4521.0,0,,,,,0.000786,613.6,42.48
NEG-0123,27.224583,88.492502,383.7,49.79,286.83,0.2,,forest,5216.3,0,,,,,0.008372,58.8,85.16
NEG-0124,27.244605,88.70113,1355.9,36.17,84.36,0.2235,,forest,4401.9,0,,,,,0.016706,185.9,54.15
NEG-0125,27.193783,88.623238,544.4,18.29,330.78,0.0,,built-up,3768.0,0,,,,,0.011411,323.3,26.43
NEG-0126,27.856647,88.545975,3664.7,34.6,241.75,0.0941,,grassland,3862.3,0,,,,,0.004974,251.1,49.97
NEG-0127,27.483477,88.493392,1317.6,31.62,49.06,0.0118,,forest,7171.0,0,,,,,0.013448,332.5,45.77
NEG-0128,27.283235,88.416398,1413.8,39.11,127.66,0.0,,forest,5846.3,0,,,,,0.000212,646.5,58.87
NEG-0129,27.122421,88.317394,316.4,26.53,248.43,0.0941,,forest,3717.6,0,,,,,0.000928,178.8,36.28
NEG-0130,27.331135,88.568745,1286.8,35.81,224.72,0.3647,,forest,5816.7,0,,,,,-0.004671,0.0,51.03
NEG-0131,27.241392,88.447114,756.1,24.98,115.64,0.0235,,forest,5504.6,0,,,,,0.001092,312.4,34.49
NEG-0132,27.177454,88.198945,1699.1,22.18,112.02,0.0353,,forest,6506.4,0,,,,,-0.000753,290.9,30.46
NEG-0133,27.227411,88.213644,2036.7,18.29,99.55,0.0,,grassland,5666.5,0,,,,,-0.000581,822.9,23.94
NEG-0134,27.112164,88.331088,451.7,13.42,189.31,0.0471,,forest,3753.0,0,,,,,0.003895,171.4,17.7
NEG-0135,27.149262,88.367343,841.0,39.41,329.18,0.3647,,forest,4170.7,0,,,,,0.002416,29.4,59.58
NEG-0136,27.274625,88.390635,1269.1,29.71,134.06,0.0,,forest,5320.7,0,,,,,0.007419,540.3,41.18
NEG-0137,27.757607,88.538625,2724.2,16.73,179.41,0.2,,forest,4245.1,0,,,,,0.01338,29.4,25.19
NEG-0138,27.294774,88.813232,3742.8,18.65,305.83,0.0,,grassland,3715.4,0,,,,,0.008661,353.9,25.99
NEG-0139,27.224662,88.455717,1481.5,24.12,17.64,0.0,,forest,5218.5,0,,,,,-0.000295,707.8,32.7
NEG-0140,27.301222,88.631942,1754.1,9.88,313.43,0.0,,forest,5120.4,0,,,,,-0.009164,959.5,13.84
NEG-0141,27.221448,88.661285,1056.5,21.56,63.51,0.0353,,forest,4111.2,0,,,,,0.006506,293.9,30.32
NEG-0142,27.514638,88.529515,771.6,43.16,103.51,0.2,,forest,8151.3,0,,,,,0.00793,92.9,67.3
NEG-0143,27.274222,88.455172,1168.4,22.01,307.48,0.0706,,forest,6115.9,0,,,,,0.0048,235.1,28.9
NEG-0144,27.372156,88.521879,1684.6,28.42,325.52,0.3765,,forest,6588.9,0,,,,,0.00171,131.4,39.29
NEG-0145,27.291848,88.893094,3487.9,22.35,328.19,0.2,,forest,3406.3,0,,,,,0.004678,117.6,30.85
NEG-0146,27.247021,88.427321,1299.6,21.77,118.03,0.0,,forest,5279.8,0,,,,,-0.000662,617.8,28.76
NEG-0147,27.301453,88.851216,4120.9,36.77,67.8,0.0,,bare/sparse vegetation,3487.3,0,,,,,0.013681,605.8,55.05
NEG-0148,27.27189,88.568554,918.1,33.6,200.81,0.0,,forest,5582.3,0,,,,,0.009117,352.7,47.13
NEG-0149,27.447354,88.528446,1286.5,24.44,242.54,0.0,,forest,6805.6,0,,,,,0.008228,278.8,34.98
NEG-0150,27.500505,88.537027,1240.9,29.49,295.65,0.0588,,grassland,7878.1,0,,,,,0.01397,262.9,41.74
NEG-0151,27.224598,88.28101,1573.9,26.11,90.0,0.0,,forest,4095.8,0,,,,,-0.000179,471.1,35.35
NEG-0152,27.179527,88.534893,313.3,1.05,338.05,0.2118,,built-up,3950.5,0,,,,,-0.000148,41.6,1.64
NEG-0153,27.886251,88.537996,3903.3,29.97,273.37,0.2,,moss/lichen,3561.3,0,,,,,0.00063,146.9,41.83
NEG-0154,27.294229,88.605597,969.4,30.09,296.07,0.1294,,forest,5380.1,0,,,,,0.005058,178.8,42.26
NEG-0155,27.129854,88.287394,371.9,32.19,266.11,0.0,,forest,3510.0,0,,,,,0.006684,392.1,46.28
NEG-0156,27.271525,88.155848,1606.3,37.92,169.1,0.0,,forest,4847.3,0,,,,,0.004831,344.0,55.97
NEG-0157,27.524229,88.525547,784.7,33.81,40.06,0.2588,,grassland,8033.5,0,,,,,0.017797,65.7,50.99
NEG-0158,27.246509,88.433632,1050.7,22.21,96.65,0.0353,,grassland,5361.0,0,,,,,-0.002706,278.8,30.39
NEG-0159,27.117406,88.337474,689.9,20.3,173.65,0.0,,forest,3824.7,0,,,,,-0.006786,363.5,27.66
NEG-0160,27.307077,88.413046,1535.2,22.13,72.07,0.0,,forest,6181.7,0,,,,,0.007042,302.6,29.89
NEG-0161,27.948012,88.443715,4586.5,4.19,273.1,0.3176,,grassland,1365.4,0,,,,,0.004261,65.7,6.57
NEG-0162,27.265767,88.429158,723.8,15.46,110.86,0.0,,forest,5645.6,0,,,,,0.002298,447.6,20.43
NEG-0163,27.268584,88.152133,1449.9,34.14,80.7,0.1529,,forest,4761.7,0,,,,,-0.018293,106.0,51.81
NEG-0164,27.193468,88.611629,509.6,27.61,1.1,0.2471,,forest,3768.1,0,,,,,-0.011391,83.1,41.46
NEG-0165,27.385578,88.321399,1478.0,39.04,189.82,0.0235,,forest,6293.4,0,,,,,0.008986,312.4,59.58
NEG-0166,27.254918,88.218612,1404.0,19.28,344.64,0.1647,,forest,5323.8,0,,,,,0.005145,29.4,25.79
NEG-0167,27.444308,88.531381,1439.0,34.48,270.3,0.0,,forest,6791.5,0,,,,,0.004204,587.8,50.04
NEG-0168,27.412377,88.570645,1875.0,24.14,192.65,0.0,,forest,6323.7,0,,,,,-0.010583,802.1,34.51
NEG-0169,27.288904,88.218066,1383.8,54.19,160.37,0.0,,grassland,5276.7,0,,,,,0.009043,289.4,100.0
NEG-0170,27.424032,88.777495,3834.5,27.72,338.83,0.2471,,grassland,3530.1,0,,,,,4.5e-05,146.9,37.82
NEG-0171,27.152098,88.441495,1205.3,32.63,173.9,0.0,,forest,4090.1,0,,,,,-0.007901,449.5,46.78
NEG-0172,27.306719,88.360524,1979.5,23.83,252.45,0.0,,forest,4839.5,0,,,,,-0.002081,415.6,31.53
NEG-0173,28.024703,88.721335,5256.2,2.55,336.44,0.2,,grassland,837.8,0,,,,,0.001381,0.0,3.62
NEG-0174,27.309358,88.26404,1476.9,20.07,85.1,0.2,,forest,4470.8,0,,,,,-0.010066,205.7,28.12
NEG-0175,27.356627,88.272473,1913.5,38.47,118.77,0.0,,forest,4451.7,0,,,,,0.011802,634.4,58.14
NEG-0176,27.239728,88.326157,1467.2,22.26,6.68,0.0,,forest,4296.5,0,,,,,0.003522,644.5,30.66
NEG-0177,27.156066,88.436532,1569.4,27.37,149.59,0.0,,grassland,4121.5,0,,,,,-0.003329,748.1,37.45
NEG-0178,27.191493,88.431662,1101.3,21.08,147.31,0.0824,,forest,4689.8,0,,,,,-0.01031,235.1,29.66
NEG-0179,27.235163,88.435708,1123.0,20.17,105.72,0.0471,,forest,5364.9,0,,,,,0.004162,270.9,26.69
NEG-0180,27.191176,88.203181,1793.0,43.4,164.12,0.2,,forest,6270.9,0,,,,,-0.004633,58.8,69.68
NEG-0181,27.125653,88.15016,1515.4,29.22,124.02,0.0,,forest,5585.5,0,,,,,-0.017706,856.8,42.9
NEG-0182,27.360072,88.474088,634.4,36.35,92.14,0.2353,,forest,7313.3,0,,,,,-0.006807,235.1,53.31
NEG-0183,27.216383,88.562324,1364.5,24.17,172.71,0.0588,,forest,4561.8,0,,,,,-0.001372,249.4,32.58
NEG-0184,27.318125,88.287284,1035.2,25.22,241.16,0.0,,forest,4413.9,0,,,,,0.003374,619.9,34.69
NEG-0185,27.151217,88.096627,2306.7,32.69,288.83,0.0,,forest,3956.6,0,,,,,-0.013652,399.7,46.62
NEG-0186,27.297954,88.87134,3772.0,31.82,146.68,0.0,,moss/lichen,3419.1,0,,,,,0.003603,769.2,44.36
NEG-0187,27.16964,88.472272,1421.2,21.54,84.44,0.0,,forest,4222.5,0,,,,,-0.002522,711.4,28.78
NEG-0188,27.212123,88.309993,932.8,33.42,33.86,0.0,,forest,4035.3,0,,,,,-0.006798,893.8,47.76
NEG-0189,27.256804,88.508752,1335.4,11.2,136.61,0.0,,forest,5658.4,0,,,,,0.001039,478.4,14.6
NEG-0190,28.037029,88.673845,5055.0,1.01,156.54,0.1529,,bare/sparse vegetation,1149.0,0,,,,,-0.000919,205.7,1.7
NEG-0191,27.187616,88.235993,1236.5,36.3,245.43,0.3294,,forest,5209.6,0,,,,,0.012036,106.0,53.63
NEG-0192,27.74686,88.734695,3336.4,9.67,83.88,0.3176,,grassland,2149.4,0,,,,,0.004652,149.8,12.88
NEG-0193,27.168242,88.483572,1291.0,18.89,8.15,0.0,,forest,4092.6,0,,,,,0.012696,730.0,27.77
NEG-0194,27.45882,88.52417,995.0,30.86,279.26,0.0235,,forest,6954.8,0,,,,,0.004165,207.8,43.45
NEG-0195,27.13975,88.231991,1161.9,34.41,335.77,0.0,,forest,4363.4,0,,,,,0.004731,448.6,49.72
NEG-0196,27.296944,88.255205,1784.1,23.02,226.61,0.0,,forest,4640.6,0,,,,,-0.008051,725.8,32.18
NEG-0197,27.392796,88.586896,1168.1,20.57,21.92,0.0,,forest,6033.1,0,,,,,0.006326,436.9,27.58
NEG-0198,27.25091,88.466496,528.0,42.84,164.79,0.0,,forest,5637.4,0,,,,,-0.011038,383.2,67.45
NEG-0199,27.306802,88.307736,869.6,41.23,83.26,0.0235,,forest,4592.9,0,,,,,-0.0087,242.3,63.27
NEG-0200,27.328846,88.838812,4057.2,6.92,117.78,0.0,,built-up,3466.3,0,,,,,-0.000548,652.5,8.88
NEG-0201,27.268164,88.615725,1306.6,15.09,24.13,0.0,,forest,4924.0,0,,,,,0.014521,735.3,26.2
NEG-0202,27.149419,88.413924,1445.0,39.36,139.15,0.0,,forest,4110.0,0,,,,,-0.00803,335.1,59.0
NEG-0203,27.421498,88.63418,1389.5,27.55,146.25,0.2824,,forest,5904.9,0,,,,,0.011533,117.6,41.03
NEG-0204,27.406594,88.30727,1867.5,17.49,252.93,0.0235,,forest,6033.0,0,,,,,0.001032,266.1,22.8
NEG-0205,27.288997,88.247813,1351.1,18.84,151.9,0.0471,,grassland,4776.1,0,,,,,0.003569,270.9,25.51
NEG-0206,27.543039,88.596124,1717.5,53.18,148.53,0.0,,forest,6335.5,0,,,,,-0.004815,647.2,96.52
NEG-0207,27.17133,88.310745,632.6,30.7,320.84,0.0706,,forest,3846.2,0,,,,,-0.005417,251.1,43.43
NEG-0208,27.256535,88.135642,1591.6,4.58,335.34,0.0,,grassland,4384.7,0,,,,,0.004468,409.3,9.23
NEG-0209,27.343758,88.490149,943.7,24.69,212.21,0.0941,,forest,6909.2,0,,,,,-0.00453,188.2,33.41
NEG-0210,27.138055,88.41574,1542.1,37.07,36.91,0.1412,,forest,4037.0,0,,,,,0.009106,176.3,54.48
NEG-0211,27.216659,88.654893,980.4,32.37,248.08,0.0,,forest,4052.2,0,,,,,0.00616,644.5,47.07
NEG-0212,27.181817,88.464289,1170.6,28.85,295.1,0.0,,forest,4495.1,0,,,,,0.013223,409.3,42.24
NEG-0213,27.280754,88.431598,816.0,21.19,95.8,0.0,,forest,5993.5,0,,,,,-0.002768,382.0,27.63
NEG-0214,27.204027,88.718879,1128.1,44.28,310.71,0.0,,forest,4464.0,0,,,,,0.003849,324.6,70.1
NEG-0215,27.300014,88.433433,790.0,26.86,94.13,0.2,,forest,6418.8,0,,,,,-0.000505,0.0,37.34
NEG-0216,27.335398,88.457516,1298.2,16.89,89.6,0.0,,forest,7350.1,0,,,,,-0.001582,831.2,22.32
NEG-0217,27.382889,88.33491,1268.1,14.15,269.17,0.4941,,forest,6313.6,0,,,,,-0.002067,88.2,18.36
NEG-0218,27.376227,88.363506,1678.2,25.89,256.08,0.0,,forest,6331.6,0,,,,,-0.005651,317.9,35.79
NEG-0219,27.238429,88.136949,1940.3,37.07,86.17,0.0,,forest,4605.6,0,,,,,0.001727,302.6,55.37
NEG-0220,27.225636,88.733857,1547.1,29.91,145.08,0.0,,forest,4427.4,0,,,,,-0.007492,440.8,41.82
NEG-0221,27.168855,88.201844,1597.3,18.79,250.56,0.0,,built-up,6372.8,0,,,,,0.002248,500.5,24.79
NEG-0222,27.625608,88.691424,2036.3,25.13,354.92,0.2706,,forest,3564.9,0,,,,,0.011029,88.2,35.12
NEG-0223,27.30705,88.415441,1460.7,14.11,57.74,0.0941,,forest,6245.7,0,,,,,0.001734,149.8,18.36
NEG-0224,27.11673,88.161572,839.2,27.32,74.62,0.0,,forest,5272.9,0,,,,,-0.009985,440.8,38.57
NEG-0225,27.147633,88.310764,1317.2,18.05,249.13,0.0,,forest,3770.2,0,,,,,-0.001277,973.4,23.39
NEG-0226,27.230597,88.246761,1585.9,31.86,202.7,0.0,,forest,5011.8,0,,,,,-0.004114,505.6,46.37
NEG-0227,27.246724,88.613901,1440.7,19.97,181.82,0.0,,grassland,4647.4,0,,,,,0.001688,591.4,26.73
NEG-0228,27.183706,88.635674,930.8,23.11,245.48,0.0,,forest,3638.4,0,,,,,-0.000798,688.0,31.02
NEG-0229,27.167651,88.297097,419.7,40.64,112.3,0.2118,,forest,3729.7,0,,,,,0.007092,223.8,61.33
NEG-0230,27.324949,88.836128,4080.4,16.97,276.57,0.0,,moss/lichen,3494.0,0,,,,,0.000828,605.1,21.97
NEG-0231,27.155254,88.435307,1557.6,18.96,144.07,0.0,,forest,4118.2,0,,,,,0.000167,734.7,25.19
NEG-0232,27.359105,88.474756,594.2,41.93,79.44,0.3412,,forest,7295.3,0,,,,,0.000603,117.6,64.26
NEG-0233,27.199171,88.388992,1682.5,39.57,352.25,0.0,,forest,4665.5,0,,,,,0.008931,335.1,59.3
NEG-0234,27.23009,88.498314,412.7,20.87,334.87,0.1882,,forest,5308.9,0,,,,,-0.012411,146.9,29.87
NEG-0235,27.326332,88.6133,1677.9,27.28,268.47,0.0,,built-up,5611.5,0,,,,,0.015488,962.6,39.97
NEG-0236,27.121456,88.346865,879.1,8.59,104.85,0.0,,forest,3904.0,0,,,,,-0.003448,725.8,13.11
NEG-0237,27.124667,88.142887,1478.5,36.82,158.02,0.0,,forest,5339.4,0,,,,,-0.005466,671.4,53.68
NEG-0238,27.289493,88.591776,890.8,34.88,121.46,0.2353,,forest,5498.2,0,,,,,-0.022756,171.4,52.86
NEG-0239,28.037193,88.618245,4851.5,6.16,312.17,0.0353,,grassland,1149.0,0,,,,,0.002748,277.2,8.36
NEG-0240,27.142618,88.147832,1502.0,28.69,98.54,0.0,,forest,5644.9,0,,,,,0.015941,539.5,40.81
NEG-0241,27.126812,88.14131,1478.0,22.97,254.06,0.0,,forest,5305.8,0,,,,,-0.003664,827.6,30.13
NEG-0242,27.174611,88.298501,515.5,30.99,150.24,0.0353,,forest,3757.6,0,,,,,0.004525,290.9,43.61
NEG-0243,27.095307,88.430958,896.8,18.69,149.15,0.0,,forest,3702.2,0,,,,,-0.003602,892.3,25.78
NEG-0244,27.222964,88.283651,1453.6,24.14,82.49,0.0,,forest,4086.2,0,,,,,-0.012483,670.1,33.46
NEG-0245,27.229725,88.537146,1017.3,54.54,18.33,0.3412,,forest,5191.0,0,,,,,-0.010278,92.9,102.65
NEG-0246,27.162811,88.276153,1001.2,16.05,308.24,0.0,,forest,3559.0,0,,,,,-0.002367,808.6,20.57
NEG-0247,27.392448,88.54276,955.7,26.69,22.82,0.0706,,grassland,6396.4,0,,,,,0.008647,249.4,37.47
NEG-0248,27.286074,88.288089,856.3,30.83,307.48,0.0,,forest,4421.1,0,,,,,0.004265,519.9,43.11
NEG-0249,27.519538,88.553584,1252.2,17.28,2.73,0.0,,forest,7911.8,0,,,,,0.008055,352.7,23.16
NEG-0250,27.326899,88.439118,1117.5,40.0,186.95,0.1412,,forest,7024.0,0,,,,,-0.004128,124.7,61.17
NEG-0251,27.157255,88.20334,976.2,28.78,174.45,0.0118,,forest,6141.4,0,,,,,0.004475,242.3,40.13
NEG-0252,28.071105,88.567971,5557.6,19.98,101.41,0.2471,,bare/sparse vegetation,1065.8,0,,,,,-0.000894,88.2,26.14
NEG-0253,27.249359,88.536875,503.0,11.56,67.66,0.2706,,forest,5631.7,0,,,,,0.010511,0.0,19.92
NEG-0254,27.216132,88.7435,1416.8,32.62,357.35,0.2,,forest,4376.3,0,,,,,-0.001219,83.1,46.58
NEG-0255,27.370274,88.22276,1745.0,9.92,167.94,0.1059,,forest,4908.8,0,,,,,-0.00143,149.8,13.49
NEG-0257,27.297248,88.608938,1046.6,19.42,288.46,0.0,,forest,5368.8,0,,,,,-0.001333,328.6,26.28
NEG-0258,27.181989,88.634237,841.2,24.38,262.37,0.0,,built-up,3615.3,0,,,,,0.008018,500.5,34.52
NEG-0259,27.852226,88.690625,4025.1,24.64,108.31,0.0,,grassland,1531.2,0,,,,,-0.000216,328.6,33.3
NEG-0260,27.307497,88.594385,1283.4,20.91,302.61,0.0,,built-up,5624.1,0,,,,,-0.013572,823.4,30.0
NEG-0261,27.345144,88.297101,1715.2,25.2,56.4,0.1882,,forest,4697.5,0,,,,,0.015453,29.4,36.59
NEG-0262,27.261473,88.326885,1422.1,19.27,256.12,0.0,,grassland,4465.6,0,,,,,-0.010129,513.2,28.09
NEG-0263,27.195114,88.429276,1310.2,24.31,130.07,0.0,,grassland,4751.2,0,,,,,0.004927,383.2,33.54
NEG-0264,28.049152,88.76386,5273.0,2.36,312.47,0.0,,bare/sparse vegetation,837.8,0,,,,,0.003964,417.7,5.12
NEG-0265,27.202325,88.342205,1066.0,30.09,296.52,0.0,,forest,4165.5,0,,,,,0.001992,644.5,41.87
NEG-0266,27.24302,88.474052,368.3,39.33,38.06,0.2706,,forest,5522.7,0,,,,,0.019529,124.7,59.57
NEG-0267,27.344979,88.342254,1710.2,19.18,272.93,0.2,,grassland,5082.9,0,,,,,-0.000373,176.3,24.84
NEG-0268,27.409793,88.503951,1132.3,19.13,359.2,0.2353,,forest,6596.9,0,,,,,0.009084,106.0,27.18
NEG-0269,28.043522,88.683827,5047.3,2.94,354.3,0.3059,,bare/sparse vegetation,837.8,0,,,,,0.000644,131.4,3.79
NEG-0270,27.229191,88.223645,1753.1,23.29,144.44,0.0706,,forest,5462.3,0,,,,,0.00314,124.7,31.2
NEG-0271,27.144204,88.430568,1105.1,22.94,229.15,0.0118,,forest,4056.2,0,,,,,0.001828,264.5,31.73
NEG-0272,27.768304,88.718291,3429.3,11.61,105.53,0.4,,forest,2317.3,0,,,,,0.00531,58.8,15.88
NEG-0273,27.34209,88.474933,674.5,28.67,64.07,0.0706,,forest,7157.0,0,,,,,0.004258,229.5,39.47
NEG-0274,27.629516,88.6964,2090.6,32.86,174.6,0.2235,,grassland,3410.6,0,,,,,0.00032,92.9,46.98
NEG-0275,27.192116,88.157402,1887.4,26.09,232.04,0.0,,forest,5741.2,0,,,,,-0.002576,549.0,35.59
NEG-0276,27.366388,88.366294,1836.4,31.0,293.41,0.1882,,forest,5909.3,0,,,,,0.000539,188.2,43.03
NEG-0277,27.190457,88.468865,933.2,27.32,353.52,0.0,,forest,4641.3,0,,,,,5.3e-05,737.0,37.49
NEG-0278,27.184262,88.368206,1586.5,29.09,288.72,0.0,,forest,4354.5,0,,,,,0.006473,447.6,40.33
NEG-0279,27.203781,88.524282,1024.9,26.82,146.4,0.0,,forest,4648.1,0,,,,,-0.025447,409.3,44.25
NEG-0280,27.242851,88.618202,1183.7,42.56,175.54,0.2118,,forest,4499.7,0,,,,,-0.005897,58.8,66.09
NEG-0281,27.368464,88.475524,705.6,33.11,103.03,0.0,,forest,7146.1,0,,,,,-0.008479,353.9,46.8
NEG-0282,27.155671,88.341777,1543.3,35.55,6.23,0.0,,forest,4051.1,0,,,,,-0.000292,791.3,52.07
NEG-0283,27.20639,88.608172,776.1,21.59,114.13,0.0,,forest,3933.6,0,,,,,9.7e-05,353.9,29.43
NEG-0284,27.225806,88.286476,1277.5,35.76,100.62,0.0,,forest,4115.3,0,,,,,0.009161,449.5,52.77
NEG-0285,27.230522,88.44882,1084.8,17.84,10.88,0.2,,forest,5319.5,0,,,,,-0.010543,146.9,26.38
NEG-0286,27.254055,88.590836,1302.0,27.68,15.91,0.0,,forest,5073.4,0,,,,,0.013227,827.6,39.43
NEG-0287,27.250799,88.526937,639.2,32.16,159.46,0.0,,forest,5637.0,0,,,,,0.008953,353.9,45.86
NEG-0288,28.047821,88.766158,5283.9,4.29,237.66,0.0,,grassland,837.8,0,,,,,0.002367,541.9,6.22
NEG-0289,27.844823,88.819281,4311.2,17.02,156.45,0.2824,,grassland,1475.4,0,,,,,0.001914,41.6,22.18
NEG-0290,27.177932,88.226806,1068.5,34.19,158.39,0.2,,forest,5485.2,0,,,,,-0.00044,88.2,48.86
NEG-0291,28.032284,88.719665,5217.1,9.73,273.17,0.2,,moss/lichen,837.8,0,,,,,0.016512,0.0,20.96
NEG-0292,27.340663,88.468654,926.0,18.32,78.31,0.0,,forest,7252.5,0,,,,,-0.008943,299.7,24.91
NEG-0293,27.829933,88.816072,4220.5,12.9,149.34,0.2588,,bare/sparse vegetation,1626.7,0,,,,,-0.004886,205.7,17.26
NEG-0294,27.332625,88.61818,1687.7,32.89,119.96,0.0,,forest,5613.6,0,,,,,0.003976,499.6,48.03
NEG-0295,27.158478,88.217854,1166.4,17.63,251.85,0.0941,,forest,5626.4,0,,,,,-0.00377,92.9,23.74
NEG-0296,28.062077,88.623276,4928.8,10.76,119.28,0.0,,bare/sparse vegetation,1149.0,0,,,,,0.00581,499.6,15.32
NEG-0297,27.312329,88.239623,1656.3,14.45,335.6,0.0118,,forest,4851.2,0,,,,,-0.0005,332.5,18.32
NEG-0298,27.23375,88.335293,1612.1,37.18,356.34,0.0,,forest,4260.4,0,,,,,0.004349,798.4,54.86
NEG-0299,28.050518,88.69427,5046.5,2.99,146.64,0.2118,,grassland,837.8,0,,,,,0.000431,41.6,4.2
NEG-0300,27.136121,88.144064,1595.0,36.72,90.17,0.0118,,forest,5471.9,0,,,,,-0.005212,262.9,53.21
NEG-0301,27.368421,88.610871,1853.6,26.42,134.23,0.0,,built-up,5790.6,0,,,,,0.01138,763.0,37.62
NEG-0302,27.268763,88.2808,734.3,29.05,328.7,0.2235,,forest,4360.2,0,,,,,0.000437,83.1,40.23
NEG-0303,27.432411,88.642408,1552.0,10.07,257.62,0.1647,,grassland,5711.7,0,,,,,0.001992,106.0,15.23
NEG-0304,27.383255,88.569229,1424.3,24.9,347.89,0.0,,forest,6098.3,0,,,,,-0.000966,470.2,32.89
NEG-0305,27.396284,88.775439,4086.5,17.84,136.2,0.0,,grassland,3535.7,0,,,,,0.014498,705.9,26.68
NEG-0306,27.28619,88.575043,1326.7,24.05,25.59,0.0,,forest,5629.6,0,,,,,0.011172,623.4,32.99
NEG-0307,27.496557,88.532535,1163.8,20.28,324.6,0.2235,,forest,7747.1,0,,,,,0.007238,65.7,28.22
NEG-0308,27.175455,88.090475,2392.7,28.28,113.71,0.0,,forest,3775.6,0,,,,,-0.009909,335.1,39.83
NEG-0309,27.156428,88.090406,2173.0,31.47,245.43,0.0,,forest,3910.9,0,,,,,0.003487,353.9,44.3
NEG-0310,27.324011,88.481942,777.0,38.83,327.17,0.0471,,forest,6690.7,0,,,,,-0.012836,213.9,59.19
NEG-0311,28.002761,88.768079,5204.9,5.44,240.34,0.0353,,moss/lichen,837.8,0,,,,,-0.00197,290.9,7.05
NEG-0312,27.159639,88.504339,1001.7,23.77,155.51,0.0,,forest,3699.6,0,,,,,0.004967,549.0,32.45
NEG-0313,27.756307,88.721679,3398.4,17.44,32.36,0.0353,,forest,2243.3,0,,,,,0.006375,236.9,23.81
NEG-0314,27.135652,88.279466,409.2,34.44,263.44,0.2353,,forest,3472.1,0,,,,,0.011425,146.9,49.75
NEG-0315,28.027289,88.733501,5513.8,20.4,98.0,0.0,,bare/sparse vegetation,837.8,0,,,,,0.000227,784.2,26.75
NEG-0316,27.262154,88.385824,1544.4,32.29,311.98,0.0471,,forest,5001.3,0,,,,,-0.001909,270.9,45.5
NEG-0317,27.66447,88.604611,2289.7,39.17,221.58,0.0,,forest,3176.2,0,,,,,-0.00213,317.9,59.32
NEG-0318,27.66818,88.802655,4088.4,21.11,318.59,0.0,,grassland,2098.9,0,,,,,0.007324,780.9,29.01
NEG-0319,27.348946,88.197016,1807.8,26.04,38.76,0.0,,forest,4900.1,0,,,,,-0.016883,352.7,39.08
NEG-0320,27.387535,88.803275,4047.3,14.69,247.37,0.2353,,grassland,3520.6,0,,,,,0.007184,158.3,20.37
NEG-0321,28.025764,88.617728,4905.4,16.09,242.18,0.0471,,moss/lichen,1149.0,0,,,,,-0.004398,270.9,21.2
NEG-0322,27.166911,88.341186,954.9,36.19,41.69,0.2,,forest,4078.3,0,,,,,-0.006734,205.7,52.77
NEG-0323,27.253313,88.444216,645.2,16.6,49.46,0.0,,forest,5591.0,0,,,,,-0.003358,557.6,22.18
NEG-0324,27.903449,88.415138,4535.4,2.68,101.93,0.3294,,grassland,1497.2,0,,,,,0.003597,146.9,4.77
NEG-0325,27.436131,88.533839,1499.4,17.36,221.49,0.1765,,forest,6673.0,0,,,,,-0.004686,41.6,22.41
NEG-0326,27.316589,88.596876,1199.9,19.85,307.65,0.0235,,forest,5646.5,0,,,,,0.004398,290.9,27.76
NEG-0327,27.28322,88.093267,2071.4,42.6,127.45,0.0,,grassland,3230.7,0,,,,,-0.009903,611.5,65.68
NEG-0328,27.857191,88.54466,3657.5,16.56,185.99,0.2824,,grassland,3898.2,0,,,,,-0.013943,178.8,25.04
NEG-0329,27.731848,88.739537,3210.9,5.7,128.37,0.1529,,bare/sparse vegetation,2074.4,0,,,,,-0.002149,29.4,7.31
NEG-0330,27.169623,88.197688,1584.8,28.54,169.25,0.0471,,built-up,6539.8,0,,,,,-0.002686,264.5,39.63
NEG-0331,27.245134,88.606294,1317.4,19.37,319.74,0.0,,forest,4710.2,0,,,,,-0.000137,611.5,25.84
NEG-0332,27.19322,88.447575,878.0,43.64,140.64,0.0,,forest,4697.2,0,,,,,0.010508,323.3,68.86
NEG-0333,27.36906,88.233046,1945.8,42.83,170.59,0.1294,,forest,4828.2,0,,,,,0.010412,146.9,67.62
NEG-0334,27.235991,88.437657,1058.3,23.49,94.73,0.0706,,forest,5391.0,0,,,,,0.002773,251.1,31.41
NEG-0335,27.316847,88.843277,4099.2,19.82,111.82,0.0,,grassland,3480.4,0,,,,,0.001062,705.3,26.27
NEG-0336,27.242378,88.334689,1186.9,18.69,314.51,0.2588,,forest,4334.1,0,,,,,0.009406,29.4,25.65
NEG-0337,27.230378,88.337236,1815.5,35.2,337.65,0.0,,forest,4235.8,0,,,,,0.011802,966.7,52.43
NEG-0338,27.341494,88.472165,779.9,29.3,59.93,0.1529,,forest,7199.1,0,,,,,-0.000401,176.3,40.27
NEG-0339,27.198352,88.387529,1681.5,34.22,290.56,0.0,,forest,4643.9,0,,,,,-0.006774,411.4,49.24
NEG-0340,27.664499,88.729227,2538.5,13.9,201.89,0.3176,,bare/sparse vegetation,2397.9,0,,,,,-0.005033,58.8,18.69
NEG-0341,27.120798,88.150467,1171.8,21.09,232.48,0.0,,forest,5392.7,0,,,,,0.00871,529.8,29.18
NEG-0342,27.127528,88.160119,1021.4,19.35,90.62,0.0,,forest,5688.4,0,,,,,0.003175,473.9,26.41
NEG-0343,27.353238,88.349179,1958.9,21.24,280.96,0.0,,forest,5422.6,0,,,,,-0.002966,647.2,28.08
NEG-0344,27.215696,88.599026,1221.0,22.95,44.23,0.0,,forest,4066.6,0,,,,,-0.002874,558.4,31.19
NEG-0345,27.127084,88.432406,1029.7,19.44,69.62,0.4,,forest,3935.1,0,,,,,0.007163,58.8,26.06
NEG-0346,27.462532,88.530852,1162.9,14.56,324.22,0.0,,forest,7108.3,0,,,,,0.003044,489.1,18.77
NEG-0347,27.223302,88.68436,850.1,42.36,168.39,0.1765,,forest,4134.5,0,,,,,-0.015059,131.4,67.17
NEG-0348,27.4054,88.504576,1244.3,17.83,63.8,0.0,,forest,6699.6,0,,,,,0.009738,408.3,24.42
NEG-0349,27.298617,88.365257,2102.6,9.86,293.58,0.0,,built-up,4836.4,0,,,,,-0.001709,1103.1,13.36
NEG-0350,27.240952,88.246281,1217.2,20.4,354.75,0.1529,,forest,4904.5,0,,,,,-0.006262,83.1,28.51
NEG-0351,27.534362,88.487837,1008.6,35.1,57.28,0.1059,,forest,7487.4,0,,,,,0.004019,197.1,50.72
NEG-0352,27.321324,88.17802,1707.3,32.96,110.66,0.0118,,forest,4946.5,0,,,,,0.0083,236.9,47.23
NEG-0353,27.733089,88.549366,2720.5,29.32,129.26,0.0235,,grassland,4394.2,0,,,,,-0.007947,312.4,42.6
NEG-0354,27.286462,88.468386,1666.2,17.55,259.26,0.0,,forest,6144.2,0,,,,,0.00147,264.5,23.36
NEG-0355,27.167455,88.171031,1589.1,15.22,279.03,0.0,,forest,6475.5,0,,,,,0.001798,822.9,20.07
NEG-0356,27.439172,88.518492,942.8,24.22,227.8,0.2,,forest,6523.2,0,,,,,0.002272,58.8,33.27
NEG-0357,27.226054,88.282917,1471.9,24.44,93.57,0.0,,forest,4109.9,0,,,,,0.00238,335.1,33.04
NEG-0358,27.303894,88.410151,1650.6,20.9,87.54,0.0,,forest,6084.3,0,,,,,-0.005954,748.1,28.03
NEG-0359,27.146009,88.393307,1594.4,30.19,351.36,0.0,,forest,4116.9,0,,,,,-0.000963,623.4,43.08
NEG-0360,27.272614,88.42669,663.7,24.89,188.52,0.0471,,forest,5759.3,0,,,,,-0.004364,229.5,33.41
NEG-0361,27.146808,88.394849,1638.0,28.21,289.96,0.0,,forest,4119.8,0,,,,,-0.00654,457.2,39.11
NEG-0362,27.295605,88.599996,1064.3,17.8,108.4,0.0,,built-up,5466.4,0,,,,,-5.9e-05,328.6,23.53
NEG-0363,27.227403,88.500358,639.2,27.39,335.56,0.0,,forest,5263.9,0,,,,,-0.000222,448.6,38.19
NEG-0364,27.384571,88.804381,4052.4,16.72,260.44,0.0235,,moss/lichen,3523.2,0,,,,,0.00925,312.4,23.44
NEG-0365,27.227129,88.418753,1766.7,18.86,70.56,0.0,,forest,5121.5,0,,,,,-0.004783,436.9,25.17
NEG-0366,27.269774,88.621209,1340.0,26.68,324.64,0.0,,built-up,4873.2,0,,,,,-0.012019,355.1,37.88
NEG-0367,27.368246,88.614628,1801.1,24.71,150.36,0.0,,forest,5774.3,0,,,,,-0.004014,585.5,33.25
NEG-0368,27.164932,88.461266,1575.1,23.05,119.69,0.0,,forest,4197.3,0,,,,,-0.005851,685.4,31.04
NEG-0369,27.295715,88.465838,1431.8,28.34,330.03,0.0,,forest,6381.8,0,,,,,0.021145,758.4,42.84
NEG-0370,27.256584,88.267647,1202.0,23.88,284.3,0.0,,forest,4404.1,0,,,,,-0.004569,358.7,32.11
NEG-0371,27.902094,88.455529,4910.0,10.17,23.17,0.0824,,bare/sparse vegetation,1577.7,0,,,,,0.005086,106.0,14.52
NEG-0372,27.273994,88.893047,3940.4,23.36,348.0,0.0,,moss/lichen,3521.6,0,,,,,0.00324,698.5,30.81
NEG-0373,27.329008,88.199534,1935.3,27.8,15.61,0.0,,forest,4921.7,0,,,,,-0.007317,929.3,38.97
NEG-0374,27.247543,88.615263,1443.3,10.11,347.44,0.0,,grassland,4651.5,0,,,,,-0.00152,529.0,16.26
NEG-0375,27.206248,88.384306,1350.2,37.02,310.31,0.0,,forest,4619.3,0,,,,,0.014973,415.6,55.98
NEG-0376,27.226198,88.441419,1318.9,16.19,345.36,0.0,,forest,5259.2,0,,,,,-0.000168,299.7,21.09
NEG-0377,28.023583,88.745756,5202.1,19.07,85.39,0.2,,bare/sparse vegetation,837.8,0,,,,,-0.000407,121.2,25.49
NEG-0378,27.189352,88.346188,701.0,12.17,330.16,0.0824,,forest,4167.9,0,,,,,0.008717,229.5,17.0
NEG-0379,27.247061,88.609636,1381.3,25.01,359.94,0.0,,forest,4713.1,0,,,,,0.000408,691.7,33.35
NEG-0380,27.19371,88.240314,1562.7,33.14,271.94,0.0,,forest,5098.6,0,,,,,-0.002305,456.2,47.28
NEG-0381,27.281152,88.230526,1187.0,30.9,128.03,0.2,,forest,5100.9,0,,,,,0.015102,121.2,45.2
NEG-0382,27.293646,88.906374,3966.1,24.89,317.58,0.0,,built-up,3384.5,0,,,,,0.000811,383.2,33.54
NEG-0383,27.179354,88.279495,895.6,23.28,169.34,0.0,,grassland,3705.1,0,,,,,-0.002555,457.2,31.02
NEG-0384,27.352459,88.490433,1121.0,32.61,245.28,0.0,,forest,6972.8,0,,,,,0.002163,578.9,46.01
NEG-0385,28.033377,88.73504,5314.8,28.86,61.63,0.0706,,bare/sparse vegetation,837.8,0,,,,,0.001088,92.9,39.58
NEG-0386,27.252787,88.452145,421.2,4.83,318.01,0.2,,grassland,5680.4,0,,,,,0.003238,29.4,8.5
NEG-0387,27.198033,88.286642,1031.4,26.23,284.92,0.0,,forest,3877.1,0,,,,,0.002805,295.3,35.73
NEG-0388,27.28923,88.391098,1191.6,38.71,212.09,0.0824,,forest,5463.1,0,,,,,-0.009445,229.5,58.1
NEG-0389,27.176472,88.445512,1689.5,36.92,128.99,0.0,,forest,4415.5,0,,,,,-0.003371,635.8,54.29
NEG-0390,27.271231,88.453964,1165.0,32.02,238.39,0.0,,forest,6076.6,0,,,,,-0.00304,570.6,45.51
NEG-0391,27.34879,88.26803,1566.5,35.05,176.94,0.0,,forest,4416.3,0,,,,,0.002788,368.2,50.63
NEG-0392,27.229021,88.483248,725.5,14.66,63.04,0.0,,forest,5289.3,0,,,,,-0.011424,603.0,21.36
NEG-0393,27.32135,88.289647,1176.8,34.18,39.56,0.0,,forest,4434.8,0,,,,,-0.003113,591.4,49.41
NEG-0394,27.342,88.593723,1107.5,5.41,144.34,0.3176,,grassland,5752.6,0,,,,,0.003013,29.4,7.47
NEG-0395,27.296012,88.355513,1906.4,17.55,279.01,0.0,,forest,4756.6,0,,,,,0.008659,433.9,24.77
NEG-0396,28.056701,88.687249,5231.5,11.18,119.5,0.0,,bare/sparse vegetation,837.8,0,,,,,-0.00308,663.0,14.56
NEG-0397,27.267085,88.584464,796.1,27.37,221.39,0.2,,forest,5317.1,0,,,,,0.000164,185.9,37.93
NEG-0398,27.091754,88.42539,679.7,20.31,200.53,0.0,,forest,3689.6,0,,,,,-0.012534,513.2,29.33
NEG-0399,27.274107,88.049983,2659.0,22.2,131.64,0.0,,grassland,3320.1,0,,,,,-0.01338,371.7,31.33
NEG-0400,27.242407,88.699108,1448.2,22.03,51.56,0.1529,,forest,4375.6,0,,,,,-0.002909,29.4,29.02
NEG-0401,27.345652,88.65012,1706.2,14.42,132.3,0.0,,forest,5213.7,0,,,,,0.007713,299.7,20.34
NEG-0402,27.321856,88.322906,1591.5,27.73,210.37,0.0,,forest,4723.0,0,,,,,0.003028,539.5,37.93
NEG-0403,27.189239,88.473091,854.0,28.12,58.72,0.0,,forest,4622.7,0,,,,,-0.004724,383.2,38.52
NEG-0404,27.183429,88.524919,643.6,15.85,144.29,0.0,,forest,4129.9,0,,,,,-0.002228,670.8,20.47
NEG-0405,27.206789,88.523109,1137.1,27.17,155.97,0.0,,forest,4731.2,0,,,,,-0.000652,519.9,36.96
NEG-0406,27.311205,88.458477,677.8,30.94,309.15,0.1529,,forest,6832.9,0,,,,,0.007743,185.9,43.49
NEG-0407,27.24953,88.129706,1773.4,26.11,349.75,0.0471,,forest,4276.2,0,,,,,0.006202,188.2,35.67
NEG-0408,27.263317,88.788421,3427.1,28.02,185.03,0.0,,grassland,3983.5,0,,,,,0.014003,436.9,42.05
NEG-0409,27.265553,88.539247,1318.6,17.23,205.3,0.0,,forest,5689.4,0,,,,,-0.008604,791.3,23.74
NEG-0410,27.222682,88.293958,967.3,23.32,33.23,0.0,,forest,4099.7,0,,,,,0.005126,344.0,31.85
NEG-0411,27.677314,88.815101,4356.4,33.4,212.12,0.0,,moss/lichen,1967.2,0,,,,,0.006814,353.9,47.81
NEG-0412,27.378195,88.309836,1702.6,33.23,156.59,0.0,,forest,5877.8,0,,,,,0.008053,427.9,48.69
NEG-0413,27.179426,88.426221,1428.8,38.42,287.35,0.0824,,forest,4492.9,0,,,,,-0.014623,188.2,58.32
NEG-0414,27.257737,88.220487,1295.3,26.17,6.39,0.0235,,forest,5289.8,0,,,,,-0.017026,312.4,37.89
NEG-0415,27.173842,88.090604,2399.3,21.95,132.34,0.0,,grassland,3791.7,0,,,,,-0.009172,316.5,30.36
NEG-0416,27.123249,88.158777,1030.4,19.37,105.68,0.0,,forest,5520.8,0,,,,,-0.003839,775.9,26.86
NEG-0417,27.365566,88.611981,1770.1,16.72,158.07,0.0,,built-up,5774.7,0,,,,,0.003341,514.1,24.34
NEG-0418,27.283829,88.415587,1493.3,23.59,122.34,0.0,,forest,5845.8,0,,,,,-0.004656,587.8,32.81
NEG-0419,28.037773,88.619242,4852.0,5.57,351.57,0.0941,,grassland,1149.0,0,,,,,-0.000556,252.8,7.09
NEG-0420,27.150429,88.213342,845.2,15.66,159.68,0.1647,,forest,5495.7,0,,,,,0.01365,65.7,23.96
NEG-0421,27.137416,88.270823,735.5,24.52,91.65,0.0,,forest,3443.6,0,,,,,-0.023308,395.4,41.11
NEG-0422,27.275842,88.420747,890.0,18.83,133.49,0.0,,forest,5748.6,0,,,,,0.004808,670.1,25.24
NEG-0423,27.93994,88.435556,4584.6,19.37,105.9,0.1059,,grassland,1383.3,0,,,,,0.006691,185.9,26.21
NEG-0424,27.258098,88.159674,1450.5,32.08,331.99,0.0,,forest,5127.3,0,,,,,-0.008668,353.9,45.84
NEG-0425,27.16826,88.294787,546.9,30.23,169.08,0.0,,grassland,3714.6,0,,,,,-0.009787,335.1,43.06
NEG-0426,27.246399,88.431221,1166.5,9.74,86.04,0.0,,grassland,5329.6,0,,,,,-0.000549,383.2,12.56
NEG-0427,27.555995,88.447419,1012.0,7.19,21.11,0.2941,,bare/sparse vegetation,7361.9,0,,,,,0.027781,0.0,30.47
NEG-0428,27.404925,88.57307,1593.5,29.74,75.83,0.0118,,forest,6242.6,0,,,,,-0.016221,262.9,43.2
NEG-0429,27.281015,88.209879,1385.7,20.42,148.6,0.0,,forest,5428.2,0,,,,,-0.00724,324.6,27.26
NEG-0430,27.281683,88.468712,1611.8,17.64,267.83,0.0,,forest,6040.8,0,,,,,-0.001462,264.5,23.31
NEG-0431,27.161162,88.406387,1574.9,42.42,226.83,0.0,,forest,4210.3,0,,,,,0.011181,420.8,66.33
NEG-0432,27.902109,88.707442,4546.7,12.77,232.78,0.2941,,grassland,1085.9,0,,,,,-0.007166,58.8,18.06
NEG-0433,27.228621,88.444597,1189.6,27.95,4.04,0.0,,forest,5294.5,0,,,,,0.002744,363.5,38.12
NEG-0434,27.250873,88.720481,1491.9,36.21,234.24,0.0,,forest,4448.3,0,,,,,0.004235,433.9,52.89
NEG-0435,27.32562,88.311737,1413.0,15.59,334.01,0.0,,forest,4628.2,0,,,,,0.002072,852.2,20.53
NEG-0436,27.254608,88.199151,1575.5,22.88,35.4,0.0,,forest,5691.7,0,,,,,0.003788,415.6,30.91
NEG-0437,27.296475,88.364608,2113.9,7.94,66.29,0.0,,built-up,4804.7,0,,,,,-0.001395,1200.6,10.24
NEG-0438,27.233793,88.637879,1517.1,51.34,180.22,0.0,,forest,4268.1,0,,,,,0.002875,357.5,89.6
NEG-0439,27.533335,88.61993,1687.1,22.27,312.48,0.1765,,forest,5400.6,0,,,,,-0.001879,88.2,30.17
NEG-0440,27.276939,88.099389,1857.9,4.59,320.86,0.0941,,forest,3309.7,0,,,,,-0.018329,188.2,23.4
NEG-0441,27.281384,88.285219,923.7,17.68,290.19,0.0,,forest,4397.4,0,,,,,-0.004685,749.2,23.9
NEG-0442,27.228104,88.479865,774.6,17.76,86.0,0.0,,forest,5272.1,0,,,,,0.001284,505.6,23.73
NEG-0443,27.270368,88.5743,802.6,20.35,192.16,0.3059,,built-up,5492.1,0,,,,,0.001407,106.0,27.01
NEG-0444,27.179077,88.199067,1717.8,15.61,116.46,0.2,,forest,6485.1,0,,,,,-0.011684,207.8,23.24
NEG-0445,27.234835,88.653709,1327.7,21.65,70.93,0.0,,forest,4279.1,0,,,,,0.015808,671.4,31.69
NEG-0446,27.250824,88.442562,797.3,20.79,113.89,0.0,,grassland,5517.7,0,,,,,-0.002864,460.0,29.24
NEG-0447,27.419996,88.496391,1388.2,13.81,84.97,0.0,,forest,6261.5,0,,,,,-0.004405,409.3,19.67
NEG-0448,27.237446,88.751632,2040.1,10.16,172.07,0.0,,forest,4292.5,0,,,,,-0.0134,532.2,19.69
NEG-0449,27.181151,88.464164,1193.3,29.11,325.52,0.0,,forest,4486.2,0,,,,,0.008466,411.4,41.28
NEG-0450,27.225817,88.687195,924.7,19.3,189.09,0.0,,forest,4167.3,0,,,,,0.010071,436.9,27.58
NEG-0451,27.277995,88.890464,3801.6,28.11,10.8,0.0235,,forest,3501.9,0,,,,,-0.014379,205.7,40.88
NEG-0452,27.401631,88.503135,1441.8,30.65,48.45,0.0,,forest,6762.2,0,,,,,-0.006924,650.5,42.38
NEG-0453,27.325357,88.286325,1261.6,37.89,209.39,0.0,,forest,4406.9,0,,,,,-0.000905,652.5,56.13
NEG-0454,27.842449,88.837491,4654.9,33.99,166.88,0.2824,,bare/sparse vegetation,1434.1,0,,,,,-0.002287,83.1,48.59
NEG-0455,27.262576,88.35524,2202.5,15.56,94.88,0.0,,forest,4520.6,0,,,,,0.009767,771.4,21.36
NEG-0456,27.254498,88.33457,1105.6,23.63,313.5,0.1529,,forest,4428.6,0,,,,,-0.007661,146.9,32.72
NEG-0457,27.390093,88.43194,1647.5,19.59,126.23,0.0,,forest,5780.9,0,,,,,-0.004043,328.6,25.79
NEG-0458,27.984352,88.459477,4750.6,3.12,260.51,0.1765,,moss/lichen,1294.4,0,,,,,0.003601,166.2,5.48
NEG-0459,27.296894,88.612682,1181.5,19.87,276.13,0.0,,forest,5318.9,0,,,,,0.00218,670.1,26.4
NEG-0460,27.354417,88.438787,1802.9,22.67,113.73,0.2588,,forest,6768.8,0,,,,,0.008194,0.0,31.35
NEG-0461,27.182032,88.495196,383.4,24.15,17.47,0.2,,forest,4338.1,0,,,,,0.000286,131.4,34.15
NEG-0462,27.394382,88.524071,1064.1,36.13,314.75,0.0,,forest,6732.9,0,,,,,0.007269,587.8,52.79
NEG-0463,27.505527,88.528936,840.1,34.6,284.3,0.2588,,forest,7865.3,0,,,,,0.00447,197.1,49.99
NEG-0464,27.209352,88.606612,882.0,27.39,107.57,0.0,,forest,3971.2,0,,,,,-0.008684,520.8,37.9
NEG-0465,27.346743,88.65348,1619.2,40.57,56.9,0.2,,forest,5142.9,0,,,,,-0.000626,83.1,61.92
NEG-0466,27.301602,88.601485,1215.2,28.35,101.81,0.0,,forest,5524.9,0,,,,,0.000186,529.8,38.66
NEG-0467,27.410041,88.52813,1295.5,32.05,252.07,0.0,,forest,6788.8,0,,,,,0.004594,835.9,45.22
NEG-0468,27.345557,88.607972,1541.8,16.78,30.05,0.0471,,built-up,5707.3,0,,,,,0.004154,270.9,22.33
NEG-0469,27.143606,88.261449,1207.4,26.18,110.24,0.0,,forest,3509.4,0,,,,,-0.013885,698.5,37.37
NEG-0470,27.16134,88.300899,633.3,28.34,303.59,0.2353,,forest,3745.3,0,,,,,-0.003759,176.3,39.02
NEG-0471,27.182243,88.25646,1375.1,25.05,132.1,0.0,,forest,4375.4,0,,,,,-0.000204,399.7,33.52
NEG-0472,27.372152,88.365524,1626.7,29.4,299.25,0.2353,,forest,6134.0,0,,,,,0.004715,121.2,40.7
NEG-0473,27.153491,88.359005,1233.3,25.16,189.38,0.0,,forest,4176.0,0,,,,,-0.022047,342.7,39.57
NEG-0474,27.226359,88.395804,2044.0,43.24,226.68,0.0,,forest,4817.5,0,,,,,-0.011822,628.9,68.02
NEG-0475,27.174913,88.37612,1753.4,21.87,187.65,0.0,,forest,4442.0,0,,,,,0.001045,749.2,29.4
NEG-0476,27.386689,88.549354,1253.7,47.11,82.92,0.0,,forest,6286.6,0,,,,,0.011626,399.7,78.58
NEG-0477,27.40227,88.524928,623.6,30.18,338.03,0.2,,forest,6779.9,0,,,,,0.001248,29.4,42.6
NEG-0478,27.187985,88.30654,1047.2,26.27,163.53,0.0,,forest,3850.2,0,,,,,-0.015986,395.4,40.54
NEG-0479,27.380532,88.774788,3961.9,18.68,192.39,0.0,,grassland,3549.1,0,,,,,-0.005403,514.1,24.87
NEG-0480,27.26972,88.445915,725.6,24.84,296.01,0.0,,forest,5955.1,0,,,,,-0.002922,570.6,33.53
NEG-0481,27.375665,88.465512,1061.3,29.57,14.08,0.0118,,forest,6849.4,0,,,,,-0.003597,332.5,41.02
NEG-0482,27.316338,88.416421,1344.3,23.51,121.85,0.2,,forest,6338.2,0,,,,,-0.00244,207.8,31.25
NEG-0483,27.274899,88.281722,719.1,38.23,248.54,0.0588,,forest,4365.9,0,,,,,-0.00159,252.8,56.54
NEG-0484,27.274305,88.424265,755.3,23.99,162.41,0.0,,forest,5761.7,0,,,,,-0.001776,363.5,32.45
NEG-0485,28.036104,88.617161,4858.1,11.1,324.25,0.0,,grassland,1149.0,0,,,,,0.004001,328.6,14.29
NEG-0486,27.164259,88.310501,874.8,17.83,306.87,0.0,,forest,3829.4,0,,,,,0.009306,605.8,24.19
NEG-0487,27.28944,88.360944,2116.8,16.34,304.52,0.0,,forest,4718.4,0,,,,,0.009671,841.5,23.93
NEG-0488,27.248402,88.221188,1647.8,21.58,343.66,0.0,,forest,5285.0,0,,,,,-0.000833,353.9,28.48
NEG-0489,27.219132,88.291309,937.1,29.24,133.84,0.0,,forest,4066.1,0,,,,,0.005653,484.7,40.5
NEG-0490,27.218807,88.652425,990.5,23.49,281.42,0.0,,forest,4079.2,0,,,,,0.003007,540.3,32.75
NEG-0491,27.363809,88.451336,1571.7,18.31,110.64,0.0,,forest,6897.1,0,,,,,0.003016,383.2,24.1
NEG-0492,27.290044,88.907052,3884.2,13.0,226.53,0.0353,,bare/sparse vegetation,3410.5,0,,,,,-0.003759,185.9,17.31
NEG-0493,27.129089,88.345397,1055.4,13.91,110.74,0.0,,grassland,3943.2,0,,,,,-0.000621,603.0,18.39
NEG-0494,27.343336,88.609492,1625.9,19.53,1.11,0.0,,forest,5691.1,0,,,,,0.003164,444.7,25.23
NEG-0495,27.215028,88.584232,1247.5,27.39,245.28,0.0235,,forest,4237.2,0,,,,,-0.013746,270.9,40.49
NEG-0496,27.210601,88.594112,1330.2,14.13,95.35,0.0,,forest,3997.4,0,,,,,0.009958,657.1,20.16
NEG-0497,27.148681,88.300701,846.0,17.91,279.83,0.0,,forest,3694.1,0,,,,,-0.003793,567.6,23.27
NEG-0498,28.043721,88.714678,5068.3,3.03,286.98,0.1765,,bare/sparse vegetation,837.8,0,,,,,-0.000517,124.7,3.77
NEG-0499,27.243613,88.449138,682.9,36.24,45.8,0.2,,forest,5541.6,0,,,,,0.00493,205.7,52.85
NEG-0500,27.132052,88.120278,1602.9,30.27,211.09,0.0588,,forest,4616.2,0,,,,,0.001985,146.9,42.34
NEG-0501,28.042107,88.744883,5086.2,1.95,38.0,0.0,,bare/sparse vegetation,837.8,0,,,,,-0.000128,519.9,2.49
NEG-0502,27.183316,88.524833,635.2,16.19,153.59,0.0,,forest,4123.3,0,,,,,0.004661,696.7,21.25
NEG-0503,27.252575,88.779396,2794.6,23.55,316.29,0.0,,built-up,4079.0,0,,,,,-0.000472,498.7,30.98
NEG-0504,27.421505,88.534864,1543.3,19.9,308.64,0.0,,forest,6740.2,0,,,,,0.000457,382.0,26.62
NEG-0505,28.070289,88.603049,5329.2,32.19,177.16,0.0,,bare/sparse vegetation,1149.0,0,,,,,0.000393,755.6,45.1
NEG-0506,27.341167,88.649772,1655.8,34.67,128.84,0.0,,forest,5222.0,0,,,,,-0.009903,395.4,50.74
NEG-0507,27.225493,88.742861,1442.4,38.51,186.83,0.1647,,forest,4368.1,0,,,,,-0.001364,223.8,57.45
NEG-0508,27.193321,88.514735,914.7,26.77,147.3,0.0,,forest,4464.4,0,,,,,-0.021408,657.1,42.72
NEG-0509,27.365508,88.64902,2434.4,39.65,240.95,0.0,,grassland,5283.7,0,,,,,0.018379,456.2,61.77
NEG-0510,27.27284,88.160705,1624.7,37.94,162.62,0.0,,forest,4982.8,0,,,,,-0.007624,441.8,57.07
NEG-0511,27.228422,88.676717,1080.9,19.18,137.03,0.2471,,forest,4198.9,0,,,,,-0.004619,117.6,26.64
NEG-0512,28.019409,88.79474,5328.9,8.08,265.79,0.2,,moss/lichen,734.5,0,,,,,-8.8e-05,83.1,10.29
NEG-0513,27.244052,88.603173,1335.0,34.75,349.02,0.0,,forest,4723.1,0,,,,,0.006119,619.9,49.71
NEG-0514,27.148219,88.274733,624.7,31.19,66.2,0.1059,,forest,3488.5,0,,,,,-0.009716,207.8,44.37
NEG-0515,27.285393,88.283045,695.4,28.15,313.1,0.0471,,forest,4377.3,0,,,,,0.002874,270.9,38.47
NEG-0516,27.329309,88.85314,4028.3,29.07,251.79,0.0,,grassland,3386.6,0,,,,,-0.004306,376.3,40.31
NEG-0517,27.736873,88.766863,3053.5,28.64,136.53,0.1765,,forest,2007.9,0,,,,,-0.01046,41.6,38.93
NEG-0518,27.274874,88.395627,1133.7,22.22,74.33,0.0,,forest,5392.0,0,,,,,-0.010365,478.4,31.35
NEG-0519,27.270638,88.162283,1386.0,33.42,130.19,0.0,,forest,5057.8,0,,,,,0.024257,278.8,49.48
NEG-0520,27.21866,88.46755,1098.9,23.31,108.72,0.0,,forest,5113.9,0,,,,,0.003318,293.9,31.38
NEG-0521,27.327832,88.631944,1229.9,41.53,144.04,0.1765,,forest,5449.8,0,,,,,-0.007263,207.8,64.14
NEG-0522,27.236225,88.262164,1519.0,15.87,302.64,0.0,,forest,4620.2,0,,,,,-0.006636,374.0,21.18
NEG-0523,27.278322,88.29766,1466.0,20.46,245.1,0.0,,forest,4505.2,0,,,,,0.01111,827.6,28.11
NEG-0524,27.29916,88.423432,1157.8,30.72,110.87,0.0,,forest,6268.9,0,,,,,0.011191,264.5,43.68
NEG-0525,27.305955,88.902952,3873.3,35.17,295.43,0.0,,moss/lichen,3294.8,0,,,,,-0.002074,532.2,50.87
NEG-0526,27.677321,88.792811,3692.0,50.81,213.9,0.1529,,grassland,2201.4,0,,,,,0.008341,166.2,88.06
NEG-0527,27.152773,88.183358,1232.4,25.01,137.8,0.0,,forest,6742.4,0,,,,,0.007299,675.9,34.44
NEG-0528,27.297859,88.262568,1636.1,29.07,112.14,0.0,,forest,4501.1,0,,,,,0.011581,603.0,40.81
NEG-0529,27.294745,88.826157,3787.8,6.8,302.79,0.1412,,grassland,3646.1,0,,,,,0.004983,88.2,8.94
NEG-0530,27.411933,88.570261,1842.2,20.45,203.98,0.0,,forest,6321.9,0,,,,,0.002899,766.3,28.87
NEG-0531,27.155788,88.463026,1344.9,10.58,95.62,0.0,,forest,4014.6,0,,,,,-0.011994,502.2,22.98
NEG-0532,27.306755,88.239094,1762.0,15.15,310.16,0.0,,forest,4920.2,0,,,,,-0.001692,549.0,20.43
NEG-0533,27.294043,88.590286,882.8,10.22,232.11,0.1647,,built-up,5575.6,0,,,,,0.007193,124.7,13.71
NEG-0534,27.189263,88.626662,797.6,17.04,326.56,0.0,,forest,3709.3,0,,,,,0.001115,823.4,23.15
NEG-0535,27.259494,88.78658,3247.7,33.59,239.28,0.0,,built-up,4008.6,0,,,,,-0.008879,415.6,48.88
NEG-0536,27.307345,88.305119,1057.2,33.03,125.51,0.0,,forest,4569.8,0,,,,,-0.001538,498.7,46.68
NEG-0537,27.206478,88.665219,681.4,28.68,13.33,0.0941,,forest,3924.0,0,,,,,0.008889,236.9,40.35
NEG-0538,27.686609,88.752949,2912.7,31.51,265.41,0.0,,forest,2136.1,0,,,,,-0.009078,433.9,44.83
NEG-0539,27.287846,88.28506,685.0,17.65,309.11,0.0941,,forest,4395.5,0,,,,,-0.004141,197.1,23.63
NEG-0540,27.227529,88.748607,1556.7,27.02,200.35,0.0235,,forest,4325.3,0,,,,,-0.008806,264.5,38.2
NEG-0541,27.202675,88.702555,833.2,18.69,184.81,0.2588,,built-up,4237.5,0,,,,,0.002256,29.4,24.57
NEG-0542,27.345839,88.503802,1517.6,24.37,248.5,0.2,,forest,6689.3,0,,,,,0.008679,117.6,33.83
NEG-0543,27.081885,88.431897,307.8,37.2,236.19,0.0941,,grassland,3599.0,0,,,,,-0.006473,146.9,53.76
NEG-0544,27.265532,88.323003,1194.6,23.61,234.06,0.1765,,forest,4489.7,0,,,,,0.023276,0.0,38.92
NEG-0545,27.223459,88.368314,1986.3,10.28,232.44,0.0,,built-up,4444.9,0,,,,,-0.007228,513.2,18.89
NEG-0546,27.327881,88.336169,1968.8,20.46,323.87,0.0,,grassland,4839.3,0,,,,,0.007581,953.6,28.17
NEG-0547,27.15957,88.197669,1256.4,18.32,256.93,0.0,,forest,6457.8,0,,,,,0.002299,449.5,24.09
NEG-0548,27.274806,88.587452,860.7,25.14,117.1,0.0353,,forest,5375.4,0,,,,,-0.004002,290.9,34.03
NEG-0549,27.172248,88.353124,1228.6,22.13,253.95,0.0941,,grassland,4184.4,0,,,,,0.007208,171.4,29.47
NEG-0550,27.27624,88.316927,1715.4,20.22,212.08,0.0,,forest,4555.2,0,,,,,-0.008578,780.9,28.51
NEG-0551,27.408772,88.606368,1250.5,24.64,329.14,0.1176,,forest,6006.5,0,,,,,-0.004571,235.1,33.51
NEG-0552,27.221178,88.561326,1584.7,18.01,123.51,0.0,,forest,4692.6,0,,,,,0.000892,564.5,23.54
NEG-0553,27.274869,88.425498,769.9,20.36,163.67,0.0,,forest,5793.8,0,,,,,0.000371,441.8,27.88
NEG-0554,27.330608,88.453856,1123.1,42.67,230.54,0.0824,,forest,7314.1,0,,,,,0.007158,223.8,66.25
NEG-0555,27.443774,88.526696,1289.3,25.83,312.04,0.0,,forest,6714.6,0,,,,,-0.006592,335.1,34.84
NEG-0556,27.660817,88.801264,4371.0,42.21,336.52,0.0,,bare/sparse vegetation,2122.2,0,,,,,-0.008371,976.9,65.61
NEG-0557,27.545568,88.638122,1362.1,37.46,354.39,0.3059,,forest,4801.6,0,,,,,0.013517,0.0,57.54
NEG-0558,27.337832,88.467923,964.0,17.31,103.25,0.0,,forest,7223.2,0,,,,,-0.001256,599.4,22.21
NEG-0559,27.16113,88.51847,607.9,23.41,57.62,0.0118,,forest,3626.4,0,,,,,0.005548,277.2,32.09
NEG-0560,27.169989,88.358181,1316.9,16.25,292.65,0.0,,forest,4219.3,0,,,,,0.021661,532.2,29.45
NEG-0561,27.253774,88.496375,1234.8,38.01,265.41,0.0,,forest,5647.6,0,,,,,0.008223,884.1,57.74
NEG-0562,27.151955,88.096095,2272.5,29.77,278.12,0.0,,forest,3942.8,0,,,,,-0.008613,447.6,42.27
NEG-0563,27.276562,88.238499,945.5,30.34,196.32,0.0,,forest,4951.5,0,,,,,0.000348,565.3,41.84
NEG-0564,27.285112,88.279937,629.2,28.4,344.63,0.1529,,forest,4351.5,0,,,,,-0.008698,121.2,39.24
NEG-0565,27.344069,88.615243,1745.9,14.03,290.51,0.0,,built-up,5669.1,0,,,,,0.002416,374.0,18.53
NEG-0566,27.372132,88.690482,2981.0,25.4,106.91,0.0,,grassland,4345.3,0,,,,,-0.006059,570.6,34.9
NEG-0567,27.154735,88.241045,1275.8,24.85,3.09,0.0,,forest,4594.4,0,,,,,-0.001274,383.2,34.05
NEG-0568,27.412384,88.58999,1540.2,29.7,70.47,0.0,,forest,6167.8,0,,,,,0.008097,570.6,41.96
NEG-0569,27.381705,88.580186,1611.1,28.67,80.23,0.0,,forest,5997.8,0,,,,,-0.003498,353.9,39.6
NEG-0570,27.335209,88.44601,1367.7,21.73,153.46,0.0,,forest,7270.5,0,,,,,0.000188,382.0,28.98
NEG-0571,27.171747,88.113704,2366.2,20.66,188.33,0.2706,,grassland,4468.8,0,,,,,0.00245,58.8,27.53
NEG-0572,27.188848,88.644458,1227.5,36.24,308.97,0.0,,forest,3700.4,0,,,,,0.012942,744.0,53.1
NEG-0573,27.228196,88.576336,1664.7,40.37,169.11,0.0,,forest,4674.2,0,,,,,0.013345,832.3,62.1
NEG-0574,27.554899,88.639542,1761.5,31.98,161.26,0.0,,forest,4795.2,0,,,,,0.001644,440.8,44.82
NEG-0575,27.271109,88.28282,567.2,40.48,31.5,0.3647,,forest,4375.8,0,,,,,0.01596,58.8,62.97
NEG-0576,27.327113,88.267498,869.6,28.29,6.12,0.2,,forest,4405.7,0,,,,,-0.024768,146.9,44.54
NEG-0577,27.951494,88.573849,4397.9,7.21,142.41,0.2471,,grassland,1665.1,0,,,,,0.002582,88.2,10.04
NEG-0578,27.314989,88.473678,1010.4,18.01,332.73,0.2118,,forest,6650.4,0,,,,,-0.000152,121.2,23.18
NEG-0579,27.628202,88.622048,1870.6,15.78,228.9,0.3176,,forest,4398.0,0,,,,,0.002788,29.4,21.89
NEG-0580,27.193809,88.422354,1404.4,19.11,66.37,0.1647,,forest,4739.0,0,,,,,-0.009102,131.4,26.54
NEG-0581,27.153466,88.357888,1182.7,23.48,217.23,0.0824,,forest,4167.3,0,,,,,-0.000968,223.8,32.32
NEG-0582,27.226279,88.740799,1421.3,29.86,278.01,0.2235,,forest,4380.7,0,,,,,-0.007509,106.0,41.45
NEG-0583,27.212113,88.344901,969.2,39.38,333.6,0.0,,forest,4209.5,0,,,,,-1.4e-05,427.9,58.75
NEG-0584,27.253518,88.466484,719.2,4.6,165.06,0.0,,forest,5646.8,0,,,,,-0.01644,650.5,16.87
NEG-0585,27.234782,88.64836,1445.8,21.29,185.03,0.0,,forest,4279.9,0,,,,,-0.014055,335.1,31.97
NEG-0586,27.127648,88.267356,391.4,18.53,341.57,0.2,,forest,3416.4,0,,,,,-0.004137,146.9,24.48
NEG-0587,27.293566,88.604613,959.3,28.44,314.3,0.1294,,forest,5382.2,0,,,,,0.002889,131.4,39.68
NEG-0588,27.157695,88.499477,1051.7,21.9,122.42,0.0,,forest,3725.8,0,,,,,0.005081,457.2,28.84
NEG-0589,27.977444,88.473058,5071.0,20.26,181.69,0.0,,grassland,1294.4,0,,,,,-0.003086,500.5,26.94
NEG-0590,27.488278,88.553024,1879.9,26.84,303.24,0.0,,forest,7377.4,0,,,,,-0.001597,706.5,36.51
NEG-0591,27.343621,88.478745,507.7,14.86,69.69,0.4,,forest,7102.6,0,,,,,-0.001248,58.8,18.94
NEG-0592,27.851622,88.548999,3604.7,10.93,222.5,0.1765,,grassland,3768.5,0,,,,,-0.000989,124.7,14.19
NEG-0593,27.384839,88.341067,1552.9,32.18,242.37,0.0588,,forest,6438.6,0,,,,,0.001181,252.8,44.7
NEG-0594,27.190414,88.338219,633.3,22.89,328.6,0.0,,forest,4107.1,0,,,,,-0.007625,323.3,31.43
NEG-0595,27.105781,88.433716,858.1,25.4,29.37,0.1647,,forest,3773.5,0,,,,,-0.005238,58.8,34.66
NEG-0596,27.1559,88.42288,1372.8,36.52,113.83,0.1412,,forest,4138.6,0,,,,,0.007697,146.9,52.58
NEG-0597,27.178406,88.375501,1839.7,35.56,280.85,0.0,,forest,4438.5,0,,,,,0.005041,605.8,51.77
NEG-0598,27.380786,88.299666,1889.3,29.89,34.45,0.0,,forest,5553.8,0,,,,,0.000701,436.9,41.81
NEG-0599,27.250046,88.378253,2197.5,11.11,17.87,0.0,,forest,4648.9,0,,,,,0.003163,948.6,14.96
NEG-0600,27.352411,88.502014,1653.0,29.26,231.23,0.0,,forest,6772.2,0,,,,,-0.003989,749.2,40.29
NEG-0601,27.176179,88.393664,1659.5,23.42,145.6,0.1882,,forest,4478.5,0,,,,,-0.000997,131.4,31.24
NEG-0602,27.41941,88.801349,4440.6,12.81,305.45,0.0824,,grassland,3486.9,0,,,,,0.014736,146.9,20.59
NEG-0603,27.20493,88.38879,1633.6,21.63,267.95,0.0,,forest,4675.6,0,,,,,-0.003222,293.9,28.38
NEG-0604,27.231461,88.490779,346.4,23.07,71.59,0.2,,built-up,5332.5,0,,,,,0.002524,29.4,32.75
NEG-0605,27.200895,88.466023,509.0,26.31,75.67,0.2353,,forest,4815.6,0,,,,,0.020014,92.9,39.97
NEG-0606,27.158249,88.169602,1409.0,22.4,250.19,0.0,,forest,6513.6,0,,,,,0.000772,764.1,29.51
NEG-0607,27.187887,88.481411,780.1,12.64,86.13,0.0,,grassland,4598.9,0,,,,,-0.010197,486.5,19.56
NEG-0608,27.320456,88.263003,1269.2,23.35,20.32,0.0,,forest,4490.7,0,,,,,-0.003232,939.0,31.39
NEG-0609,27.378107,88.603796,1733.1,23.35,2.86,0.0,,forest,5861.8,0,,,,,0.00137,441.8,31.09
NEG-0610,27.295874,88.87645,3505.4,34.0,139.78,0.0,,bare/sparse vegetation,3419.2,0,,,,,-0.003942,529.0,48.72
NEG-0611,27.194439,88.604129,512.3,33.02,114.39,0.1647,,forest,3786.0,0,,,,,-0.009995,117.6,47.61
NEG-0612,27.227879,88.278501,1564.7,25.03,99.51,0.0,,grassland,4119.0,0,,,,,0.008821,316.5,34.64
NEG-0613,27.144155,88.173279,903.5,19.11,229.52,0.0,,forest,6374.1,0,,,,,-0.013441,293.9,27.11
NEG-0614,27.262921,88.537202,1217.0,29.78,237.79,0.0,,forest,5680.0,0,,,,,0.000734,753.3,43.28
NEG-0615,27.321692,88.262678,1221.8,35.38,348.73,0.0,,forest,4501.6,0,,,,,0.014282,846.1,51.96
NEG-0616,27.278384,88.907152,4078.3,14.72,260.69,0.0,,grassland,3485.5,0,,,,,0.004043,523.2,19.17
NEG-0617,27.320421,88.272633,1010.3,28.65,64.12,0.0,,grassland,4312.4,0,,,,,0.004046,489.1,39.74
NEG-0618,27.219189,88.229248,1392.6,35.82,192.05,0.1176,,forest,5463.8,0,,,,,-0.014434,207.8,54.78
NEG-0619,27.113701,88.332781,525.0,15.49,204.01,0.0,,forest,3773.5,0,,,,,-0.002092,335.1,20.49
NEG-0620,27.317412,88.322607,1372.5,33.24,190.37,0.0,,forest,4719.9,0,,,,,0.005863,499.6,48.15
NEG-0621,27.356676,88.459474,1217.6,14.72,188.86,0.0941,,forest,7198.5,0,,,,,-0.006397,188.2,22.01
NEG-0622,27.165626,88.33512,1090.4,24.11,255.6,0.0,,forest,4027.7,0,,,,,0.000562,353.9,31.95
NEG-0623,27.236601,88.54883,1502.4,29.74,267.06,0.0,,forest,5239.0,0,,,,,-0.000292,460.0,41.74
NEG-0624,27.262233,88.427683,784.3,24.03,126.9,0.0,,forest,5557.9,0,,,,,-0.000565,529.0,32.03
NEG-0625,27.979603,88.455678,4729.2,6.5,103.42,0.5176,,moss/lichen,1294.4,0,,,,,0.000868,65.7,8.32
NEG-0626,27.231688,88.291477,1061.0,35.96,38.03,0.2,,forest,4173.1,0,,,,,-0.006747,146.9,53.33
NEG-0627,27.227419,88.341408,1914.7,37.32,189.11,0.0,,forest,4217.0,0,,,,,-0.003026,940.9,54.46
NEG-0628,27.273857,88.19789,1097.2,40.79,168.22,0.3059,,forest,5594.1,0,,,,,0.019096,29.4,63.39
NEG-0629,27.213077,88.330365,676.9,27.2,291.6,0.0588,,forest,4096.6,0,,,,,-0.002433,249.4,37.64
NEG-0630,27.159153,88.292399,347.2,11.39,280.22,0.4,,built-up,3674.5,0,,,,,0.007746,41.6,16.5
NEG-0631,27.376663,88.762884,3766.4,31.01,192.69,0.2,,built-up,3562.2,0,,,,,0.009019,205.7,43.99
NEG-0632,27.088489,88.438733,555.6,35.83,175.06,0.0588,,forest,3632.8,0,,,,,0.000764,249.4,52.52
NEG-0633,27.260737,88.223324,1221.7,23.95,352.29,0.0,,forest,5239.0,0,,,,,-0.004982,460.0,31.92
NEG-0634,27.292283,88.348926,1733.7,13.37,318.16,0.2706,,forest,4718.5,0,,,,,0.015305,121.2,20.47
NEG-0635,27.143254,88.431256,1104.9,33.95,207.46,0.0,,forest,4050.1,0,,,,,-0.001393,342.7,48.04
NEG-0636,27.51027,88.52985,783.0,27.11,309.12,0.3529,,forest,8012.5,0,,,,,-0.003918,106.0,37.09
NEG-0637,27.25075,88.135303,1714.1,29.36,62.21,0.0,,forest,4440.0,0,,,,,0.014403,578.9,42.71
NEG-0638,27.678459,88.82709,4624.6,22.21,193.09,0.1882,,bare/sparse vegetation,1914.9,0,,,,,-0.002681,205.7,29.38
NEG-0639,27.231988,88.397101,2077.1,33.32,330.87,0.0,,forest,4846.6,0,,,,,0.002795,665.0,47.19
NEG-0640,27.297221,88.873734,3664.2,33.43,131.47,0.0,,built-up,3417.2,0,,,,,-0.006757,727.6,47.83
NEG-0641,27.279259,88.532457,1422.4,15.71,105.42,0.1059,,forest,5737.9,0,,,,,-0.004553,83.1,21.1
NEG-0642,27.253989,88.127385,1627.2,28.78,317.15,0.2588,,forest,4148.3,0,,,,,-0.000293,117.6,40.81
NEG-0643,27.266929,88.593036,802.0,36.45,347.9,0.2,,forest,5204.7,0,,,,,-0.001556,58.8,54.61
NEG-0644,27.300333,88.411388,1599.3,16.62,111.26,0.0,,forest,6090.8,0,,,,,-0.000594,999.6,21.86
NEG-0645,27.15626,88.437522,1557.6,24.03,137.15,0.0,,forest,4121.9,0,,,,,-0.003137,666.3,33.09
NEG-0646,27.248753,88.519806,749.0,17.2,115.8,0.0941,,forest,5621.4,0,,,,,0.000792,188.2,22.26
NEG-0647,27.207926,88.318532,725.2,33.34,99.83,0.0,,forest,4012.0,0,,,,,0.006574,492.6,47.19
NEG-0648,27.211591,88.234511,1380.2,19.32,32.31,0.0,,forest,5452.1,0,,,,,-0.014087,399.7,28.86
NEG-0649,27.445144,88.517017,832.2,39.76,295.38,0.0,,forest,6610.0,0,,,,,-0.01031,289.4,60.33
NEG-0650,27.352766,88.193822,1762.3,10.65,332.01,0.2118,,forest,4924.9,0,,,,,-0.009309,92.9,16.89
NEG-0651,27.325809,88.62675,1265.9,18.92,87.5,0.1176,,forest,5494.1,0,,,,,0.011447,188.2,25.33
NEG-0652,27.343859,88.466805,937.9,9.04,95.08,0.0118,,forest,7308.3,0,,,,,-0.001281,242.3,11.62
NEG-0653,27.55542,88.63493,1809.7,28.96,189.87,0.1529,,forest,4905.7,0,,,,,0.017598,106.0,44.76
NEG-0654,27.231665,88.279755,1549.5,16.94,125.52,0.0,,grassland,4152.7,0,,,,,-0.004892,342.7,23.63
NEG-0655,27.268156,88.451063,907.0,25.44,226.1,0.0,,forest,5987.5,0,,,,,-0.002027,883.6,34.4
NEG-0656,27.935936,88.560542,4530.4,33.96,336.77,0.0,,grassland,2143.3,0,,,,,-0.008616,293.9,49.39
NEG-0657,27.308664,88.195748,1619.0,19.71,357.8,0.0118,,forest,5191.6,0,,,,,-0.008834,289.4,28.61
NEG-0658,27.187243,88.497677,370.9,35.25,286.13,0.2706,,forest,4450.3,0,,,,,-0.01308,124.7,53.13
NEG-0659,27.314377,88.268549,1397.2,14.33,102.26,0.0,,grassland,4386.1,0,,,,,-0.005697,368.2,19.26
NEG-0660,27.11003,88.459162,527.7,17.53,28.07,0.1059,,forest,3708.2,0,,,,,-0.001018,197.1,22.78
NEG-0661,27.231214,88.480048,773.5,22.42,17.91,0.0824,,forest,5325.6,0,,,,,-0.011748,207.8,31.53
NEG-0662,27.14541,88.440826,1034.1,30.93,132.46,0.0235,,forest,4048.4,0,,,,,0.007395,299.7,44.07
NEG-0663,27.313114,88.453917,628.2,18.22,312.19,0.0,,forest,6948.9,0,,,,,0.000742,289.4,23.7
NEG-0664,27.30011,88.281796,1011.1,31.42,343.28,0.0,,forest,4368.4,0,,,,,-0.002851,492.6,44.19
NEG-0665,27.322212,88.903277,4260.6,23.53,131.82,0.0824,,bare/sparse vegetation,3189.1,0,,,,,-0.003743,229.5,31.4
NEG-0666,27.2158,88.500412,821.0,44.04,186.6,0.1176,,forest,5067.9,0,,,,,0.020144,178.8,72.26
NEG-0667,27.099243,88.357427,249.8,9.81,257.63,0.3294,,forest,3831.6,0,,,,,0.001358,0.0,13.14
NEG-0668,27.189378,88.497549,359.0,44.96,251.55,0.2,,forest,4505.9,0,,,,,0.012494,158.3,72.24
NEG-0669,27.31032,88.309458,832.6,48.4,52.86,0.2,,forest,4606.1,0,,,,,-0.030542,106.0,85.92
NEG-0670,27.310857,88.155123,1685.5,24.91,290.08,0.1294,,forest,4352.9,0,,,,,-0.000927,131.4,33.25
NEG-0671,27.150846,88.306964,1067.7,25.49,291.43,0.0,,forest,3753.5,0,,,,,-0.000332,831.2,34.51
NEG-0672,27.879977,88.526259,4112.9,9.44,109.77,0.2,,grassland,3467.4,0,,,,,0.006062,29.4,13.42
NEG-0673,27.256146,88.168165,1629.8,27.77,349.82,0.0,,forest,5422.6,0,,,,,0.00649,478.4,38.56
NEG-0674,28.001325,88.825668,5523.5,5.6,236.99,0.2,,moss/lichen,734.5,0,,,,,0.001308,106.0,7.14
NEG-0675,27.876049,88.368022,4550.4,9.48,337.61,0.0,,grassland,1527.3,0,,,,,0.005585,328.6,12.92
NEG-0676,27.377011,88.297188,2110.1,23.59,145.2,0.0,,grassland,5438.8,0,,,,,-0.005374,825.0,32.77
NEG-0677,27.24843,88.659541,1406.9,15.43,202.77,0.1529,,forest,4451.6,0,,,,,-0.000915,223.8,20.2
NEG-0678,27.236635,88.463673,977.3,10.07,25.22,0.0,,grassland,5417.6,0,,,,,0.00573,1053.5,15.99
NEG-0679,27.511761,88.53798,1134.2,21.72,280.32,0.2,,forest,8092.8,0,,,,,0.009066,58.8,30.02
NEG-0680,27.296611,88.27232,1571.2,23.21,168.89,0.0,,built-up,4317.5,0,,,,,-0.021176,559.1,37.18
NEG-0681,27.260946,88.428956,687.8,37.58,121.19,0.0,,forest,5545.5,0,,,,,-0.006495,355.1,54.54
NEG-0682,27.256726,88.445755,423.5,30.48,55.25,0.1882,,forest,5682.6,0,,,,,-0.01084,149.8,44.71
NEG-0683,27.316154,88.290406,1200.3,29.63,278.55,0.0,,forest,4442.0,0,,,,,0.002067,905.3,40.84
NEG-0684,27.260814,88.787403,3326.3,33.65,162.4,0.0,,built-up,3998.3,0,,,,,-0.006518,383.2,47.3
NEG-0685,27.262248,88.402843,1196.5,33.62,83.63,0.0,,forest,5227.4,0,,,,,0.005315,295.3,47.95
NEG-0686,27.365391,88.561481,1937.7,4.67,296.89,0.1294,,forest,6015.2,0,,,,,-0.01748,65.7,16.38
NEG-0687,27.448303,88.537135,1628.8,10.33,345.75,0.1882,,forest,6938.1,0,,,,,-0.025322,106.0,26.21
NEG-0688,28.042406,88.740671,5097.9,4.07,31.9,0.0,,bare/sparse vegetation,837.8,0,,,,,0.001006,782.5,5.42
NEG-0689,27.152444,88.363347,1067.8,26.58,150.03,0.2,,forest,4194.0,0,,,,,-0.004869,197.1,36.67
NEG-0690,27.268108,88.615185,1324.3,22.46,44.09,0.0,,forest,4931.8,0,,,,,0.004147,740.0,31.17
NEG-0691,27.199513,88.213926,1915.6,34.02,150.71,0.0,,forest,5974.2,0,,,,,-0.010998,647.2,48.53
NEG-0692,27.385924,88.342438,1615.3,25.2,273.72,0.0118,,forest,6485.0,0,,,,,0.003659,262.9,33.56
NEG-0693,27.934273,88.435025,4569.6,4.97,108.6,0.3647,,moss/lichen,1406.3,0,,,,,0.000343,29.4,6.27
NEG-0694,27.195931,88.24736,1726.7,20.61,77.26,0.0,,forest,4842.9,0,,,,,-0.001766,727.0,27.71
NEG-0695,27.306912,88.569055,1273.8,21.74,101.83,0.1294,,forest,5728.6,0,,,,,0.002557,124.7,28.74
NEG-0696,27.163127,88.487076,1159.2,21.33,143.73,0.0,,forest,3936.0,0,,,,,0.005138,671.4,28.67
NEG-0697,27.522921,88.537331,870.9,37.84,302.03,0.1176,,forest,8117.0,0,,,,,-0.00017,146.9,56.12
NEG-0698,27.162195,88.355263,1528.9,25.1,59.27,0.0,,forest,4179.6,0,,,,,0.008312,802.7,34.31
NEG-0699,27.228172,88.740531,1405.0,10.74,163.09,0.2235,,built-up,4379.8,0,,,,,-0.001262,29.4,13.82
NEG-0700,27.314331,88.586621,952.4,24.13,294.56,0.2353,,forest,5681.1,0,,,,,0.002591,29.4,32.54
NEG-0701,27.555362,88.456664,1144.7,45.2,189.23,0.1294,,forest,7467.1,0,,,,,-0.000395,236.9,72.13
NEG-0702,27.229724,88.716145,1286.8,24.62,337.41,0.1294,,forest,4387.3,0,,,,,0.003888,117.6,33.3
NEG-0703,27.322437,88.429599,1421.7,32.85,84.91,0.0,,forest,6734.9,0,,,,,0.001869,611.5,46.77
NEG-0704,27.718338,88.835406,4902.9,21.37,248.02,0.0,,bare/sparse vegetation,1816.2,0,,,,,0.001995,727.6,28.64
NEG-0705,27.218728,88.600506,1113.2,14.97,73.62,0.0941,,built-up,4119.7,0,,,,,0.001134,235.1,19.47
NEG-0706,27.130738,88.286265,352.8,4.3,199.92,0.0,,built-up,3504.1,0,,,,,-0.004333,264.5,6.07
NEG-0707,27.149209,88.099494,2387.8,26.66,268.51,0.0,,forest,4043.1,0,,,,,-0.005547,541.9,36.47
NEG-0708,27.21204,88.302069,836.6,35.96,354.54,0.0,,forest,4020.8,0,,,,,0.007598,456.2,52.05
NEG-0709,27.37677,88.46121,1157.0,21.54,50.59,0.1294,,forest,6769.3,0,,,,,-0.007093,29.4,29.42
NEG-0710,27.176521,88.448889,1525.7,19.7,41.76,0.0,,forest,4414.6,0,,,,,0.018621,678.5,33.47
NEG-0711,27.137215,88.341119,1324.1,42.46,123.78,0.0,,forest,3967.5,0,,,,,0.002373,447.6,66.06
NEG-0712,27.296972,88.906541,4011.7,20.89,209.07,0.0,,grassland,3362.7,0,,,,,0.003424,519.9,27.8
NEG-0713,27.241361,88.617579,1165.0,30.18,310.07,0.2353,,forest,4467.9,0,,,,,-0.009028,65.7,44.65
NEG-0714,27.877713,88.369271,4537.6,5.36,351.84,0.0235,,grassland,1517.8,0,,,,,0.004456,312.4,9.48
NEG-0715,27.189067,88.235804,1245.0,19.43,242.59,0.2824,,forest,5231.8,0,,,,,0.003238,92.9,26.35
NEG-0716,27.364924,88.560485,1937.0,15.34,8.04,0.1176,,forest,6022.9,0,,,,,-0.012359,41.6,21.34
NEG-0717,28.082991,88.647643,5331.5,15.11,6.38,0.0,,grassland,1149.0,0,,,,,0.001296,681.6,19.82
NEG-0718,27.204342,88.336262,787.8,27.52,1.41,0.0353,,forest,4123.0,0,,,,,-0.000593,242.3,38.06
NEG-0719,27.133863,88.363065,1019.9,44.65,280.51,0.0,,forest,4078.2,0,,,,,0.003501,529.0,70.47
NEG-0720,27.318414,88.441748,902.0,23.59,63.03,0.0,,forest,6910.8,0,,,,,-0.001566,411.4,30.98
NEG-0721,27.141001,88.298975,940.0,20.47,196.48,0.0,,forest,3649.3,0,,,,,0.002319,771.4,27.38
NEG-0722,27.385794,88.490827,842.9,16.13,128.36,0.1294,,forest,6961.5,0,,,,,0.007272,207.8,21.94
NEG-0723,27.250071,88.499815,1170.6,26.72,220.94,0.0,,forest,5634.2,0,,,,,-0.003995,456.2,36.13
NEG-0724,27.166808,88.488506,1325.2,29.02,200.0,0.0,,forest,4016.1,0,,,,,-0.014953,681.6,42.07
NEG-0725,27.306827,88.36379,2078.8,22.76,164.42,0.0,,grassland,4857.2,0,,,,,-0.008399,740.0,31.37
NEG-0726,27.264525,88.091297,2125.0,16.17,340.85,0.0,,forest,3182.2,0,,,,,0.004884,514.1,22.02
NEG-0727,27.217343,88.526633,1564.9,32.08,175.3,0.0,,forest,4968.5,0,,,,,0.000767,500.5,44.45
NEG-0728,27.264078,88.137281,1274.3,23.86,27.98,0.2353,,forest,4342.4,0,,,,,0.006835,65.7,33.86
NEG-0729,27.236242,88.545335,1298.1,34.69,249.26,0.0,,forest,5279.7,0,,,,,0.002782,399.7,49.62
NEG-0730,27.229375,88.658336,1206.1,19.97,96.59,0.0118,,forest,4211.7,0,,,,,-0.00714,317.9,29.82
NEG-0731,27.239006,88.463089,866.6,29.54,22.43,0.0,,forest,5457.8,0,,,,,-0.00249,793.5,41.2
NEG-0732,27.254675,88.71527,1320.5,37.2,193.12,0.0,,forest,4413.5,0,,,,,-0.017266,471.1,56.08
NEG-0733,28.076444,88.59762,5478.5,27.09,121.56,0.0,,bare/sparse vegetation,1149.0,0,,,,,0.001941,823.4,36.87
NEG-0734,27.28444,88.402362,1317.2,36.29,205.41,0.0,,forest,5682.9,0,,,,,-0.001196,730.0,53.92
NEG-0735,27.176625,88.295891,570.7,32.21,243.07,0.0824,,forest,3741.5,0,,,,,0.005201,83.1,45.98
NEG-0736,27.150847,88.420243,1247.2,35.48,185.34,0.1176,,forest,4111.2,0,,,,,0.005673,166.2,51.33
NEG-0737,27.285406,88.340298,1713.2,22.81,301.81,0.2118,,forest,4656.4,0,,,,,0.008031,213.9,31.91
NEG-0738,27.213674,88.564373,1183.7,29.32,143.69,0.0,,forest,4468.1,0,,,,,-0.006986,382.0,40.41
NEG-0739,27.24626,88.187194,1736.5,29.63,340.78,0.1059,,forest,5952.7,0,,,,,-0.001405,229.5,41.24
NEG-0740,27.207533,88.515669,1069.4,18.13,251.46,0.0,,built-up,4808.2,0,,,,,0.002816,415.6,25.83
NEG-0741,27.354627,88.363576,2316.0,33.81,289.4,0.0,,forest,5594.0,0,,,,,0.013282,344.0,49.22
NEG-0742,27.266006,88.297014,671.0,39.41,163.95,0.1647,,forest,4449.6,0,,,,,0.003282,158.3,58.63
NEG-0743,27.249613,88.773273,2741.7,25.8,299.18,0.0,,grassland,4129.1,0,,,,,-0.002358,529.8,35.74
NEG-0744,27.241203,88.258862,1324.9,20.48,278.55,0.1059,,forest,4660.1,0,,,,,-0.006371,185.9,27.64
NEG-0745,27.435068,88.507346,845.7,32.16,44.06,0.0,,forest,6301.5,0,,,,,0.01125,529.0,46.89
NEG-0746,27.274434,88.131305,1734.8,32.26,262.5,0.0824,,forest,4033.3,0,,,,,-0.002706,242.3,45.6
NEG-0747,27.221499,88.497192,777.6,45.16,212.94,0.0,,forest,5162.0,0,,,,,-0.013023,631.0,72.08
NEG-0748,27.203326,88.628375,809.2,23.75,89.83,0.0,,forest,3885.0,0,,,,,-0.016112,411.4,35.4
NEG-0749,27.394923,88.352407,1814.2,34.2,101.13,0.0,,forest,6879.2,0,,,,,-0.01116,436.9,51.16
NEG-0750,27.211512,88.276871,1165.6,32.72,103.44,0.0,,forest,3976.1,0,,,,,0.001351,478.4,47.01
NEG-0751,27.292982,88.393224,1490.5,17.45,240.57,0.0,,forest,5548.5,0,,,,,-3.2e-05,503.0,22.76
NEG-0752,27.262373,88.593932,988.5,31.38,43.79,0.0,,forest,5134.3,0,,,,,0.000467,423.8,43.98
NEG-0753,27.291218,88.240196,1438.5,26.88,171.72,0.0118,,forest,4920.4,0,,,,,-0.011387,236.9,38.2
NEG-0754,27.186364,88.32831,381.1,8.95,169.53,0.3294,,grassland,4019.8,0,,,,,0.003173,92.9,12.34
NEG-0755,27.149075,88.481589,1046.9,32.86,81.87,0.0,,forest,3811.2,0,,,,,-0.0025,635.8,45.96
NEG-0756,27.13001,88.395433,1434.5,27.62,126.36,0.0,,forest,4014.2,0,,,,,-0.003779,408.3,37.78
NEG-0757,27.236367,88.329025,1574.6,25.7,356.22,0.0,,forest,4273.2,0,,,,,0.000853,749.2,34.95
NEG-0758,27.897447,88.466359,4787.6,18.5,80.56,0.0941,,bare/sparse vegetation,1569.6,0,,,,,0.002836,251.1,24.94
NEG-0759,27.686354,88.747225,2689.7,8.56,288.13,0.1059,,built-up,2141.6,0,,,,,0.002993,223.8,11.21
NEG-0760,27.160986,88.312907,1015.0,31.74,298.2,0.0,,forest,3840.7,0,,,,,0.020368,764.1,47.18
NEG-0761,27.287273,88.104364,1773.1,39.12,74.09,0.2,,forest,3426.0,0,,,,,-0.01394,131.4,60.26
NEG-0762,27.258836,88.112136,1750.3,28.1,338.72,0.2706,,forest,3614.6,0,,,,,-0.004771,29.4,38.44
NEG-0763,27.139359,88.247589,1316.8,21.22,250.45,0.0,,forest,3741.6,0,,,,,0.00975,353.9,29.22
NEG-0764,27.320153,88.834905,4037.8,9.95,215.15,0.0,,grassland,3516.3,0,,,,,-0.003221,473.9,12.94
NEG-0765,27.247901,88.7164,1233.5,37.8,323.76,0.1412,,forest,4443.0,0,,,,,-0.004312,106.0,56.83
NEG-0766,27.158901,88.407842,1575.8,15.46,334.33,0.0,,forest,4177.3,0,,,,,0.00739,449.5,22.46
NEG-0767,27.239193,88.655739,1287.0,19.64,77.65,0.0,,forest,4335.5,0,,,,,0.004529,323.3,26.58
