Slide_No,State,District,Slide_Name,NH_SH_Location,Latitude,Longitude,Material_Involved,Movement_Type,History_Date,Activity
SKM/NS/78A04/2017/128,Sikkim,West Sikkim, ,SH,27.1215,88.142222,,,,Active
SKM/ES/78A11/2015/157,Sikkim, East Sikkim, ,NH-31A,27.264361,88.558389,,,,Active
SK/WEST/78A08/2015/0236,Sikkim, West Sikkim, ,Namgoon,27.237583,88.298306,,,,Active
SKM/ES/78A11/2015/155,Sikkim, East Sikkim, ,NH-31A,27.254778,88.542444,,,,Active
SKM/SS/78A08/2015/235,Sikkim,South Sikkim, ,Tinktam-Rheyong Road,27.233667,88.348389,,,,Suspended
SK/EAST/78A12/2015/0217,Sikkim, East Sikkim, ,Rangli-Roathang Road,27.195639,88.634028,,,,Active
SKM/ES/78A11/2015/405,Sikkim, East Sikkim, ,Changhu_Nathula Road,27.369306,88.691583,,,,Active
SKM/NS/78A03/2017/55,Sikkim,West Sikkim, ,SH,27.347278,88.196833,,,,Active
SKM/SS/78A07/2015/335,Sikkim,South Sikkim, ,Robang-Tarku Road,27.297139,88.388472,,,,Active
SKM/SS/78A08/2015/278,Sikkim,South Sikkim, ,Namchi-Namthang Road,27.158944,88.427111,,,,Active
SKM/NS/78A03/2017/07,Sikkim,West Sikkim,Kumuk,SH,27.294889,88.079944,,,,Active
SKM/WS/78A08/2015/294,Sikkim,West Sikkim, ,Namchi-Jorthang Road,27.159472,88.300028,,,,Active
SKM/SS/78A08/2015/255,Sikkim,South Sikkim, ,Melli-Sumbuk Road,27.084722,88.443833,,,,Active
SK/EAST/78A12/2015/0218,Sikkim, East Sikkim, ,Rangli-Roathang Road,27.193083,88.602778,,,,Active
SKM/WS/78A07/2015/352,Sikkim,West Sikkim, ,Dhupidara Road,27.3955,88.306889,,,,Active
SKM/SS/78A08/2015/233,Sikkim,South Sikkim, ,Namchi-Palum Road,27.155306,88.390278,,,,Active
SKM/ES/78A11/2015/399,Sikkim, East Sikkim, ,Changhu_Nathula Road,27.371472,88.709722,,,,Active
 ,Sikkim,East Sikkim,,,27.23166667,88.5025,Debris,Slide,Initiated in July 2020 and reactivated before December 2020.,Reactivated
SKM/SS/78A12/2015/146,Sikkim,South Sikkim, ,NH-31A,27.197417,88.4905,,,,Active
SKM/NS/78A10/2017/172,Sikkim,North Sikkim, ,NH,27.529639,88.598139,,,,Active
SKM/WS/78A08/2015/266,Sikkim,West Sikkim, ,Namchi-Assangthang Road,27.151028,88.309889,,,,Active
SKM/NS/78A10/2017/223,Sikkim,North Sikkim, ,NH,27.676722,88.597194,,,,Dormant
SKM/NS/78A04/2017/141,Sikkim,West Sikkim, ,SH,27.163861,88.141361,,,,Active
SKM/WS/78A08/2015/390,Sikkim,West Sikkim, ,Tinktitam village Road,27.237917,88.30475,,,,Active
SKM/NS/78A15/2017/156,Sikkim, East Sikkim,Purana Baba Mandir,SH,27.3145,88.8365,,,,Active
SKM/NS/78A11/2015/96,Sikkim,North Sikkim, ,North Sikkim Highway,27.481083,88.530667,,,,Active
 ,Sikkim,East Sikkim,,,27.33972222,88.62055556,Debris,Slide,Date of initiation: 08.06.2021 at night.,Active
SKM/NS/78A11/2015/86,Sikkim,North Sikkim, ,Dikchu-Mangshila Road,27.433083,88.514528,,,,Suspended
SKM/ES/78A11/2015/58,Sikkim, East Sikkim, ,North Sikkim Highway,27.375806,88.625278,,,,Active
SKM/ES/78A11/2015/98,Sikkim, East Sikkim, ,Namok Road,27.293556,88.642056,,,,Active
SKM/NS/78A03/2017/22,Sikkim,West Sikkim,Sardong,SH,27.281444,88.187833,,,,Active
SKM/SS/78A08/2015/212,Sikkim,South Sikkim, ,Namchi-Namthang Road,27.16275,88.383306,,,,Active
SKM/NS/78A15/2017/152,Sikkim, East Sikkim, ,SH,27.380861,88.812361,,,,Active
SKM/NS/78A03/2017/37,Sikkim,West Sikkim,Sangkhu,SH,27.25675,88.148611,,,,Active
SKM/NS/78A10/2017/166,Sikkim,North Sikkim,Mangan,NH,27.502,88.5375,,,,Active
SKM/ES/78A12/2015/153,Sikkim, East Sikkim, ,NH-31A,27.245028,88.524389,,,,Active
 ,Sikkim,East Sikkim,,,27.20683333,88.48930556,Debris,Slide,From 2021 onwards,Active and suspended
SKM/WS/78A07/2015/362,Sikkim,West Sikkim, ,-,27.27325,88.303417,,,,Active
SKM/ES/78A11/2015/57,Sikkim, East Sikkim, ,North Sikkim Highway,27.372333,88.617556,,,,Dormant
SKM/ES/78A11/2015/40,Sikkim, East Sikkim,Martam,-,27.265944,88.534556,,,,Active
SKM/ES/78A12/2015/34,Sikkim, East Sikkim,Pendam,-,27.203167,88.588667,,,,Active
SKM/SS/78A08/2015/302,Sikkim,South Sikkim, ,-,27.169028,88.486333,,,,Active
SKM/NS/78A03/2017/67,Sikkim,West Sikkim,Martam Ralong,SH,27.253889,88.210028,,,,Active
SKM/SS/78A08/2015/322,Sikkim,South Sikkim, ,Namchi-Kitam Road,27.126444,88.340444,,,,Active
SKM/NS/78A15/2017/154,Sikkim, East Sikkim, ,SH,27.361583,88.839306,,,,Active
SKM/SS/78A08/2015/304,Sikkim,South Sikkim, ,Perbing-Chuba Road,27.166611,88.417528,,,,Active
SKM/WS/78A08/2015/348,Sikkim,West Sikkim, ,legship-Sikkip Road,27.206917,88.323278,,,,Active
SKM/ES/78A11/2015/401,Sikkim, East Sikkim, ,Changhu_Nathula Road,27.383361,88.702611,,,,Active
SK/NSK/78A11/2018/0000,Sikkim,North Sikkim,Kabi Landslide,State Highway; 4 km before Kabi village,27.393056,88.635278,,,,Active
SKM/NS/78A03/2017/50,Sikkim,West Sikkim, ,SH,27.339806,88.227361,,,,Active
SKM/ES/78A12/2015/109,Sikkim, East Sikkim, ,Rorathang-Rongli Road,27.195511,88.6342,,,,Dormant
SKM/NS/78A10/2017/176,Sikkim,North Sikkim, ,NH,27.527722,88.607972,,,,Active
SKM/SS/78A08/2015/229,Sikkim,South Sikkim, ,Namchi-Palum Road,27.140889,88.368222,,,,Active
SKM/SS/78A08/2015/307,Sikkim,South Sikkim, ,Melli-Phong Road,27.15425,88.500333,,,,Active
SKM/WS/78A07/2015/361,Sikkim,West Sikkim, ,-,27.2755,88.308056,,,,Active
SKM/NS/78A03/2017/10,Sikkim,West Sikkim, ,SH,27.28475,88.106194,,,,Active
SKM/NS/78A10/2017/212,Sikkim,North Sikkim, ,NH,27.728472,88.551667,,,,Active
SKM/NS/78A10/2017/199,Sikkim,North Sikkim, ,NH,27.613444,88.656528,,,,Active
SKM/SS/78A07/2015/340,Sikkim,South Sikkim, ,Lingmo village Road,27.314694,88.417917,,,,Active
SKM/ES/78A11/2015/415,Sikkim, East Sikkim, ,Changhu_Nathula Road,27.370083,88.67925,,,,Suspended
SKM/SS/78A08/2015/243,Sikkim,South Sikkim, ,Pachekhani-Melli Road,27.101111,88.403333,,,,Suspended
SKM/SS/78A07/2015/193,Sikkim,South Sikkim, ,Ben village Road,27.255167,88.396944,,,,Active
SKM/NS/78A03/2017/06,Sikkim,West Sikkim, ,SH,27.289861,88.084389,,,,Active
SKM/ES/78A11/2015/416,Sikkim, East Sikkim, ,Changhu_Nathula Road,27.340917,88.628389,,,,Active
SKM/ES/78A11/2015/125,Sikkim, East Sikkim, ,Machong-Rongli Road,27.257139,88.697556,,,,Dormant
SKM/ES/78A11/2015/126,Sikkim, East Sikkim, ,Machong-Rongli Road,27.258222,88.704778,,,,Active
SKM/ES/78A11/2015/128,Sikkim, East Sikkim, ,Machong-Rongli Road,27.25475,88.711,,,,Active
SKM/ES/78A12/2015/102,Sikkim, East Sikkim, ,Rangpo-Rorathang Road,27.18815,88.562083,,,,Active
SKM/NS/78A11/2015/77,Sikkim,North Sikkim, ,North Sikkim Highway,27.409667,88.543722,,,,Suspended
SKM/NS/78A03/2017/26,Sikkim,West Sikkim,Lungzick,SH,27.280667,88.190861,,,,Active
 ,Sikkim,East Sikkim,,,27.24722222,88.60666667,Debris,Slide,Reactivated in September 2021.,Suspended
SKM/SS/78A08/2015/277,Sikkim,South Sikkim, ,Namchi-Namthang Road,27.160056,88.423028,,,,Active
SKM/ES/78A11/2015/64,Sikkim, East Sikkim, ,North Sikkim Highway,27.384444,88.639611,,,,Active
SKM/SS/78A08/2015/263,Sikkim,South Sikkim, ,-,27.177167,88.369611,,,,Active
SKM/SS/78A08/2015/280,Sikkim,South Sikkim, ,Namchi-Namthang Road,27.169583,88.462361,,,,Active
SKM/NS/78A10/2017/211,Sikkim,North Sikkim,Lachen,NH,27.735278,88.54925,,,,Active
SKM/SS/78A07/2015/286,Sikkim,South Sikkim, ,Gangla village Road,27.272056,88.394139,,,,Active
SKM/WS/78A08/2015/349,Sikkim,West Sikkim, ,legship-Sikkip Road,27.204694,88.32375,,,,Active
SKM/NS/78A10/2017/189,Sikkim,North Sikkim, ,NH,27.552861,88.622306,,,,Active
SKM/NS/78A11/2015/80,Sikkim,North Sikkim, ,Gangtok-Chungthang Road,27.378444,88.541667,,,,Suspended
SKM/ES/78A11/2015/14,Sikkim, East Sikkim, ,-,27.220861,88.657111,,,,Active
SKM/ES/78A11/2015/99,Sikkim, East Sikkim, ,Namok Road,27.329472,88.648917,,,,Active
SKM/WS/78A08/2015/264,Sikkim,West Sikkim, ,Namchi-Assangthang Road,27.144167,88.311083,,,,Suspended
SKM/WS/78A08/2015/317,Sikkim,West Sikkim, ,Melli-Jorethang Road,27.126472,88.31675,,,,Active
 ,Sikkim,East Sikkim,,,27.28119444,88.58952778,Debris,Slide,Slide occurred between 11-12 June; 2022.,New Slide
SKM/SS/78A08/2015/314,Sikkim,South Sikkim, ,Melli-Rabikhola Road,27.124778,88.445083,,,,Suspended
SKM/SS/78A08/2015/320,Sikkim,South Sikkim, ,Namchi-Kitam Road,27.122611,88.343389,,,,Active
SKM/ES/78A12/2015/104,Sikkim, East Sikkim, ,Rangpo-Rorathang Road,27.190067,88.596483,,,,Dormant
SKM/NS/78A10/2017/190,Sikkim,North Sikkim, ,NH,27.547111,88.602667,,,,Active
SKM/NS/78A10/2017/186,Sikkim,North Sikkim, ,NH,27.554889,88.654444,,,,Active
SKM/NS/78A03/2017/43,Sikkim,West Sikkim,Hee Sapong,SH,27.251722,88.182972,,,,Active
SKM/WS/78A08/2015/383,Sikkim,West Sikkim, ,Jorthang-Malbasey Road,27.128972,88.262111,,,,Active
 ,Sikkim,North District,,,27.39305556,88.63527778,Rock,Slide,Date of initiation: Mid-July 2018 subsequent reactivations (02/08/2018) and (24/05/2020).,Reactivated
SKM/NS/78A10/2017/184,Sikkim,North Sikkim, ,NH,27.550917,88.646056,,,,Active
SKM/SS/78A08/2015/205,Sikkim,South Sikkim, ,Kholaghari village Road,27.215056,88.393306,,,,Abandoned
SKM/NS/78A03/2017/57,Sikkim,West Sikkim, ,SH,27.33075,88.216333,,,,Active
SKM/NS/78A04/2017/88,Sikkim,West Sikkim, ,SH,27.219444,88.234361,,,,Active
SKM/NS/78A03/2017/15,Sikkim,West Sikkim, ,SH,27.296028,88.10175,,,,Active
SKM/WS/78A08/2015/374,Sikkim,West Sikkim, ,Sangadorji-Bum Road,27.191917,88.2885,,,,Active
SKM/SS/78A08/2015/248,Sikkim,South Sikkim, ,Pachekhani-Melli Road,27.096444,88.433375,,,,Active
SKM/WS/78A07/2015/359,Sikkim,West Sikkim, ,Legship-Geyzing Road,27.284139,88.264889,,,,Active
SKM/NS/78A11/2015/83,Sikkim,North Sikkim, ,Dikchu-Mangshila Road,27.411306,88.516611,,,,Active
SKM/NS/78A10/2017/177,Sikkim,North Sikkim,Naga,NH,27.531667,88.606333,,,,Active
SKM/NS/78A11/2015/74,Sikkim,North Sikkim, ,North Sikkim Highway,27.426361,88.583028,,,,Active
SKM/NS/78A15/2017/163,Sikkim, East Sikkim, ,SH,27.263278,88.786667,,,,Active
SKM/NS/78A10/2017/229,Sikkim,North Sikkim, ,NH,27.619722,88.618861,,,,Active
SKM/ES/78A12/2015/117,Sikkim, East Sikkim, ,Rorathang-Rongli Road,27.207606,88.676047,,,,Dormant
SKM/WS/78A07/2015/343,Sikkim,West Sikkim, ,Legship-Rishi Road,27.268944,88.2875,,,,Active
SKM/ES/78A11/2015/17,Sikkim, East Sikkim, ,NH-31A,27.255278,88.543611,,,,Active
SKM/NS/78A03/2017/16,Sikkim,West Sikkim, ,SH,27.295444,88.094583,,,,Active
SKM/NS/78A15/2017/146,Sikkim, East Sikkim,Thengu,SH,27.367111,88.776028,,,,Active
SKM/SS/78A08/2015/394,Sikkim,South Sikkim, ,Sikkip-Wak-Namchi Road,27.167611,88.348889,,,,Active
SKM/NS/78A03/2017/23,Sikkim,West Sikkim,Sardong,SH,27.279972,88.186917,,,,Active
SKM/NS/78A04/2017/96,Sikkim,West Sikkim, ,SH,27.1645,88.228444,,,,Active
SKM/SS/78A08/2015/324,Sikkim,South Sikkim, ,Namchi-Kitam Road,27.133806,88.342778,,,,Active
SKM/SS/78A08/2015/226,Sikkim,South Sikkim, ,Namchi-Palum Road,27.126306,88.378667,,,,Suspended
SK/WEST/78A08/2015/0224,Sikkim, West Sikkim, ,1.24km north west of Manjhitar,27.117556,88.323667,,,,Active
 ,Sikkim,East Sikkim,,,27.31663889,88.45861111,Debris,Slide,Landslide incidence has happened on 18th & 19th October 2021.,New Slide
SKM/SS/78A08/2015/200,Sikkim,South Sikkim, ,Kholaghari village Road,27.219444,88.391111,,,,Active
SKM/SS/78A08/2015/222,Sikkim,South Sikkim, ,Sadam-Bhajyang Road,27.133722,88.390833,,,,Active
SKM/SS/78A07/2015/285,Sikkim,South Sikkim, ,Sangmo village Road,27.273083,88.389528,,,,Suspended
SKM/ES/78A11/2015/41,Sikkim, East Sikkim, ,Lingdum Road,27.315028,88.558139,,,,Active
SKM/ES/78A11/2015/410,Sikkim, East Sikkim, ,Changhu_Nathula Road,27.365056,88.655167,,,,Active
SKM/SS/78A07/2015/342,Sikkim,South Sikkim, ,Lingmo village Road,27.366944,88.449806,,,,Active
SKM/NS/78A04/2017/117,Sikkim,West Sikkim, ,SH,27.158972,88.090944,,,,Active
SKM/ES/78A11/2015/67,Sikkim, East Sikkim, ,North Sikkim Highway,27.395639,88.621667,,,,Active
SKM/NS/78A10/2017/168,Sikkim,North Sikkim, ,NH,27.517306,88.542889,,,,Active
SKM/NS/78A11/2015/24,Sikkim,North Sikkim, ,North Sikkim Highway,27.417306,88.622361,,,,Active
SKM/SS/78A12/2015/148,Sikkim,South Sikkim, ,NH-31A,27.22575,88.49325,,,,Active
SKM/NS/78A03/2017/74,Sikkim,West Sikkim, ,SH,27.258778,88.202639,,,,Active
SKM/ES/78A11/2015/136,Sikkim, East Sikkim, ,Changhu_Nathula Road,27.372806,88.739139,,,,Active
SKM/NS/78A03/2017/75,Sikkim,West Sikkim, ,SH,27.260861,88.233278,,,,Active
SKM/WS/78A08/2015/347,Sikkim,West Sikkim, ,legship-Sikkip Road,27.213556,88.321833,,,,Active
SKM/NS/78A11/2015/84,Sikkim,North Sikkim, ,Dikchu-Mangshila Road,27.420028,88.515944,,,,Active
SKM/NS/78A03/2017/21,Sikkim,West Sikkim,Sardong,SH,27.282917,88.189556,,,,Active
SKM/SS/78A08/2015/221,Sikkim,South Sikkim, ,Sadam-Bhajyang Road,27.133556,88.39475,,,,Active
 ,Sikkim,East Sikkim,,,27.28577778,88.5535,Debris,Slide,Date of occurrence : 27.08.2021,Active
SKM/NS/78A04/2017/111,Sikkim,West Sikkim, ,SH,27.171833,88.160861,,,,Active
SKM/WS/78A07/2015/364,Sikkim,West Sikkim, ,Legship-Mayong Road,27.260194,88.302417,,,,Active
SKM/NS/78A03/2017/18,Sikkim,West Sikkim,Som,SH,27.269778,88.144278,,,,Active
SKM/SS/78A08/2015/274,Sikkim,South Sikkim, ,Namchi-Namthang Road,27.161444,88.410556,,,,Active
 ,Sikkim,East Sikkim,,,27.28666667,88.55347222,Rock cum debris,Slide,Slide initiated on 27th August 2021.,Suspended
SKM/WS/78A07/2015/358,Sikkim,West Sikkim, ,Legship-Geyzing Road,27.275917,88.254278,,,,Active
SKM/NS/78A03/2017/28,Sikkim,West Sikkim,Arigown,SH,27.281028,88.227667,,,,Active
SKM/ES/78A11/2015/413,Sikkim, East Sikkim, ,Changhu_Nathula Road,27.380806,88.726,,,,Active
SKM/NS/78A10/2017/230,Sikkim,North Sikkim, ,NH,27.61775,88.623639,,,,Active
SKM/SS/78A08/2015/395,Sikkim,South Sikkim, ,Sikkip-Wak-Namchi Road,27.165278,88.348528,,,,Active
 ,Sikkim,South Sikkim,,,27.17054167,88.38358056,Debris,Slide,may have occurred in the month of May; 2021,Suspended
SKM/NS/78A03/2017/63,Sikkim,West Sikkim, ,SH,27.316583,88.178917,,,,Active
SKM/WS/78A08/2015/270,Sikkim,West Sikkim, ,Namchi-Assangthang Road,27.158222,88.34325,,,,Active
 ,Sikkim,North Sikkim,,,27.69920278,88.56659722,Debris,Slide,Date not available,Suspended
 ,Sikkim,East Sikkim,,,27.23444444,88.49083333,Rock,Slide,No data,Reactivated
SKM/NS/78A10/2017/180,Sikkim,North Sikkim, ,NH,27.5435,88.628306,,,,Active
SKM/SS/78A08/2015/306,Sikkim,South Sikkim, ,Perbing-Chuba Road,27.178111,88.430556,,,,Active
SKM/ES/78A11/2015/65,Sikkim, East Sikkim, ,North Sikkim Highway,27.394,88.62525,,,,Active
SKM/SS/78A12/2015/151,Sikkim,South Sikkim, ,Singtam-Dikchu Road,27.23575,88.507972,,,,Active
SKM/NS/78A15/2017/147,Sikkim, East Sikkim,Thengu,SH,27.37475,88.782889,,,,Active
SKM/WS/78A08/2015/368,Sikkim,West Sikkim, ,Kaluk-Rinchenpong Road,27.243806,88.2725,,,,Active
SKM/NS/78A10/2017/178,Sikkim,North Sikkim, ,NH,27.533722,88.609278,,,,Active
SKM/SS/78A08/2015/223,Sikkim,South Sikkim, ,Sadam-Bhajyang Road,27.131528,88.384417,,,,Suspended
SKM/NS/78A04/2017/71,Sikkim,West Sikkim,Upper Bermiok,SH,27.240389,88.234028,,,,Active
SKM/NS/78A11/2015/09,Sikkim,North Sikkim, ,North Sikkim Highway,27.409861,88.543722,,,,Active
SKM/WS/78A07/2015/365,Sikkim,West Sikkim, ,Kaluk-Rinchenpong Road,27.252167,88.272778,,,,Active
SKM/ES/78A12/2015/33,Sikkim, East Sikkim,East Pendam,-,27.205,88.591722,,,,Active
SKM/SS/78A08/2015/272,Sikkim,South Sikkim, ,Namchi-Namthang Road,27.160194,88.415056,,,,Active
SKM/NS/78A04/2017/119,Sikkim,West Sikkim, ,SH,27.157694,88.092833,,,,Active
 ,Sikkim,Gangtok,,,27.2535,88.54141667,Debris,Slide,The 14th Mile landslide got reactivated in August;2022 and
recent incidence occurred on 7-8th October;2022,Reactivated
 ,Sikkim,Pakyong,,,27.21391667,88.60833333,Debris,Slide,25thAugust 2022.,Active
 ,Sikkim,East Sikkim,,,27.26066667,88.53383333,Rock cum debris,Slide,Slide initiated in September 2021 and again reactivated in the month of October 2021.,Reactivated
SKM/SS/78A08/2015/213,Sikkim,South Sikkim, ,Namchi-Namthang Road,27.166528,88.401333,,,,Active
SKM/SS/78A07/2015/290,Sikkim,South Sikkim, ,Gangla village Road,27.263194,88.377139,,,,Suspended
SKM/NS/78A03/2017/85,Sikkim,West Sikkim, ,SH,27.216361,88.199667,,,,Dormant
SKM/WS/78A07/2015/376,Sikkim,West Sikkim, ,Narkhola Road,27.400278,88.356861,,,,Active
SKM/NS/78A04/2017/123,Sikkim,West Sikkim, ,SH,27.125861,88.14275,,,,Active
SK/WEST/78A03/2015/0226,Sikkim, West Sikkim, , Pelling-Geizing bypass Road,27.298333,88.248306,,,,Active
SKM/SS/78A08/2015/55,Sikkim,South Sikkim, ,Phong-Bermiok Road,27.207039,88.446667,,,,Active
SKM/ES/78A12/2015/163,Sikkim, East Sikkim, ,Namchi-Namthang Road,27.157694,88.522194,,,,Active
SKM/SS/78A07/2015/291,Sikkim,South Sikkim, ,Gangla village Road,27.28425,88.370056,,,,Active
SKM/SS/78A07/2015/192,Sikkim,South Sikkim, ,Ben village Road,27.254917,88.390889,,,,Active
SKM/NS/78A04/2017/102,Sikkim,West Sikkim, ,SH,27.123833,88.225333,,,,Active
SKM/SS/78A07/2015/328,Sikkim,South Sikkim, ,-,27.259306,88.423028,,,,Active
SKM/SS/78A12/2015/170,Sikkim,South Sikkim, ,Namchi-Namthang Road,27.160444,88.512472,,,,Active
SKM/WS/78A08/2015/315,Sikkim,West Sikkim, ,Melli-Jorethang Road,27.110583,88.340472,,,,Active
SKM/NS/78A04/2017/93,Sikkim,West Sikkim,Rishithang,SH,27.217278,88.236944,,,,Active
SKM/SS/78A08/2015/54,Sikkim,South Sikkim, ,Phong-Bermiok Road,27.206611,88.442814,,,,Active
 ,Sikkim,North Sikkim,,,27.5401,88.56929167,Rock cum debris,Slide,From 2019 onwards,Suspended
SKM/SS/78A08/2015/252,Sikkim,South Sikkim, ,Pachekhani-Melli Road,27.102,88.458667,,,,Active
SKM/NS/78A15/2017/160,Sikkim, East Sikkim, ,SH,27.264694,88.792667,,,,Active
 ,Sikkim,East Sikkim,,,27.33941667,88.60990556,Soil,Slide,Date of initiation : 06.06.2021 in the morning.,Dormant
SKM/NS/78A10/2017/225,Sikkim,North Sikkim, ,NH,27.652861,88.607,,,,Abandoned
SKM/NS/78A03/2017/25,Sikkim,West Sikkim, ,SH,27.283444,88.192639,,,,Active
SKM/WS/78A08/2015/319,Sikkim,West Sikkim, ,Melli-Jorethang Road,27.12825,88.292194,,,,Active
SKM/NS/78A10/2017/183,Sikkim,North Sikkim,Tung,NH,27.549306,88.644889,,,,Active
SKM/ES/78A11/2015/42,Sikkim, East Sikkim, ,Lingdum Road,27.313917,88.557583,,,,Active
SKM/NS/78A04/2017/106,Sikkim,West Sikkim, ,SH,27.179278,88.190972,,,,Active
SKM/NS/78A15/2017/148,Sikkim, East Sikkim,Yakla,SH,27.364583,88.787333,,,,Active
SKM/NS/78A10/2017/222,Sikkim,North Sikkim,Bansoi,NH,27.697139,88.57025,,,,Active
 ,Sikkim,Namchi,,,27.09725,88.3825,Debris,Slide,Reactivated in August;2022,Active-Reactivated
SKM/NS/78A04/2017/121,Sikkim,West Sikkim, ,SH,27.149889,88.096861,,,,Active
SKM/ES/78A11/2015/124,Sikkim, East Sikkim, ,Machong-Rongli Road,27.257083,88.696583,,,,Active
SKM/SS/78A08/2015/231,Sikkim,South Sikkim, ,Namchi-Palum Road,27.143556,88.373083,,,,Active
SKM/SS/78A08/2015/195,Sikkim,South Sikkim, ,Namchi-Damthang Road,27.21525,88.402278,,,,Active
SKM/ES/78A11/2015/44,Sikkim, East Sikkim,Sangmoo,Lingdum Road,27.316,88.559889,,,,Active
SKM/NS/78A10/2017/207,Sikkim,North Sikkim, ,NH,27.749111,88.542972,,,,Active
SKM/SS/78A08/2015/279,Sikkim,South Sikkim, ,Namchi-Namthang Road,27.15625,88.430722,,,,Suspended
SKM/ES/78A11/2015/97,Sikkim, East Sikkim, ,-,27.282444,88.598917,,,,Active
 ,Sikkim,East Sikkim,,,27.20258333,88.65547222,Rock,Slide,18-19th October; 2021,Suspended
SKM/SS/78A08/2015/254,Sikkim,South Sikkim, ,Melli-Sumbuk Road,27.084222,88.446083,,,,Active
SKM/ES/78A12/2015/132,Sikkim, East Sikkim, ,Rhenak Road,27.201875,88.667278,,,,Active
SKM/ES/78A11/2015/138,Sikkim, East Sikkim, ,Changhu_Nathula Road,27.375028,88.728278,,,,Active
SKM/SS/78A08/2015/246,Sikkim,South Sikkim, ,Pachekhani-Melli Road,27.102639,88.394639,,,,Suspended
SKM/NS/78A11/2015/81,Sikkim,North Sikkim, ,Dikchu-Mangshila Road,27.397083,88.519167,,,,Active
SKM/WS/78A08/2015/293,Sikkim,West Sikkim, ,Namchi-Jorthang Road,27.157694,88.306806,,,,Suspended
SKM/NS/78A03/2017/52,Sikkim,West Sikkim, ,SH,27.326444,88.219,,,,Active
SKM/NS/78A03/2017/79,Sikkim,West Sikkim, ,SH,27.2275,88.220278,,,,Active
SK/WEST/78A07/2015/0234,Sikkim, West Sikkim, ,Northeast of Chingtang village,27.263389,88.292667,,,,Active
SKM/NS/78A10/2017/188,Sikkim,North Sikkim, ,NH,27.55525,88.647556,,,,Active
SKM/NS/78A10/2017/203,Sikkim,North Sikkim, ,NH,27.637167,88.712028,,,,Active
SKM/NS/78A10/2017/173,Sikkim,North Sikkim, ,NH,27.528722,88.600833,,,,Active
SKM/ES/78A11/2015/46,Sikkim, East Sikkim,Sichey,Ranka Road,27.348722,88.600556,,,,Active
SKM/NS/78A10/2017/214,Sikkim,North Sikkim, ,NH,27.724222,88.552861,,,,Active
SK/WEST/78A08/2015/0225,Sikkim, West Sikkim, ,Namgoon,27.240694,88.298389,,,,Active
SKM/ES/78A12/2015/20,Sikkim, East Sikkim, ,NH-31A,27.236583,88.509611,,,,Active
SKM/NS/78A04/2017/109,Sikkim,West Sikkim, ,SH,27.149972,88.184222,,,,Active
SKM/ES/78A11/2015/400,Sikkim, East Sikkim, ,Changhu_Nathula Road,27.375139,88.708028,,,,Active
SKM/NS/78A04/2017/133,Sikkim,West Sikkim, ,SH,27.161,88.094306,,,,Active
SKM/SS/78A08/2015/239,Sikkim,South Sikkim, ,Tinktam-Rheyong Road,27.244056,88.348056,,,,Active
SKM/SS/78A08/2015/296,Sikkim,South Sikkim, ,Namchi-Jorthang Road,27.173917,88.38525,,,,Active
 ,Sikkim,East Sikkim,,,27.35333333,88.61666667,Debris material (>2mm to cobble size ) to boulder.,Slide,New Slide,Active
SKM/SS/78A07/2015/284,Sikkim,South Sikkim, ,Sangmo village Road,27.302861,88.373944,,,,Active
SKM/ES/78A12/2015/19,Sikkim, East Sikkim,Sangkhola,NH-31A,27.245139,88.524444,,,,Active
 ,Sikkim,North Sikkim,,,27.55314167,88.62179722,Debris,Slide,From 2012 onwards,Suspended
SKM/NS/78A03/2017/24,Sikkim,West Sikkim, ,SH,27.284528,88.195583,,,,Active
SKM/NS/78A10/2017/221,Sikkim,North Sikkim, ,NH,27.700444,88.566083,,,,Active
SKM/NS/78A15/2017/145,Sikkim, East Sikkim,Thengu,SH,27.378306,88.770083,,,,Active
SKM/ES/78A11/2015/130,Sikkim, East Sikkim, ,Machong-Rongli Road,27.250889,88.715444,,,,Dormant
SKM/SS/78A08/2015/298,Sikkim,South Sikkim, ,Namchi-Jorthang Road,27.18175,88.395778,,,,Active
SKM/SS/78A08/2015/214,Sikkim,South Sikkim, ,Namchi-Namthang Road,27.16375,88.406417,,,,Active
SKM/SS/78A07/2015/191,Sikkim,South Sikkim, ,Ben village Road,27.255389,88.388944,,,,Active
 ,Sikkim,North Sikkim,,,27.55704444,88.57932222,Debris,Slide,From 2019 onwards,Stabilized
SKM/NS/78A10/2017/179,Sikkim,North Sikkim, ,NH,27.535056,88.610194,,,,Suspended
SKM/NS/78A03/2017/62,Sikkim,West Sikkim, ,SH,27.315778,88.178944,,,,Active
SKM/ES/78A12/2015/142,Sikkim, East Sikkim, ,NH-31A,27.180528,88.518611,,,,Active
SKM/ES/78A12/2015/103,Sikkim, East Sikkim, ,Rangpo-Rorathang Road,27.189261,88.595686,,,,Suspended
SKM/ES/78A11/2015/140,Sikkim, East Sikkim, ,Changhu_Nathula Road,27.373083,88.720028,,,,Suspended
 ,Sikkim,South Sikkim,,,27.12344167,88.24483889,Debris,Slide,May have occurred during Heavy rainfall on 18-19th October; 2021.,Suspended
SKM/ES/78A11/2015/59,Sikkim, East Sikkim, ,North Sikkim Highway,27.376306,88.629583,,,,Dormant
SKM/ES/78A12/2015/145,Sikkim, East Sikkim, ,NH-31A,27.188528,88.501194,,,,Active
SKM/WS/78A08/2015/269,Sikkim,West Sikkim, ,Namchi-Assangthang Road,27.155028,88.319556,,,,Active
 ,Sikkim,East Sikkim,,,27.25225,88.60811111,Rock cum Debris,slide,As per the temporal Google imageries; the landslide initiated in May 2017 and got reactivated subsequently during JulyAugust; 2021.,active
SKM/NS/78A15/2017/150,Sikkim, East Sikkim,Yakla,SH,27.376222,88.799667,,,,Active
SKM/SS/78A08/2015/244,Sikkim,South Sikkim, ,Pachekhani-Melli Road,27.101083,88.400417,,,,Active
 ,Sikkim,Namchi,,,27.11955556,88.32275,Debris,Slide,Reactivated in August; 2022,Reactivated
SKM/ES/78A11/2015/409,Sikkim, East Sikkim, ,Changhu_Nathula Road,27.371806,88.677167,,,,Active
 ,Sikkim,East Sikkim,,,27.37211111,88.61671944,Debris,Slide,Date of occurrence : 29.05.2022; night time,Suspended
SKM/ES/78A08/2015/49,Sikkim, East Sikkim, ,Singtam-Dikchu Road,27.240028,88.486472,,,,Active
SK/EAST/78A08/2015/0223,Sikkim, East Sikkim, ,Melli bridge-Smbuk RF Road,27.089917,88.412778,,,,Active
SKM/ES/78A11/2015/68,Sikkim, East Sikkim, ,North Sikkim Highway,27.398083,88.614583,,,,Active
 ,Sikkim,North Sikkim,,,27.55236944,88.58208333,Debris,Slide,From 2019 onwards,Suspended
SKM/NS/78A04/2017/45,Sikkim,West Sikkim,Hee gown,SH,27.245972,88.185278,,,,Active
SKM/WS/78A08/2015/366,Sikkim,West Sikkim, ,Kaluk-Rinchenpong Road,27.20175,88.268194,,,,Active
SKM/SS/78A08/2015/206,Sikkim,South Sikkim, ,Kholaghari village Road,27.194333,88.388889,,,,Active
SKM/NS/78A04/2017/132,Sikkim,West Sikkim, ,SH,27.160056,88.091806,,,,Active
SKM/NS/78A10/2017/194,Sikkim,North Sikkim, ,NH,27.546333,88.586472,,,,Active
SKM/NS/78A15/2017/149,Sikkim, East Sikkim, ,SH,27.368917,88.794611,,,,Active
 ,Sikkim,East Sikkim,,,27.236,88.75722222,Debris,Slide,1st August; 2021 at 4:00 pm,Active
SK/WEST/78A07/2015/0232,Sikkim, West Sikkim, ,Near bridge of Kalez Chhu,27.272778,88.28,,,,Active
SKM/ES/78A11/2015/402,Sikkim, East Sikkim, ,Changhu_Nathula Road,27.378417,88.697222,,,,Active
 ,Sikkim,North Sikkim,,,27.47888889,88.52861111,Rock,Slide,From 2021 September onwards,Suspended
SKM/ES/78A12/2015/152,Sikkim, East Sikkim, ,NH-31A,27.236361,88.50875,,,,Active
SKM/NS/78A11/2015/70,Sikkim,North Sikkim, ,North Sikkim Highway,27.418,88.623333,,,,Active
SKM/SS/78A08/2015/209,Sikkim,South Sikkim, ,Kholaghari village Road,27.202417,88.391583,,,,Abandoned
 ,Sikkim,East Sikkim,,,27.24777778,88.5975,Debris,slide,From 2021 onwards,Suspended
SKM/SS/78A08/2015/323,Sikkim,South Sikkim, ,Namchi-Kitam Road,27.130444,88.340222,,,,Active
SK/WEST/78A03/2015/0228,Sikkim, West Sikkim, ,Geizing-Rishi Road,27.285361,88.249028,,,,Active
SKM/WS/78A07/2015/353,Sikkim,West Sikkim, ,Dhupidara Road,27.395028,88.307389,,,,Active
SKM/NS/78A04/2017/140,Sikkim,West Sikkim, ,SH,27.158056,88.141528,,,,Active
SKM/ES/78A12/2015/115,Sikkim, East Sikkim, ,Rorathang-Rongli Road,27.205047,88.689053,,,,Dormant
SKM/SS/78A08/2015/251,Sikkim,South Sikkim, ,Pachekhani-Melli Road,27.106694,88.449389,,,,Active
SKM/ES/78A12/2015/143,Sikkim, East Sikkim, ,NH-31A,27.180417,88.51025,,,,Active
SKM/NS/78A10/2017/191,Sikkim,North Sikkim, ,NH,27.549194,88.583556,,,,Active
SKM/SS/78A07/2015/326,Sikkim,South Sikkim, ,Melli-Jorethang Road,27.149722,88.348333,,,,Active
SKM/NS/78A10/2017/182,Sikkim,North Sikkim, ,NH,27.548417,88.641944,,,,Active
SKM/SS/78A08/2015/321,Sikkim,South Sikkim, ,Namchi-Kitam Road,27.123194,88.34025,,,,Active
SKM/NS/78A04/2017/124,Sikkim,West Sikkim, ,SH,27.128333,88.148833,,,,Active
SKM/ES/78A12/2015/113,Sikkim, East Sikkim, ,Rorathang-Rongli Road,27.202433,88.656708,,,,Active
SKM/ES/78A11/2015/43,Sikkim, East Sikkim, ,Lingdum Road,27.315028,88.558611,,,,Active
SKM/ES/78A12/2015/141,Sikkim, East Sikkim, ,NH-31A,27.179639,88.519778,,,,Active
SKM/NS/78A11/2015/94,Sikkim,North Sikkim, ,North Sikkim Highway,27.482583,88.529528,,,,Active
SKM/NS/78A10/2017/196,Sikkim,North Sikkim, ,NH,27.54375,88.58475,,,,Active
SKM/ES/78A12/2015/107,Sikkim, East Sikkim, ,Rorathang-Rongli Road,27.195703,88.625444,,,,Dormant
SKM/NS/78A11/2015/78,Sikkim,North Sikkim, ,Gangtok-Chungthang Road,27.374583,88.542444,,,,Suspended
 ,Sikkim,East Sikkim,,,27.34222222,88.60722222,Debris,Slide,Nil,Active
SKM/NS/78A15/2017/153,Sikkim, East Sikkim,Naya Baba Mandir,SH,27.364722,88.834917,,,,Active
SKM/ES/78A12/2015/111,Sikkim, East Sikkim, ,Rorathang-Rongli Road,27.199722,88.641633,,,,Active
SKM/SS/78A07/2015/331,Sikkim,South Sikkim, ,Robang-Tarku Road,27.271583,88.430389,,,,Active
SKM/NS/78A03/2017/39,Sikkim,West Sikkim, ,SH,27.257361,88.165333,,,,Active
SKM/SS/78A08/2015/257,Sikkim,South Sikkim, ,Melli-Sumbuk Road,27.087667,88.416528,,,,Active
SKM/ES/78A12/2015/144,Sikkim, East Sikkim, ,NH-31A,27.182111,88.508,,,,Active
 ,Sikkim,East Sikkim,,,27.37055556,88.61611111,Debris,Slide,Date of initiation: 05.06.2021 in the midnight.,Active
SKM/ES/78A12/2015/31,Sikkim, East Sikkim,Dikling,-,27.238111,88.601528,,,,Active
SKM/NS/78A04/2017/70,Sikkim,West Sikkim, ,SH,27.241333,88.233972,,,,Active
SKM/SS/78A08/2015/177,Sikkim,South Sikkim, ,Namchi-Namthang Road,27.158111,88.491722,,,,Active
SKM/NS/78A03/2017/64,Sikkim,West Sikkim, ,SH,27.317083,88.178556,,,,Active
SKM/ES/78A12/2015/135,Sikkim, East Sikkim, ,Rhenak Road,27.193794,88.650528,,,,Dormant
SKM/SS/78A08/2015/262,Sikkim,South Sikkim, ,Melli-Sumbuk Road,27.107417,88.363139,,,,Active
SKM/NS/78A10/2017/174,Sikkim,North Sikkim, ,NH,27.527917,88.60225,,,,Active
SK/ESK/78A11/2019/03,Sikkim,East District,Sang,NH10A/ GangtokSiliguri Highway,27.251639,88.531361,,,,Inactive
SKM/ES/78A12/2015/106,Sikkim, East Sikkim, ,Rangpo-Rorathang Road,27.192989,88.603083,,,,Active
SKM/SS/78A08/2015/187,Sikkim,South Sikkim, ,Temi village Road,27.224778,88.372083,,,,Active
SKM/NS/78A11/2015/05,Sikkim,North Sikkim, ,North Sikkim Highway,27.418472,88.616083,,,,Reactivated
SKM/SS/78A08/2015/241,Sikkim,South Sikkim, ,Pachekhani-Melli Road,27.103111,88.402722,,,,Active
SKM/NS/78A10/2017/167,Sikkim,North Sikkim, ,NH,27.517278,88.539667,,,,Active
SKM/SS/78A07/2015/329,Sikkim,South Sikkim, ,-,27.262056,88.4305,,,,Active
SKM/ES/78A11/2015/122,Sikkim, East Sikkim, ,Machong-Rongli Road,27.250972,88.659833,,,,Suspended
SKM/WS/78A08/2015/351,Sikkim,West Sikkim, ,legship-Sikkip Road,27.186361,88.320417,,,,Active
SKM/SS/78A08/2015/305,Sikkim,South Sikkim, ,Perbing-Chuba Road,27.176,88.429556,,,,Active
SKM/SS/78A08/2015/211,Sikkim,South Sikkim, ,Namchi-Namthang Road,27.168167,88.384556,,,,Active
SKM/NS/78A10/2017/198,Sikkim,North Sikkim, ,NH,27.611333,88.655222,,,,Active
SK/WEST/78A07/2015/0233,Sikkim, West Sikkim, ,0.64km South of Kalez Chhu bridge,27.269056,88.284722,,,,Active
SKM/EAS/78A11/2014/001,Sikkim, East Sikkim,Mangthang Landslide,Mangthang (On Dhajey-Mangthang road ),27.25677,88.55359,,,,Reactivated
SKM/NS/78A04/2017/68,Sikkim,West Sikkim, ,SH,27.233194,88.246361,,,,Active
SKM/WS/78A07/2015/381,Sikkim,West Sikkim, ,Chongrang Road,27.3515,88.273028,,,,Active
SKM/NS/78A11/2015/87,Sikkim,North Sikkim, ,Dikchu-Mangshila Road,27.435944,88.515167,,,,Suspended
SKM/NS/78A10/2017/171,Sikkim,North Sikkim, ,NH,27.527333,88.590778,,,,Active
SK/ED/78A6/2016/01,Sikkim,North Sikkim,Dzongu landslide,Left bank slope of Talong Chu (locally known as Kanaka river); just opposite to the Dzongu (Upper) village,27.535333,88.497972,,,,Active
SKM/NS/78A11/2015/06,Sikkim,North Sikkim, ,North Sikkim Highway,27.418667,88.616778,,,,Active
SKM/NS/78A04/2017/112,Sikkim,West Sikkim, ,SH,27.165333,88.162028,,,,Active
SKM/SS/78A08/2015/249,Sikkim,South Sikkim, ,Pachekhani-Melli Road,27.106944,88.43375,,,,Active
SKM/NS/78A11/2015/08,Sikkim,North Sikkim, ,North Sikkim Highway,27.437889,88.601694,,,,Active
SKM/WS/78A08/2015/379,Sikkim,West Sikkim, ,-,27.1545,88.275667,,,,Suspended
SKM/NS/78A10/2017/208,Sikkim,North Sikkim, ,NH,27.745194,88.544278,,,,Active
SKM/NS/78A15/2017/151,Sikkim, East Sikkim,Sherethang,SH,27.38375,88.808694,,,,Active
SKM/ES/78A12/2015/22,Sikkim, East Sikkim, ,NH-31A,27.233389,88.5015,,,,Active
SKM/NS/78A04/2017/01,Sikkim,West Sikkim,Upper Bega,SH,27.248583,88.117444,,,,Active
SKM/NS/78A04/2017/120,Sikkim,West Sikkim, ,SH,27.153444,88.095639,,,,Active
SKM/SS/78A07/2015/336,Sikkim,South Sikkim, ,Robang-Tarku Road,27.306806,88.375194,,,,Active
SKM/SS/78A08/2015/310,Sikkim,South Sikkim, ,Melli-Phong Road,27.154722,88.443056,,,,Suspended
SKM/SS/78A08/2015/203,Sikkim,South Sikkim, ,Kholaghari village Road,27.214639,88.392417,,,,Active
SKM/ES/78A12/2015/134,Sikkim, East Sikkim, ,Rhenak Road,27.198928,88.66095,,,,Active
SKM/ES/78A11/2015/137,Sikkim, East Sikkim, ,Changhu_Nathula Road,27.373472,88.731722,,,,Active
SKM/ES/78A12/2015/165,Sikkim, East Sikkim, ,Namchi-Namthang Road,27.163861,88.52,,,,Active
 ,Sikkim,East Sikkim,,,27.35805556,88.62111111,Debris,Slide,New slide,Active
 ,Sikkim,Namchi,,,27.30140833,88.3916,Debris cum rock,Slide,Old slide; Reactivated on 18.11.2022,Active
SKM/SS/78A08/2015/196,Sikkim,South Sikkim, ,Namchi-Damthang Road,27.212583,88.399333,,,,Active
SKM/NS/78A10/2017/201,Sikkim,North Sikkim, ,NH,27.6295,88.692778,,,,Active
SKM/WS/78A08/2015/350,Sikkim,West Sikkim, ,legship-Sikkip Road,27.191639,88.325861,,,,Active
SKM/ES/78A2/2015/167,Sikkim, East Sikkim, ,Namchi-Namthang Road,27.157056,88.512778,,,,Suspended
SKM/SS/78A08/2015/385,Sikkim,South Sikkim, ,Sikkip-Wak-Namchi Road,27.199028,88.350417,,,,Active
 ,Sikkim,Pakyong,,,27.2536,88.6043,Debris,Slide,Last week of August;2022,Active
 ,Sikkim,South district; Sikkim,,,27.3250091,88.4704442,Debris cum rock,Slide,Initiation of slide in 2020; date of Reactivation: 23.08.2021,Reactivated
SKM/ES/78A12/2015/36,Sikkim, East Sikkim, ,Rangpo-Rorathang Road,27.212222,88.587889,,,,Active
SKM/ES/78A11/2015/414,Sikkim, East Sikkim, ,Changhu_Nathula Road,27.378667,88.699611,,,,Active
SKM/WS/78A08/2015/369,Sikkim,West Sikkim, ,Sangadorji-Bum Road,27.219917,88.276306,,,,Active
SKM/NS/78A03/2017/29,Sikkim,West Sikkim,Arigown,SH,27.281611,88.229556,,,,Active
SKM/WS/78A07/2015/375,Sikkim,West Sikkim, ,Narkhola Road,27.397389,88.356139,,,,Active
SKM/SS/78A08/2015/237,Sikkim,South Sikkim, ,Tinktam-Rheyong Road,27.242917,88.354417,,,,Active
SK/ESK/78A11/2019/01,Sikkim,East Sikkim,Kaabi II,NH 31A; Near B2 Bridge.,27.381078,88.640633,,,,Reactivated
SKM/NS/78A03/2017/58,Sikkim,West Sikkim, ,SH,27.3305,88.215639,,,,Active
SKM/WS/78A08/2015/388,Sikkim,West Sikkim, ,Tinktitam village Road,27.242139,88.327389,,,,Active
SKM/NS/78A11/2015/03,Sikkim,North Sikkim,Kabi,North Sikkim Highway,27.412111,88.626944,,,,Active
SKM/SOUTH/78A08/2017/001,Sikkim,South Sikkim,Gumpa Monastery; Upper Gurpisey,State Highway (Namchi-Damthang Road; South Sikkim),27.172228,88.372,,,,Active
SKM/SS/78A12/2015/172,Sikkim,South Sikkim, ,Namchi-Namthang Road,27.162194,88.510611,,,,Active
SK/EAST/78A12/2015/0214,Sikkim, East Sikkim, ,Chaujachen Constucency; Rhenock block,27.19375,88.650556,,,,Active
SKM/NS/78A04/2017/105,Sikkim,West Sikkim,Gumpa Dara,SH,27.181167,88.192028,,,,Active
SKM/SS/78A07/2015/53,Sikkim,South Sikkim, ,Chongrang Road,27.351194,88.272417,,,,Active
SK/ESK/78A11/2019/02,Sikkim,East District,Palzor Stadium road; Gangtok,Near Tamang  Monastery; Palzor Stadium road; Gangtok,27.33825,88.609111,,,,Active
SKM/SS/78A08/2015/311,Sikkim,South Sikkim, ,Melli-Phong Road,27.150778,88.4385,,,,Reactivated
SKM/NS/78A03/2017/66,Sikkim,West Sikkim, ,SH,27.261778,88.197194,,,,Active
 ,Sikkim,East Sikkim,,,27.25066667,88.53144444,Rock,Slide,Slide activated in July 2019 and got reactivated on 12.05.2022,Reactivated
 ,Sikkim,Soreng,,,27.13689,88.276598,Rock,Slide,2nd week of August;2022,Active
SKM/ES/78A12/2015/164,Sikkim, East Sikkim, ,Namchi-Namthang Road,27.158361,88.521833,,,,Active
SKM/NS/78A10/2017/187,Sikkim,North Sikkim, ,NH,27.575444,88.651417,,,,Active
SKM/NS/78A04/2017/138,Sikkim,West Sikkim, ,SH,27.173861,88.092111,,,,Active
 ,Sikkim,East Sikkim,,,27.25858333,88.46166667,Debris,Slide,As per the temporal Google imageries between April 2018 and December 2021; it is observed that slide had happened in that particular period.,Reactivated
SK/WEST/78A07/2015/0231,Sikkim, West Sikkim, ,Pelling-Geizing  Road,27.281028,88.267361,,,,Active
SKM/ES/78A11/2015/397,Sikkim, East Sikkim, ,Changhu_Nathula Road,27.373472,88.721944,,,,Active
SKM/NS/78A04/2017/139,Sikkim,West Sikkim, ,SH,27.144056,88.127361,,,,Active
SKM/NS/78A10/2017/209,Sikkim,North Sikkim, ,NH,27.740944,88.545361,,,,Active
SKM/ES/78A12/2015/35,Sikkim, East Sikkim, ,Rangpo-Rorathang Road,27.2115,88.58775,,,,Active
SKM/NS/78A10/2017/206,Sikkim,North Sikkim, ,NH,27.686389,88.73875,,,,Dormant
SKM/EAS/78A08/2014/003,Sikkim, East Sikkim,Sirwani Landslide,Sirwani (On Singtam-Mangkha road ),27.23924,88.48416,,,,Reactivated
SKM/NS/78A04/2017/114,Sikkim,West Sikkim,Tharpu,SH,27.141944,88.180222,,,,Active
SKM/NS/78A04/2017/142,Sikkim,West Sikkim, ,SH,27.163472,88.143083,,,,Active
SKM/NS/78A03/2017/49,Sikkim,West Sikkim,Lower Melli,SH,27.320611,88.219611,,,,Active
SKM/NS/78A04/2017/127,Sikkim,West Sikkim,Lower Siktam,SH,27.121917,88.139472,,,,Active
SKM/SS/78A08/2015/245,Sikkim,South Sikkim, ,Pachekhani-Melli Road,27.098417,88.400167,,,,Active
SKM/WS/78A07/2015/345,Sikkim,West Sikkim, ,Legship-Rishi Road,27.254222,88.3005,,,,Active
SKM/ES/78A11/2015/408,Sikkim, East Sikkim, ,Changhu_Nathula Road,27.37075,88.679444,,,,Active
SKM/NS/78A10/2017/181,Sikkim,North Sikkim, ,NH,27.545694,88.636,,,,Active
SKM/SS/78A12/2015/149,Sikkim,South Sikkim, ,Singtam-Dikchu Road,27.228556,88.493889,,,,Active
SKM/SS/78A07/2015/337,Sikkim,South Sikkim, ,Lingmo village Road,27.311667,88.418611,,,,Suspended
SKM/NS/78A03/2017/41,Sikkim,West Sikkim,Radhu Basti,SH,27.260167,88.171889,,,,Active
SKM/ES/78A11/2015/123,Sikkim, East Sikkim, ,Machong-Rongli Road,27.252667,88.694194,,,,Active
SKM/NS/78A11/2015/11,Sikkim,North Sikkim, ,North Sikkim Highway,27.438139,88.527028,,,,Active
SK/WES/78A03/2014/02,Sikkim, West Sikkim,Tamabung slide,Tamabung (On Dharap-Nambu road),27.31892,88.16222,,,,Suspended
SKM/NS/78A11/2015/90,Sikkim,North Sikkim, ,Dikchu-Mangshila Road,27.448306,88.519667,,,,Active
SKM/ES/78A12/2015/131,Sikkim, East Sikkim, ,Rhenak-Kopchey Road,27.22075,88.699833,,,,Active
SKM/ES/78A11/2015/63,Sikkim, East Sikkim, ,North Sikkim Highway,27.381917,88.640333,,,,Active
SKM/SS/78A08/2015/227,Sikkim,South Sikkim, ,Namchi-Palum Road,27.134306,88.370528,,,,Suspended
SKM/ES/78A12/2015/133,Sikkim, East Sikkim, ,Rhenak Road,27.201278,88.665381,,,,Active
SKM/NS/78A10/2017/216,Sikkim,North Sikkim, ,NH,27.713944,88.557361,,,,Active
SKM/WS/78A08/2015/382,Sikkim,West Sikkim, ,Jorthang-Malbasey Road,27.129861,88.266222,,,,Active
SKM/ES/78A11/2015/154,Sikkim, East Sikkim, ,NH-31A,27.250556,88.53325,,,,Active
SK/WEST/78A07/2015/0235,Sikkim, West Sikkim, ,East of Mayong village,27.250222,88.301944,,,,Active
SKM/SS/78A07/2015/289,Sikkim,South Sikkim, ,Gangla village Road,27.26,88.381361,,,,Active
 ,Sikkim,East Sikkim,,,27.19558889,88.62802778,Debris,Slide,It is a new slide triggered in 18th – 19th October 2021.,Suspended
SK/EAST/78A12/2015/0221,Sikkim, East Sikkim, , Rangpo-Roathang Road,27.179056,88.533111,,,,Active
SKM/NS/78A11/2015/02,Sikkim,North Sikkim, ,North Sikkim Highway,27.374583,88.542333,,,,Dormant
SKM/ES/78A11/2015/403,Sikkim, East Sikkim, ,Changhu_Nathula Road,27.381556,88.691806,,,,Active
SKM/WS/78A08/2015/267,Sikkim,West Sikkim, ,Namchi-Assangthang Road,27.153306,88.3135,,,,Active
SKM/ES/78A12/2015/105,Sikkim, East Sikkim, ,Rangpo-Rorathang Road,27.190833,88.596889,,,,Active
SKM/ES/78A11/2015/60,Sikkim, East Sikkim, ,North Sikkim Highway,27.378611,88.631083,,,,Active
SKM/NS/78A03/2017/13,Sikkim,West Sikkim, ,SH,27.288167,88.102778,,,,Active
SKM/NS/78A04/2017/118,Sikkim,West Sikkim, ,SH,27.159361,88.09225,,,,Active
SKM/SS/78A08/2015/224,Sikkim,South Sikkim, ,Namchi-Palum Road,27.131444,88.386,,,,Suspended
SKM/SS/78A08/2015/260,Sikkim,South Sikkim, ,Melli-Sumbuk Road,27.097833,88.3785,,,,Active
SKM/WS/78A08/2015/316,Sikkim,West Sikkim, ,Melli-Jorethang Road,27.123889,88.319778,,,,Active
SKM/ES/78A12/2015/119,Sikkim, East Sikkim, ,Machong-Rongli Road,27.246194,88.625694,,,,Suspended
SKM/ES/78A11/2015/13,Sikkim, East Sikkim, ,-,27.214222,88.608361,,,,Active
SKM/NS/78A03/2017/33,Sikkim,West Sikkim,Lower Sapong,SH,27.27075,88.167417,,,,Active
SKM/SS/78A08/2015/261,Sikkim,South Sikkim, ,Melli-Sumbuk Road,27.101083,88.3615,,,,Active
SKM/ES/78A12/2015/121,Sikkim, East Sikkim, ,Machong-Rongli Road,27.235917,88.645167,,,,Active
SKM/SS/78A08/2015/188,Sikkim,South Sikkim, ,Temi village Road,27.2215,88.370667,,,,Suspended
 ,Sikkim,Gangtok,,,27.32633333,88.59544444,Debris,Slide,Reactivated in June;2022,Active
SKM/NS/78A03/2017/56,Sikkim,West Sikkim, ,SH,27.33325,88.213583,,,,Dormant
SKM/ES/78A11/2015/16,Sikkim, East Sikkim, ,-,27.246056,88.62575,,,,Active
SKM/SS/78A08/2015/240,Sikkim,South Sikkim, ,Pachekhani-Melli Road,27.102944,88.404667,,,,Active
SKM/SS/78A08/2015/197,Sikkim,South Sikkim, ,Namchi-Damthang Road,27.189222,88.391056,,,,Active
SKM/WS/78A08/2015/371,Sikkim,West Sikkim, ,Sangadorji-Bum Road,27.220778,88.279917,,,,Active
 ,Sikkim,North Sikkim,,,27.61936111,88.66131389,Rock,Slide,18.06.2021,Suspended
SKM/NS/78A10/2017/197,Sikkim,North Sikkim,Chungthang,NH,27.609056,88.652028,,,,Suspended
SKM/SS/78A08/2015/184,Sikkim,South Sikkim,Chemchey,Temi village Road,27.232639,88.378417,,,,Active
SKM/NS/78A03/2017/65,Sikkim,West Sikkim, ,SH,27.320111,88.177833,,,,Active
SKM/NS/78A15/2017/164,Sikkim, East Sikkim, ,SH,27.2615,88.788778,,,,Active
SKM/NS/78A11/2015/95,Sikkim,North Sikkim, ,North Sikkim Highway,27.480472,88.531194,,,,Active
SKM/WS/78A08/2015/389,Sikkim,West Sikkim, ,Tinktitam village Road,27.240639,88.306056,,,,Reactivated
SKM/NS/78A11/2015/91,Sikkim,North Sikkim, ,Dikchu-Mangshila Road,27.461694,88.523472,,,,Active
SKM/NS/78A03/2017/19,Sikkim,West Sikkim,Liching,SH,27.269556,88.137861,,,,Active
SKM/NS/78A11/2015/01,Sikkim,North Sikkim, ,North Sikkim Highway,27.375194,88.54275,,,,Active
SKM/NS/78A04/2017/122,Sikkim,West Sikkim, ,SH,27.128694,88.141639,,,,Active
SKM/NS/78A04/2017/99,Sikkim,West Sikkim, ,SH,27.167972,88.224778,,,,Active
SKM/ES/78A07/2015/48,Sikkim, East Sikkim,Makha,Singtam-Dikchu Road,27.330778,88.49225,,,,Active
SKM/NOR/78A11/2014/007,Sikkim,North Sikkim,Tanek Rockslide,Tanek (On North-Sikkim High Way),27.4097,88.54371,,,,Active
SKM/ES/78A11/2015/159,Sikkim, East Sikkim, ,NH-31A,27.292944,88.589417,,,,Active
SKM/SS/78A08/2015/247,Sikkim,South Sikkim, ,Pachekhani-Melli Road,27.101194,88.394611,,,,Active
SKM/SS/78A08/2015/194,Sikkim,South Sikkim, ,Namchi-Damthang Road,27.220972,88.397639,,,,Active
SKM/SS/78A08/2015/198,Sikkim,South Sikkim, ,Namchi-Damthang Road,27.169472,88.363778,,,,Suspended
SKM/SS/78A08/2015/309,Sikkim,South Sikkim, ,Melli-Phong Road,27.159194,88.444361,,,,Suspended
SK/WEST/78A07/2015/0230,Sikkim, West Sikkim, ,Pelling-Geizing Road,27.284278,88.265194,,,,Active
SKM/SS/78A07/2015/287,Sikkim,South Sikkim, ,Gangla village Road,27.273861,88.398722,,,,Active
SKM/SS/78A08/2015/242,Sikkim,South Sikkim, ,Pachekhani-Melli Road,27.1025,88.400778,,,,Active
SKM/NS/78A11/2015/79,Sikkim,North Sikkim, ,Gangtok-Chungthang Road,27.375139,88.542833,,,,Suspended
 ,Sikkim,East Sikkim,,,27.25061389,88.46280278,Debris,Slide,It is a new slide and appears that it occurred in the monsoon of 2021,Suspended
SKM/NS/78A03/2017/38,Sikkim,West Sikkim,Sangkhu,SH,27.255861,88.156139,,,,Active
SKM/NS/78A04/2017/108,Sikkim,West Sikkim,Lower Timburbung,SH,27.152722,88.190833,,,,Active
SKM/NS/78A03/2017/54,Sikkim,West Sikkim, ,SH,27.335,88.206722,,,,Active
 ,Sikkim,East Sikkim,,,27.34027222,88.61273333,Debris,Slide,Date of occurrence : 19.10.2021 around 6:00 pm,Suspended
SKM/WS/78A08/2015/384,Sikkim,West Sikkim, ,Sikkip-Wak-Namchi Road,27.200861,88.340861,,,,Active
SKM/NS/78A03/2017/77,Sikkim,West Sikkim,Rat Mathe,SH,27.259722,88.248972,,,,Active
SKM/SS/78A08/2015/56,Sikkim,South Sikkim, ,Phong-Bermiok Road,27.205,88.442122,,,,Suspended
SKM/ES/78A11/2015/127,Sikkim, East Sikkim, ,Machong-Rongli Road,27.256,88.706167,,,,Suspended
 ,Sikkim,East Sikkim,,,27.25252778,88.52777778,Debris,Slide,New slide initiated in the month of July 2021.,Suspended
SKM/SS/78A07/2015/330,Sikkim,South Sikkim, ,Robang-Tarku Road,27.270056,88.430139,,,,Suspended
SKM/NS/78A11/2015/82,Sikkim,North Sikkim, ,Dikchu-Mangshila Road,27.395556,88.517528,,,,Active
SKM/NS/78A04/2017/95,Sikkim,West Sikkim, ,SH,27.171083,88.245417,,,,Active
SK/ESK/78A11/2018/001,Sikkim,East Sikkim,Upper Syari; Deorali; Gangtok,Near Butter fly Chowk; Syari; Deorali; Gangtok,27.315833,88.606667,,,,Active
 ,Sikkim,East Sikkim,,,27.238515,88.48812389,Debris,Slide,Reactivated in May 2022.,Reactivated & Suspended
 ,Sikkim,East Sikkim,,,27.32320833,88.60986944,Debris,Slide,Date of occurrence : 19.10.2021 around 08:00 pm,Suspended
SKM/SS/78A07/2015/334,Sikkim,South Sikkim, ,Robang-Tarku Road,27.282,88.415028,,,,Active
SKM/NS/78A10/2017/219,Sikkim,North Sikkim, ,NH,27.703917,88.562306,,,,Active
SKM/SS/78A12/2015/174,Sikkim,South Sikkim, ,Namchi-Namthang Road,27.160722,88.505889,,,,Active
SKM/SS/78A07/2015/283,Sikkim,South Sikkim, ,Sangmo village Road,27.306861,88.368444,,,,Active
SKM/NS/78A11/2015/69,Sikkim,North Sikkim, ,North Sikkim Highway,27.412111,88.627083,,,,Active
SKM/NOR/78A11/2014/006,Sikkim,North Sikkim,Ambithang Landslide,Ambithang (On Rangrang-Mangan road ),27.48603,88.53269,,,,Active
SKM/SS/78A08/2015/238,Sikkim,South Sikkim, ,Tinktam-Rheyong Road,27.244472,88.350472,,,,Active
SKM/SS/78A08/2015/301,Sikkim,South Sikkim, ,Namchi-Jorthang Road,27.177056,88.402611,,,,Active
 ,Sikkim,East Sikkim,,,27.25333333,88.53194444,Rock,Slide,Slide initiated in the month of July 2020.,Suspended
SKM/ES/78A11/2015/407,Sikkim, East Sikkim, ,Changhu_Nathula Road,27.370861,88.683167,,,,Active
SKM/NS/78A03/2017/34,Sikkim,West Sikkim,Sangkhu,SH,27.254389,88.145306,,,,Active
SKM/SS/78A08/2015/216,Sikkim,South Sikkim, ,Sadam-Bhajyang Road,27.130056,88.412944,,,,Suspended
SKM/ES/78A11/2015/406,Sikkim, East Sikkim, ,Changhu_Nathula Road,27.370472,88.686417,,,,Active
SKM/ES/78A12/2015/37,Sikkim, East Sikkim, ,Rangpo-Rorathang Road,27.214806,88.588083,,,,Active
SKM/NS/78A03/2017/32,Sikkim,West Sikkim,Sapong,SH,27.270056,88.174444,,,,Active
SKM/SS/78A08/2015/360,Sikkim,South Sikkim, ,-,27.235861,88.433167,,,,Active
SKM/ES/78A11/2015/411,Sikkim, East Sikkim, ,Changhu_Nathula Road,27.381306,88.690444,,,,Active
 ,Sikkim,East Sikkim,,,27.36388889,88.62083333,Debris,Slide,New slide,Suspended
SKM/ES/78A11/2015/47,Sikkim, East Sikkim,Khamdong,-,27.315083,88.506056,,,,Active
SKM/WS/78A07/2015/346,Sikkim,West Sikkim, ,Legship-Rishi Road,27.25,88.301889,,,,Active
SKM/SS/78A08/2015/276,Sikkim,South Sikkim, ,Namchi-Namthang Road,27.158417,88.420139,,,,Active
 ,Sikkim,Soreng,,,27.190191,88.325507,Debris,Slide,It was old slide and reactivated in the month of November
2022.,Reactivated
SKM/NS/78A10/2017/192,Sikkim,North Sikkim, ,NH,27.553556,88.581222,,,,Active
 ,Sikkim,East Sikkim,,,27.32888889,88.60777778,Rock,Slide,New slide initiated on 18.05.2021.,At present dormant. Overhanging block present.
SKM/NS/78A03/2017/12,Sikkim,West Sikkim, ,SH,27.288444,88.102667,,,,Active
SKM/NS/78A15/2017/155,Sikkim, East Sikkim, ,SH,27.358583,88.840194,,,,Active
SKM/ES/78A12/2015/30,Sikkim, East Sikkim, ,-,27.23575,88.602389,,,,Active
SKM/WS/78A07/2015/363,Sikkim,West Sikkim, ,Legship-Mayong Road,27.257194,88.305444,,,,Active
SKM/NS/78A03/2017/20,Sikkim,West Sikkim,Sardong,SH,27.283639,88.189944,,,,Active
SKM/NS/78A03/2017/51,Sikkim,West Sikkim,13th Mile,SH,27.342,88.223722,,,,Active
SKM/NS/78A10/2017/210,Sikkim,North Sikkim, ,NH,27.74075,88.54525,,,,Active
 ,Sikkim,East Sikkim,,,27.35694444,88.61833333,Soil,Slide,Nil,Active
SKM/NS/78A10/2017/227,Sikkim,North Sikkim, ,NH,27.629944,88.619833,,,,Active
SKM/ES/78A12/2015/39,Sikkim, East Sikkim,Padamchey,Rangpo-Rorathang Road,27.19,88.564472,,,,Active
SKM/ES/78A08/2015/51,Sikkim, East Sikkim, ,Singtam-Dikchu Road,27.240861,88.486278,,,,Active
SKM/NS/78A10/2017/226,Sikkim,North Sikkim,Munshithang,NH,27.641139,88.612,,,,Active
 ,Sikkim,East Sikkim,,,27.22122778,88.735475,Debris,Slide,18-19 Oct; 2021,Active
SKM/SS/78A07/2015/341,Sikkim,South Sikkim, ,Lingmo village Road,27.369778,88.456833,,,,Active
 ,Sikkim,Namchi,,,27.11236111,88.32455556,Debris,Slide,Reactivated in August; 2022,Reactivated and Suspended
SKM/ES/78A11/2015/129,Sikkim, East Sikkim, ,Machong-Rongli Road,27.259833,88.711722,,,,Active
SKM/SS/78A08/2015/236,Sikkim,South Sikkim, ,Tinktam-Rheyong Road,27.237889,88.346444,,,,Active
SKM/SS/78A08/2015/230,Sikkim,South Sikkim, ,Namchi-Palum Road,27.145056,88.370778,,,,Suspended
SKM/SS/78A08/2015/178,Sikkim,South Sikkim, ,Namchi-Namthang Road,27.165586,88.488511,,,,Dormant
SKM/NS/78A04/2017/125,Sikkim,West Sikkim,Siktam,SH,27.124556,88.139778,,,,Active
 ,Sikkim,East Sikkim,,,27.38155556,88.63883333,Debris,Slide,New slide; active since September 2021,Active
SKM/NS/78A11/2015/85,Sikkim,North Sikkim, ,Dikchu-Mangshila Road,27.426,88.514,,,,Active
SK/EAST/78A12/2015/0220,Sikkim, East Sikkim, , Rangli-Roathang Road,27.188917,88.060472,,,,Active
 ,Sikkim,South Sikkim,,,27.28955556,88.37748333,Debris,Slide,may have occurred in the monsoon of 2020.,Dormant
SKM/NS/78A10/2017/169,Sikkim,North Sikkim,Lanthey Khola,NH,27.514972,88.565472,,,,Active
SKM/ES/78A11/2015/100,Sikkim, East Sikkim, ,Namok Road,27.329361,88.649278,,,,Active
SKM/NS/78A10/2017/213,Sikkim,North Sikkim,Chaten,NH,27.726083,88.54975,,,,Active
SKM/NS/78A10/2017/220,Sikkim,North Sikkim, ,NH,27.701333,88.565083,,,,Active
SKM/SS/78A08/2015/182,Sikkim,South Sikkim, ,Namchi-Namthang Road,27.174389,88.452028,,,,Active
SKM/NS/78A04/2017/136,Sikkim,West Sikkim,Ribdi,SH,27.172444,88.089528,,,,Active
SKM/ES/78A11/2015/417,Sikkim, East Sikkim, ,Changhu_Nathula Road,27.337194,88.621833,,,,Dormant
SKM/WS/78A07/2015/380,Sikkim,West Sikkim, ,-,27.293417,88.294917,,,,Active
SKM/SS/78A08/2015/181,Sikkim,South Sikkim, ,Namchi-Namthang Road,27.162111,88.491444,,,,Active
SKM/NS/78A04/2017/113,Sikkim,West Sikkim, ,SH,27.157361,88.171667,,,,Active
SKM/SS/78A08/2015/256,Sikkim,South Sikkim, ,Melli-Sumbuk Road,27.08275,88.434778,,,,Active
SKM/ES/78A11/2015/61,Sikkim, East Sikkim, ,North Sikkim Highway,27.381278,88.632611,,,,Dormant
SKM/NS/78A03/2017/27,Sikkim,West Sikkim,Sardong,SH,27.285,88.197583,,,,Active
SKM/ES/78A11/2015/398,Sikkim, East Sikkim, ,Changhu_Nathula Road,27.368278,88.711278,,,,Active
SKM/SS/78A08/2015/273,Sikkim,South Sikkim, ,Namchi-Namthang Road,27.158,88.347972,,,,Active
SKM/SS/78A08/2015/281,Sikkim,South Sikkim, ,Namchi-Namthang Road,27.163861,88.462306,,,,Active
SKM/NS/78A04/2017/02,Sikkim,West Sikkim,Upper Bega,SH,27.248833,88.117194,,,,Active
SKM/NS/78A10/2017/218,Sikkim,North Sikkim, ,NH,27.704028,88.56175,,,,Active
SKM/SS/78A08/2015/201,Sikkim,South Sikkim, ,Kholaghari village Road,27.221778,88.390861,,,,Active
SKM/NS/78A03/2017/78,Sikkim,West Sikkim, ,SH,27.258389,88.246611,,,,Active
SKM/NS/78A03/2017/35,Sikkim,West Sikkim,Sangkhu,SH,27.258889,88.145611,,,,Active
SKM/NS/78A04/2017/103,Sikkim,West Sikkim, ,SH,27.122472,88.227611,,,,Active
SKM/SS/78A08/2015/275,Sikkim,South Sikkim, ,Namchi-Namthang Road,27.162778,88.413222,,,,Active
SKM/ES/78A12/2015/28,Sikkim, East Sikkim,Taza,-,27.22975,88.619361,,,,Active
SKM/ES/78A12/2015/112,Sikkim, East Sikkim, ,Rorathang-Rongli Road,27.204556,88.647222,,,,Dormant
SKM/NS/78A11/2015/07,Sikkim,North Sikkim,Chawang,North Sikkim Highway,27.437889,88.601694,,,,Active
SKM/SS/78A08/2015/180,Sikkim,South Sikkim, ,Namchi-Namthang Road,27.165528,88.496556,,,,Active
SKM/SS/78A08/2015/250,Sikkim,South Sikkim, ,Pachekhani-Melli Road,27.105972,88.444556,,,,Active
 ,Sikkim,Pakyong,,,27.24883333,88.60191667,Debris,Slide,Date of occurrence: Latest reactivation 10thOctober 2022,Reactivated
SKM/NS/78A04/2017/72,Sikkim,West Sikkim,Upper Bermiok,SH,27.245028,88.226861,,,,Active
SKM/NS/78A11/2015/26,Sikkim,North Sikkim, ,North Sikkim Highway,27.417972,88.623361,,,,Active
 ,Sikkim,East Sikkim,,,27.32663889,88.61016667,Debris,Subsidence,Date of occurrence : 01.06.2021 at 10:30 am,Active
SKM/NS/78A03/2017/47,Sikkim,West Sikkim,Singdong,SH,27.30675,88.199083,,,,Active
SKM/NS/78A03/2017/04,Sikkim,West Sikkim,Kachapati,SH,27.27575,88.084972,,,,Active
SK/WEST/78A07/2015/0226,Sikkim, West Sikkim, ,Pelling-Geizing bypass Road,27.295194,88.250028,,,,Active
SKM/NS/78A10/2017/170,Sikkim,North Sikkim, ,NH,27.516444,88.587361,,,,Active
SKM/ES/78A08/2015/50,Sikkim, East Sikkim, ,Singtam-Dikchu Road,27.240194,88.486278,,,,Active
SKM/SS/78A08/2015/303,Sikkim,South Sikkim, ,Namthang-Kabrey Road,27.158583,88.466306,,,,Active
SKM/NS/78A10/2017/193,Sikkim,North Sikkim, ,NH,27.553583,88.577194,,,,Dormant
SK/ED/78A12/2017/01,Sikkim, East Sikkim,Pachey landslide near Pakyong Town,Pakyong-Machong Road near Pakyong,27.24144,88.60681,,,,Active
SKM/NS/78A04/2017/110,Sikkim,West Sikkim, ,SH,27.171639,88.159333,,,,Active
 ,Sikkim,Soreng,,,27.14871944,88.28128889,Debris,Slide,Reactivated on 20/11/2022,Reactivated
SKM/NS/78A11/2015/72,Sikkim,North Sikkim, ,North Sikkim Highway,27.429556,88.611667,,,,Active
SKM/SS/78A08/2015/259,Sikkim,South Sikkim, ,Melli-Sumbuk Road,27.090944,88.406833,,,,Active
SKM/NS/78A03/2017/46,Sikkim,West Sikkim,Singdong,SH,27.301972,88.218778,,,,Active
SKM/SS/78A08/2015/217,Sikkim,South Sikkim, ,Sadam-Bhajyang Road,27.133583,88.404583,,,,Active
SK/WEST/78A08/2015/0238,Sikkim, West Sikkim, ,South of Kamling,27.184806,88.316833,,,,Active
SKM/NS/78A11/2015/89,Sikkim,North Sikkim, ,Dikchu-Mangshila Road,27.441056,88.513694,,,,Suspended
SK/EAST/78A12/2015/0219,Sikkim, East Sikkim, ,Rangli-Roathang Road,27.191333,88.586528,,,,Active
SKM/NS/78A03/2017/61,Sikkim,West Sikkim, ,SH,27.317417,88.182861,,,,Active
SKM/SS/78A08/2015/258,Sikkim,South Sikkim, ,Melli-Sumbuk Road,27.090083,88.413139,,,,Active
SKM/SS/78A12/2015/171,Sikkim,South Sikkim, ,Namchi-Namthang Road,27.161306,88.512944,,,,Active
SKM/SS/78A07/2015/338,Sikkim,South Sikkim, ,Lingmo village Road,27.29975,88.419778,,,,Active
SK/EAST/78A12/2015/0216,Sikkim, East Sikkim, ,Rangpo-Roathang Road,27.206444,88.643361,,,,Active
SKM/NS/78A04/2017/126,Sikkim,West Sikkim, ,SH,27.122,88.139889,,,,Active
SKM/NS/78A04/2017/97,Sikkim,West Sikkim, ,SH,27.157806,88.230306,,,,Active
 ,Sikkim,Gyalshing District; Sikkim,,,27.26352778,88.19047222,Debris slide,Slide,Initiation of slide in March 2022,Active
SKM/SS/78A07/2015/190,Sikkim,South Sikkim, ,Ben village Road,27.251417,88.3845,,,,Suspended
SKM/ES/78A2/2015/169,Sikkim, East Sikkim, ,Namchi-Namthang Road,27.158972,88.514611,,,,Active
 ,Sikkim,East Sikkim,,,27.24297222,88.47055556,Debris,Slide,Reactivation : 15.06.2022,Reactivation : 15.06.2022
SKM/ES/78A12/2015/27,Sikkim, East Sikkim,Mamring,-,27.220889,88.652278,,,,Active
SKM/SS/78A07/2015/327,Sikkim,South Sikkim, ,-,27.257417,88.418889,,,,Active
SKM/SS/78A08/2015/299,Sikkim,South Sikkim, ,Namchi-Jorthang Road,27.176944,88.402056,,,,Suspended
SKM/NS/78A11/2015/71,Sikkim,North Sikkim, ,North Sikkim Highway,27.417389,88.621222,,,,Active
 ,Sikkim,Geyzing,,,27.19950556,88.32696111,Debris,Slide,Initiated in October;2020 and reactivated on 20th August;2022.,Reactivated
SKM/NS/78A10/2017/217,Sikkim,North Sikkim, ,NH,27.704306,88.560694,,,,Active
SKM/SS/78A07/2015/292,Sikkim,South Sikkim, ,Gangla village Road,27.287194,88.369444,,,,Suspended
SKM/ES/78A12/2015/32,Sikkim, East Sikkim, ,-,27.237694,88.598806,,,,Active
SKM/NS/78A15/2017/162,Sikkim, East Sikkim, ,SH,27.265389,88.788278,,,,Active
SKM/SS/78A08/2015/308,Sikkim,South Sikkim, ,Melli-Phong Road,27.165,88.444444,,,,Active
SK/EAST/78A12/2015/0213,Sikkim, East Sikkim, ,1.34 km northeast of Rhenok PTO,27.17925,88.65875,,,,Active
SKM/SS/78A08/2015/179,Sikkim,South Sikkim, ,Namchi-Namthang Road,27.162781,88.484864,,,,Active
SKM/WS/78A08/2015/370,Sikkim,West Sikkim, ,Sangadorji-Bum Road,27.220306,88.261861,,,,Active
SKM/WS/78A07/2015/357,Sikkim,West Sikkim, ,Dhupidara Road,27.379639,88.315361,,,,Active
 ,Sikkim,Gangtok District; Sikkim,,,27.39336667,88.52236944,Debris,Slide,Initiation  of  slide  in  2016.  Reactivated  in  2019  &  recent  episode  on 26th March 2023.,Reactivated
SKM/NS/78A15/2017/165,Sikkim, East Sikkim, ,SH,27.253528,88.786111,,,,Active
SKM/NS/78A04/2017/115,Sikkim,West Sikkim, ,SH,27.142028,88.172139,,,,Active
SKM/NS/78A04/2017/89,Sikkim,West Sikkim, ,SH,27.21875,88.233694,,,,Active
SKM/NS/78A04/2017/73,Sikkim,West Sikkim,Budha Bari,SH,27.247111,88.225222,,,,Active
SKM/SS/78A08/2015/207,Sikkim,South Sikkim, ,Kholaghari village Road,27.195722,88.387472,,,,Suspended
SKM/ES/78A12/2015/38,Sikkim, East Sikkim,Pamdambhasmey,Rangpo-Rorathang Road,27.203194,88.600278,,,,Active
 ,Sikkim,South Sikkim,,,27.16993889,88.51481944,Debris,Slide,No historical events.May have occurred in the mid of September 2021,Suspended
SKM/ES/78A12/2015/110,Sikkim, East Sikkim, ,Rorathang-Rongli Road,27.198856,88.638725,,,,Suspended
SKM/NS/78A03/2017/03,Sikkim,West Sikkim, ,SH,27.269917,88.077111,,,,Active
SKM/SS/78A08/2015/202,Sikkim,South Sikkim, ,Kholaghari village Road,27.21275,88.391444,,,,Active
 ,Sikkim,North Sikkim,,,27.54810833,88.60807778,Debris,Slide,From 2012 onwards,Stabilized
SKM/SS/78A08/2015/393,Sikkim,South Sikkim, ,Sikkip-Wak-Namchi Road,27.171139,88.354611,,,,Active
SKM/WS/78A07/2015/377,Sikkim,West Sikkim, ,Narkhola Road,27.399806,88.329139,,,,Active
SKM/SS/78A08/2015/295,Sikkim,South Sikkim, ,Namchi-Jorthang Road,27.175,88.385028,,,,Active
SKM/SS/78A07/2015/339,Sikkim,South Sikkim, ,Lingmo village Road,27.330917,88.450528,,,,Active
 ,Sikkim,North Sikkim,,,27.39472222,88.62361111,Debris,Slide,As per the Google imageries; the landslide has first occurred in 2018 and is again reactivated in July 2021,Reactivated
SKM/SS/78A08/2015/176,Sikkim,South Sikkim, ,Namchi-Namthang Road,27.154889,88.493194,,,,Dormant
SKM/WS/78A08/2015/391,Sikkim,West Sikkim, ,Tinktitam village Road,27.230583,88.306056,,,,Active
SK/WEST/78A07/2015/0229,Sikkim, West Sikkim, ,Geizing-ligship-Rishi Road,27.276306,88.255111,,,,Active
SKM/SS/78A08/2015/312,Sikkim,South Sikkim, ,Melli-Rabikhola Road,27.128694,88.442778,,,,Suspended
SKM/NS/78A11/2015/25,Sikkim,North Sikkim, ,North Sikkim Highway,27.417778,88.623389,,,,Active
SKM/ES/78A12/2015/21,Sikkim, East Sikkim, ,NH-31A,27.235778,88.506306,,,,Reactivated
SKM/NOR/78A10/2014/004,Sikkim,North Sikkim,Pakshek Landslide,Pakshek ( Mangan-Chungthang road on North highway),27.5091,88.53848,,,,Active
SKM/NS/78A03/2017/05,Sikkim,West Sikkim, ,SH,27.280889,88.084333,,,,Active
SKM/NS/78A03/2017/31,Sikkim,West Sikkim,Sapong,SH,27.269861,88.178139,,,,Active
 ,Sikkim,North Sikkim,,,27.68445278,88.7379,Debris,Slide,May have happened in the monsoon of 2021,Active
SKM/NS/78A11/2015/10,Sikkim,North Sikkim,Sheyam,North Sikkim Highway,27.436556,88.526639,,,,Active
SKM/ES/78A11/2015/161,Sikkim, East Sikkim, ,-,27.368194,88.711167,,,,Active
SKM/NS/78A04/2017/143,Sikkim,West Sikkim, ,SH,27.166278,88.144333,,,,Active
SKM/SS/78A08/2015/208,Sikkim,South Sikkim, ,Kholaghari village Road,27.20825,88.387667,,,,Active
SKM/NS/78A04/2017/135,Sikkim,West Sikkim,Bhoreng,SH,27.170833,88.086361,,,,Active
SKM/NOR/78A10/2014/005,Sikkim,North Sikkim,Lanthakhola,Lanthakhola (On Mangan to Chungthang road ),27.5152,88.56456,,,,Reactivated
SKM/NS/78A03/2017/30,Sikkim,West Sikkim,Lungzick,SH,27.27,88.179944,,,,Dormant
SKM/NS/78A10/2017/200,Sikkim,North Sikkim, ,NH,27.628083,88.685306,,,,Dormant
SKM/NS/78A03/2017/17,Sikkim,West Sikkim,Jhum Khola,SH,27.270667,88.142056,,,,Active
SKM/NS/78A15/2017/161,Sikkim, East Sikkim, ,SH,27.26525,88.789556,,,,Active
SKM/NS/78A10/2017/202,Sikkim,North Sikkim, ,NH,27.629361,88.695194,,,,Dormant
SKM/NS/78A04/2017/100,Sikkim,West Sikkim,Malbasley,SH,27.164472,88.213889,,,,Active
SKM/NS/78A04/2017/86,Sikkim,West Sikkim, ,SH,27.225556,88.240333,,,,Active
SKM/ES/78A07/2015/166,Sikkim, East Sikkim, ,Namchi-Namthang Road,27.370972,88.710111,,,,Active
SKM/NS/78A11/2015/23,Sikkim,North Sikkim, ,North Sikkim Highway,27.417444,88.621083,,,,Active
SKM/NS/78A03/2017/40,Sikkim,West Sikkim, ,SH,27.256556,88.148722,,,,Active
SKM/WS/78A08/2015/265,Sikkim,West Sikkim, ,Namchi-Assangthang Road,27.145444,88.305694,,,,Active
SKM/SS/78A07/2015/333,Sikkim,South Sikkim, ,Robang-Tarku Road,27.303083,88.433167,,,,Active
SKM/SS/78A08/2015/185,Sikkim,South Sikkim, ,Temi village Road,27.229417,88.378444,,,,Active
SKM/NS/78A03/2017/59,Sikkim,West Sikkim, ,SH,27.324944,88.213861,,,,Active
SKM/SS/78A08/2015/253,Sikkim,South Sikkim, ,Pachekhani-Melli Road,27.093278,88.457444,,,,Active
SKM/NS/78A03/2017/53,Sikkim,West Sikkim,Tadong,SH,27.333333,88.212972,,,,Dormant
SKM/ES/78A11/2015/66,Sikkim, East Sikkim, ,North Sikkim Highway,27.395444,88.623583,,,,Active
SKM/NS/78A03/2017/09,Sikkim,West Sikkim,Sarkitar,SH,27.282667,88.108278,,,,Active
SK/EAST/78A12/2015/0213,Sikkim, East Sikkim, ,1.34 km Northeast of Rhenok PTO,27.17925,88.65875,,,,Active
SKM/WS/78A08/2015/373,Sikkim,West Sikkim, ,Sangadorji-Bum Road,27.220472,88.281028,,,,Active
SKM/SS/78A12/2015/173,Sikkim,South Sikkim, ,Namchi-Namthang Road,27.161917,88.509639,,,,Active
SKM/WS/78A08/2015/378,Sikkim,West Sikkim, ,-,27.181222,88.309528,,,,Active
SKM/NS/78A03/2017/80,Sikkim,West Sikkim, ,SH,27.2195,88.210222,,,,Active
SKM/NS/78A03/2017/48,Sikkim,West Sikkim,Rimbi,SH,27.313722,88.189917,,,,Active
SKM/ES/78A11/2015/404,Sikkim, East Sikkim, ,Changhu_Nathula Road,27.372278,88.688944,,,,Active
SKM/NS/78A03/2017/82,Sikkim,West Sikkim,Barakheley Dara,SH,27.185944,88.197944,,,,Active
SKM/SS/78A08/2015/220,Sikkim,South Sikkim, ,Sadam-Bhajyang Road,27.135833,88.391111,,,,Active
SKM/SS/78A08/2015/175,Sikkim,South Sikkim, ,Namchi-Namthang Road,27.153528,88.494389,,,,Dormant
SKM/NS/78A04/2017/87,Sikkim,West Sikkim,Rishi,SH,27.220806,88.237361,,,,Active
SKM/NS/78A04/2017/98,Sikkim,West Sikkim, ,SH,27.156944,88.230778,,,,Active
SKM/ES/78A11/2015/158,Sikkim, East Sikkim, ,NH-31A,27.262583,88.562389,,,,Active
SKM/NS/78A03/2017/107,Sikkim,West Sikkim, ,SH,27.304028,88.178806,,,,Active
SKM/NS/78A10/2017/204,Sikkim,North Sikkim, ,NH,27.638694,88.711694,,,,Active
SKM/ES/78A12/2015/116,Sikkim, East Sikkim, ,Rorathang-Rongli Road,27.207264,88.672817,,,,Active
 ,Sikkim,East Sikkim,,,27.35861111,88.62027778,Debris,Slide,New Slide.,Active
SKM/ES/78A12/2015/29,Sikkim, East Sikkim, ,-,27.235694,88.6025,,,,Active
SKM/NS/78A04/2017/129,Sikkim,West Sikkim, ,SH,27.121611,88.145528,,,,Active
SKM/SS/78A08/2015/199,Sikkim,South Sikkim, ,Kholaghari village Road,27.220917,88.385083,,,,Active
SKM/NS/78A03/2017/08,Sikkim,West Sikkim, ,SH,27.283194,88.106667,,,,Active
SKM/ES/78A12/2015/120,Sikkim, East Sikkim, ,Machong-Rongli Road,27.233417,88.634806,,,,Active
SKM/NS/78A04/2017/101,Sikkim,West Sikkim, ,SH,27.141,88.211194,,,,Active
SK/ESK/78A11/2018/000,Sikkim,East Sikkim,1st BN Sikkim Scouts and the road stretch (JNM axis) ahead of MS8,State Highway; near 8th Mile,27.370278,88.673611,,,,Active
SKM/NS/78A15/2017/159,Sikkim, East Sikkim,Lungthang,SH,27.279972,88.804278,,,,Active
SKM/NS/78A03/2017/42,Sikkim,West Sikkim,Hee Pool,SH,27.252139,88.176944,,,,Active
SKM/NS/78A03/2017/60,Sikkim,West Sikkim, ,SH,27.345028,88.246639,,,,Active
SKM/SS/78A08/2015/386,Sikkim,South Sikkim, ,Sikkip-Wak-Namchi Road,27.200389,88.3545,,,,Active
SKM/NS/78A10/2017/185,Sikkim,North Sikkim, ,NH,27.552528,88.653528,,,,Active
SKM/WS/78A07/2015/354,Sikkim,West Sikkim, ,Dhupidara Road,27.393139,88.310139,,,,Suspended
SKM/SS/78A07/2015/332,Sikkim,South Sikkim, ,Robang-Tarku Road,27.279889,88.436472,,,,Active
SKM/EAS/78A12/2014/002,Sikkim, East Sikkim,6 km from Martam,0.5 km before Sikkim Supreme (On NH-31A),27.23772,88.51384,,,,Active
 ,Sikkim,East district; Sikkim,,,27.3699335,88.4859279,Debris cum rock,Slide,23.08.2021,Active
SKM/NS/78A04/2017/134,Sikkim,West Sikkim, ,SH,27.158222,88.100361,,,,Active
SKM/NS/78A03/2017/83,Sikkim,West Sikkim, ,SH,27.185972,88.205833,,,,Active
SKM/NS/78A11/2015/73,Sikkim,North Sikkim, ,North Sikkim Highway,27.437444,88.613972,,,,Active
SKM/NS/78A03/2017/14,Sikkim,West Sikkim, ,SH,27.29525,88.102694,,,,Active
SKM/WS/78A07/2015/355,Sikkim,West Sikkim, ,Dhupidara Road,27.389222,88.310972,,,,Active
SK/EAS/78A11/2014/01,Sikkim, East Sikkim,Dhankutey dhara Slide,3km away from Rumtek on Rumtek - Martam road.,27.28408,88.54611,,,,Dormant
 ,Sikkim,North Sikkim,,,27.51473889,88.57758889,Rock,Shallow Planar slide,Date not available,Suspended
SKM/SS/78A08/2015/234,Sikkim,South Sikkim, ,Namchi-Palum Road,27.159972,88.379083,,,,Suspended
SKM/SS/78A08/2015/219,Sikkim,South Sikkim, ,Sadam-Bhajyang Road,27.137694,88.401556,,,,Active
SKM/SS/78A12/2015/147,Sikkim,South Sikkim, ,NH-31A,27.223833,88.491833,,,,Active
SKM/WS/78A08/2015/268,Sikkim,West Sikkim, ,Namchi-Assangthang Road,27.159639,88.318889,,,,Active
SKM/NS/78A11/2015/12,Sikkim,North Sikkim, ,North Sikkim Highway,27.438778,88.527444,,,,Active
SKM/SS/78A08/2015/313,Sikkim,South Sikkim, ,Melli-Rabikhola Road,27.129,88.441361,,,,Suspended
SKM/NS/78A11/2015/76,Sikkim,North Sikkim, ,North Sikkim Highway,27.40825,88.571167,,,,Active
SK/WEST/78A08/2015/0237,Sikkim, West Sikkim, ,1.05km southeast of Rishi PS,27.217944,88.318083,,,,Active
SKM/SS/78A08/2015/218,Sikkim,South Sikkim, ,Sadam-Bhajyang Road,27.134389,88.40425,,,,Active
SK/EAST/78A12/2015/0215,Sikkim, East Sikkim, ,Rhenock Rongli Road,27.198861,88.6605,,,,Active
SKM/NS/78A03/2017/36,Sikkim,West Sikkim,Sangkhu,SH,27.258556,88.147028,,,,Active
 ,Sikkim,East Sikkim,,,27.25352778,88.60377778,Rock cum debris,Slide,As per the temporal Google imageries; there is historic evidence of this landslide from September; 2020 onwards and the slide during heavy rainfall on 18-19 October 2021.,Active
SKM/WS/78A08/2015/318,Sikkim,West Sikkim, ,Melli-Jorethang Road,27.127194,88.308306,,,,Active
SKM/NS/78A11/2015/88,Sikkim,North Sikkim, ,Dikchu-Mangshila Road,27.438389,88.514389,,,,Active
SKM/NS/78A10/2017/228,Sikkim,North Sikkim, ,NH,27.621806,88.618694,,,,Active
SKM/WS/78A08/2015/392,Sikkim,West Sikkim, ,Tinktitam village Road,27.226556,88.308861,,,,Active
SK/EAST/78A12/2015/0222,Sikkim, East Sikkim, ,Rangpo-Tista bridge Road,27.1585,88.529,,,,Active
SKM/SS/78A08/2015/215,Sikkim,South Sikkim, ,Sadam-Bhajyang Road,27.153083,88.412056,,,,Active
SKM/ES/78A11/2015/412,Sikkim, East Sikkim, ,Changhu_Nathula Road,27.341444,88.626194,,,,Active
 ,Sikkim,East Sikkim,,,27.27458333,88.55002778,Debris,Slide,New slide initiated on 18-19 October 2021.,Suspended
 ,Sikkim,North Sikkim,,,27.54975833,88.57530833,Rock cum debris,Slide,From 2020 onwards,Suspended
SKM/NS/78A04/2017/116,Sikkim,West Sikkim, ,SH,27.157861,88.090194,,,,Active
SKM/SS/78A08/2015/232,Sikkim,South Sikkim, ,Namchi-Palum Road,27.152861,88.390361,,,,Active
SKM/SS/78A12/2015/150,Sikkim,South Sikkim, ,Singtam-Dikchu Road,27.23575,88.506472,,,,Active
SKM/ES/78A12/2015/114,Sikkim, East Sikkim, ,Rorathang-Rongli Road,27.203869,88.658333,,,,Active
SKM/NS/78A04/2017/92,Sikkim,West Sikkim, ,SH,27.217667,88.234639,,,,Active
SKM/NS/78A04/2017/130,Sikkim,West Sikkim, ,SH,27.1205,88.152722,,,,Active
SKM/SS/78A08/2015/282,Sikkim,South Sikkim, ,Namchi-Namthang Road,27.163556,88.458833,,,,Active
SKM/NS/78A04/2017/131,Sikkim,West Sikkim, ,SH,27.121444,88.153417,,,,Active
SKM/NS/78A11/2015/04,Sikkim,North Sikkim,Kabi,North Sikkim Highway,27.3955,88.623556,,,,Active
SKM/ES/78A11/2015/139,Sikkim, East Sikkim, ,Changhu_Nathula Road,27.375833,88.726722,,,,Active
SKM/ES/78A08/2015/52,Sikkim, East Sikkim, ,-,27.240556,88.48025,,,,Active
SKM/NS/78A11/2015/92,Sikkim,North Sikkim, ,North Sikkim Highway,27.4795,88.528472,,,,Active
SKM/NS/78A10/2017/215,Sikkim,North Sikkim, ,NH,27.723611,88.550472,,,,Active
SKM/NS/78A04/2017/91,Sikkim,West Sikkim, ,SH,27.217667,88.233472,,,,Active
SKM/ES/78A11/2015/45,Sikkim, East Sikkim,Lingdum,Lingdum Road,27.316944,88.560056,,,,Active
SKM/NS/78A03/2017/81,Sikkim,West Sikkim,Phuchenbong,SH,27.197111,88.208722,,,,Active
SKM/NS/78A10/2017/224,Sikkim,North Sikkim,Rabom,NH,27.662444,88.602556,,,,Active
SKM/WS/78A08/2015/367,Sikkim,West Sikkim, ,Kaluk-Rinchenpong Road,27.216722,88.274639,,,,Active
SKM/ES/78A12/2015/101,Sikkim, East Sikkim, ,Rangpo-Rorathang Road,27.178889,88.533097,,,,Active
SKM/NS/78A10/2017/175,Sikkim,North Sikkim, ,NH,27.527194,88.603222,,,,Active
SK/NSK/78A11/2018/002,Sikkim,North Sikkim,Kabi Landslide,State Highway; 4 km before Kabi village,27.393056,88.635278,,,,Active
SKM/SS/78A08/2015/189,Sikkim,South Sikkim, ,Temi village Road,27.221444,88.376167,,,,Suspended
SKM/ES/78A12/2015/162,Sikkim, East Sikkim, ,Namchi-Namthang Road,27.156806,88.5225,,,,Suspended
SKM/SS/78A08/2015/300,Sikkim,South Sikkim, ,Namchi-Jorthang Road,27.175778,88.402417,,,,Active
SKM/SS/78A08/2015/297,Sikkim,South Sikkim, ,Namchi-Jorthang Road,27.172444,88.386972,,,,Active
SKM/ES/78A12/2015/108,Sikkim, East Sikkim, ,Rorathang-Rongli Road,27.195083,88.631992,,,,Dormant
SKM/NS/78A10/2017/195,Sikkim,North Sikkim, ,NH,27.545861,88.585194,,,,Active
SKM/SS/78A08/2015/225,Sikkim,South Sikkim, ,Namchi-Palum Road,27.125528,88.384556,,,,Suspended
SKM/NS/78A03/2017/84,Sikkim,West Sikkim, ,SH,27.186611,88.206278,,,,Active
SKM/WS/78A08/2015/387,Sikkim,West Sikkim, ,Tinktitam village Road,27.239972,88.332778,,,,Dormant
SKM/ES/78A11/2015/156,Sikkim, East Sikkim, ,NH-31A,27.257972,88.548861,,,,Active
SKM/NS/78A04/2017/69,Sikkim,West Sikkim, ,SH,27.236889,88.235917,,,,Active
SKM/WS/78A08/2015/372,Sikkim,West Sikkim, ,Sangadorji-Bum Road,27.222917,88.281972,,,,Active
SKM/NS/78A04/2017/90,Sikkim,West Sikkim, ,SH,27.218278,88.232472,,,,Active
SKM/SS/78A07/2015/288,Sikkim,South Sikkim, ,Gangla village Road,27.276167,88.398722,,,,Active
SKM/NS/78A11/2015/93,Sikkim,North Sikkim, ,North Sikkim Highway,27.482583,88.52875,,,,Active
SKM/ES/78A2/2015/168,Sikkim, East Sikkim, ,Namchi-Namthang Road,27.158111,88.512472,,,,Active
SKM/NS/78A03/2017/76,Sikkim,West Sikkim, ,SH,27.258306,88.245306,,,,Active
SKM/WS/78A07/2015/356,Sikkim,West Sikkim, ,Dhupidara Road,27.383611,88.305806,,,,Active
SKM/SS/78A08/2015/204,Sikkim,South Sikkim, ,Kholaghari village Road,27.216639,88.392361,,,,Active
SKM/NS/78A03/2017/11,Sikkim,West Sikkim, ,SH,27.287361,88.102611,,,,Active
SKM/NS/78A04/2017/137,Sikkim,West Sikkim, ,SH,27.172083,88.090333,,,,Active
SKM/SS/78A08/2015/186,Sikkim,South Sikkim, ,Temi village Road,27.225083,88.373333,,,,Active
 ,Sikkim,Namchi,,,27.28847,88.30139,Debris,Slide,Date  of  occurrence:  10.07.2022.  Initiated  on  around  8:30
am and complete failure by10:00 am.,Active
SKM/ES/78A11/2015/18,Sikkim, East Sikkim, ,NH-31A,27.259694,88.550417,,,,Active
SKM/WS/78A08/2015/271,Sikkim,West Sikkim, ,Namchi-Assangthang Road,27.158139,88.344806,,,,Active
SKM/SS/78A08/2015/228,Sikkim,South Sikkim, ,Namchi-Palum Road,27.139944,88.368167,,,,Suspended
SKM/NS/78A04/2017/94,Sikkim,West Sikkim, ,SH,27.227528,88.219639,,,,Dormant
SKM/NS/78A15/2017/158,Sikkim, East Sikkim, ,SH,27.288667,88.816111,,,,Active
SKM/ES/78A12/2015/118,Sikkim, East Sikkim, ,Rorathang-Rongli Road,27.206653,88.679953,,,,Active
SKM/SS/78A08/2015/210,Sikkim,South Sikkim, ,Namchi-Namthang Road,27.172333,88.381444,,,,Active
SKM/NS/78A10/2017/205,Sikkim,North Sikkim, ,NH,27.675778,88.733417,,,,Active
SKM/ES/78A11/2015/62,Sikkim, East Sikkim, ,North Sikkim Highway,27.383806,88.633083,,,,Dormant
SKM/SS/78A08/2015/396,Sikkim,South Sikkim, ,Sikkip-Wak-Namchi Road,27.164528,88.348472,,,,Active
SKM/NS/78A04/2017/44,Sikkim,West Sikkim, ,SH,27.246944,88.184833,,,,Active
SKM/NS/78A04/2017/104,Sikkim,West Sikkim, ,SH,27.121611,88.237,,,,Active
SKM/SS/78A08/2015/183,Sikkim,South Sikkim, ,Namchi-Namthang Road,27.165833,88.436667,,,,Active
SKM/NS/78A15/2017/144,Sikkim, East Sikkim,Changu,SH,27.376861,88.766167,,,,Active
SKM/NS/78A11/2015/75,Sikkim,North Sikkim, ,North Sikkim Highway,27.426361,88.583028,,,,Active
SKM/ES/78A11/2015/15,Sikkim, East Sikkim, ,-,27.257083,88.65975,,,,Active
SKM/ES/78A11/2015/160,Sikkim, East Sikkim, ,-,27.369333,88.714917,,,,Dormant
SKM/WS/78A07/2015/344,Sikkim,West Sikkim, ,Legship-Rishi Road,27.26175,88.2945,,,,Active
SKM/NS/78A15/2017/157,Sikkim, East Sikkim,Nathang Valley,SH,27.292583,88.820417,,,,Active
 ,Sikkim,East Sikkim,,,27.2533846,88.5489504,Debris,Flows,Date of Reactivation: 22.08.2021.,Reactivated
SKM/SS/78A08/2015/325,Sikkim,South Sikkim, ,Namchi-Kitam Road,27.137667,88.342694,,,,Active
